== ID ==,== Velocity (km/h) ==,== Current route ==,== Distance traveled (m) ==,== Destination ==,== Distance to destination (m) ==,== Type ==,== Battery level (%) ==,== Timestamp ==
ev1,0.0,E165,0.0,E103,1403.03,evehicle,50.0,2026-01-01 00:00:00.500000
ev1,3.82,E165,0.53,joulesC,1896.65,evehicle,50.0,2026-01-01 00:00:01
ev1,7.81,E165,1.62,joulesC,1895.56,evehicle,50.0,2026-01-01 00:00:01.500000
ev1,11.16,E165,3.17,joulesC,1894.01,evehicle,50.0,2026-01-01 00:00:02
ev1,15.84,E165,5.37,joulesC,1891.81,evehicle,49.97,2026-01-01 00:00:02.500000
ev1,19.84,E165,8.12,joulesC,1889.06,evehicle,49.97,2026-01-01 00:00:03
ev1,24.16,E165,11.48,joulesC,1885.7,evehicle,49.97,2026-01-01 00:00:03.500000
ev1,27.04,E165,15.23,joulesC,1881.95,evehicle,49.94,2026-01-01 00:00:04
ev1,29.88,E165,19.38,joulesC,1877.8,evehicle,49.94,2026-01-01 00:00:04.500000
ev1,33.41,E165,24.02,joulesC,1873.16,evehicle,49.94,2026-01-01 00:00:05
ev1,37.15,E165,29.18,joulesC,1868.0,evehicle,49.91,2026-01-01 00:00:05.500000
ev1,41.54,E165,34.95,joulesC,1862.23,evehicle,49.89,2026-01-01 00:00:06
ev1,46.01,E165,41.34,joulesC,1855.84,evehicle,49.86,2026-01-01 00:00:06.500000
ev1,49.79,E165,48.26,joulesC,1848.92,evehicle,49.86,2026-01-01 00:00:07
ev1,53.68,E165,55.71,joulesC,1841.47,evehicle,49.83,2026-01-01 00:00:07.500000
ev1,57.42,E165,63.69,joulesC,1833.49,evehicle,49.8,2026-01-01 00:00:08
ev1,60.55,E165,72.1,joulesC,1825.08,evehicle,49.77,2026-01-01 00:00:08.500000
ev1,63.54,E165,80.92,joulesC,1816.26,evehicle,49.74,2026-01-01 00:00:09
ev1,67.07,E165,90.24,joulesC,1806.94,evehicle,49.71,2026-01-01 00:00:09.500000
ev1,69.8,E165,99.93,joulesC,1797.25,evehicle,49.69,2026-01-01 00:00:10
ev1,72.54,E165,110.01,joulesC,1787.17,evehicle,49.66,2026-01-01 00:00:10.500000
ev1,75.53,E165,120.5,joulesC,1776.68,evehicle,49.63,2026-01-01 00:00:11
ev1,80.14,E165,131.63,joulesC,1765.55,evehicle,49.57,2026-01-01 00:00:11.500000
ev1,83.16,E165,143.18,joulesC,1754.0,evehicle,49.54,2026-01-01 00:00:12
ev1,85.93,E165,155.11,joulesC,1742.07,evehicle,49.51,2026-01-01 00:00:12.500000
ev1,90.18,E165,167.64,joulesC,1729.54,evehicle,49.46,2026-01-01 00:00:13
ev1,93.53,E165,180.63,joulesC,1716.55,evehicle,49.43,2026-01-01 00:00:13.500000
ev1,95.94,E165,193.95,joulesC,1703.23,evehicle,49.4,2026-01-01 00:00:14
ev1,99.9,E165,207.83,joulesC,1689.35,evehicle,49.34,2026-01-01 00:00:14.500000
ev1,103.25,E165,222.17,joulesC,1675.01,evehicle,49.29,2026-01-01 00:00:15
ev1,107.82,E165,237.14,joulesC,1660.04,evehicle,49.23,2026-01-01 00:00:15.500000
ev1,111.28,E165,252.6,joulesC,1644.58,evehicle,49.17,2026-01-01 00:00:16
ev1,111.46,E165,268.08,joulesC,1629.1,evehicle,49.17,2026-01-01 00:00:16.500000
ev1,111.78,E165,283.6,joulesC,1613.58,evehicle,49.14,2026-01-01 00:00:17
ev1,113.76,E61,299.4,joulesC,1597.78,evehicle,49.11,2026-01-01 00:00:17.500000
ev1,113.33,E61,315.14,joulesC,1582.04,evehicle,49.11,2026-01-01 00:00:18
ev1,111.46,E61,330.62,joulesC,1566.56,evehicle,49.11,2026-01-01 00:00:18.500000
ev1,113.29,E61,346.36,joulesC,1550.82,evehicle,49.09,2026-01-01 00:00:19
ev1,111.64,E61,361.87,joulesC,1535.31,evehicle,49.11,2026-01-01 00:00:19.500000
ev1,113.44,E61,377.62,joulesC,1519.56,evehicle,49.09,2026-01-01 00:00:20
ev1,113.51,:J76_9,377.62,joulesC,1519.56,evehicle,49.06,2026-01-01 00:00:20.500000
ev1,113.26,arquimedes,409.12,joulesC,1488.06,evehicle,49.06,2026-01-01 00:00:21
ev1,112.03,arquimedes,424.67,joulesC,1472.51,evehicle,49.06,2026-01-01 00:00:21.500000
ev1,112.07,arquimedes,440.24,joulesC,1456.94,evehicle,49.06,2026-01-01 00:00:22
ev1,113.26,arquimedes,455.97,joulesC,1441.21,evehicle,49.03,2026-01-01 00:00:22.500000
ev1,111.96,arquimedes,471.52,joulesC,1425.66,evehicle,49.03,2026-01-01 00:00:23
ev1,112.25,arquimedes,487.11,joulesC,1410.07,evehicle,49.03,2026-01-01 00:00:23.500000
ev1,112.79,arquimedes,502.77,joulesC,1394.41,evehicle,49.0,2026-01-01 00:00:24
ev1,112.39,arquimedes,518.39,joulesC,1378.79,evehicle,49.0,2026-01-01 00:00:24.500000
ev1,112.03,arquimedes,533.95,joulesC,1363.23,evehicle,49.0,2026-01-01 00:00:25
ev1,112.79,arquimedes,549.61,joulesC,1347.57,evehicle,48.97,2026-01-01 00:00:25.500000
ev1,111.46,arquimedes,565.1,joulesC,1332.08,evehicle,49.0,2026-01-01 00:00:26
ev1,111.78,arquimedes,580.62,joulesC,1316.56,evehicle,48.97,2026-01-01 00:00:26.500000
ev1,112.0,:J73_11,580.62,joulesC,1316.56,evehicle,48.97,2026-01-01 00:00:27
ev1,111.96,watt,611.73,joulesC,1285.61,evehicle,48.94,2026-01-01 00:00:27.500000
ev1,112.21,watt,627.31,joulesC,1270.03,evehicle,48.94,2026-01-01 00:00:28
ev1,113.0,watt,643.01,joulesC,1254.33,evehicle,48.91,2026-01-01 00:00:28.500000
ev1,113.69,watt,658.8,joulesC,1238.54,evehicle,48.89,2026-01-01 00:00:29
ev1,112.61,watt,674.43,joulesC,1222.91,evehicle,48.91,2026-01-01 00:00:29.500000
ev1,112.97,watt,690.13,joulesC,1207.21,evehicle,48.89,2026-01-01 00:00:30
ev1,111.56,watt,705.62,joulesC,1191.72,evehicle,48.89,2026-01-01 00:00:30.500000
ev1,112.28,watt,721.22,joulesC,1176.12,evehicle,48.89,2026-01-01 00:00:31
ev1,112.5,watt,736.84,joulesC,1160.5,evehicle,48.86,2026-01-01 00:00:31.500000
ev1,113.11,watt,752.55,joulesC,1144.79,evehicle,48.86,2026-01-01 00:00:32
ev1,111.53,watt,768.04,joulesC,1129.3,evehicle,48.86,2026-01-01 00:00:32.500000
ev1,111.56,watt,783.54,joulesC,1113.8,evehicle,48.86,2026-01-01 00:00:33
ev1,112.57,watt,799.18,joulesC,1098.16,evehicle,48.83,2026-01-01 00:00:33.500000
ev1,113.4,watt,814.93,joulesC,1082.41,evehicle,48.8,2026-01-01 00:00:34
ev1,111.85,watt,830.46,joulesC,1066.88,evehicle,48.83,2026-01-01 00:00:34.500000
ev1,112.86,watt,846.14,joulesC,1051.2,evehicle,48.8,2026-01-01 00:00:35
ev1,112.5,watt,861.77,joulesC,1035.57,evehicle,48.8,2026-01-01 00:00:35.500000
ev1,112.39,watt,877.38,joulesC,1019.96,evehicle,48.8,2026-01-01 00:00:36
ev1,111.92,:J74_12,877.38,joulesC,1019.96,evehicle,48.77,2026-01-01 00:00:36.500000
ev1,112.9,ohm,908.61,joulesC,988.89,evehicle,48.77,2026-01-01 00:00:37
ev1,113.51,ohm,924.37,joulesC,973.13,evehicle,48.74,2026-01-01 00:00:37.500000
ev1,111.78,ohm,939.9,joulesC,957.6,evehicle,48.74,2026-01-01 00:00:38
ev1,111.49,ohm,955.39,joulesC,942.11,evehicle,48.74,2026-01-01 00:00:38.500000
ev1,111.67,ohm,970.89,joulesC,926.61,evehicle,48.74,2026-01-01 00:00:39
ev1,111.74,ohm,986.42,joulesC,911.08,evehicle,48.71,2026-01-01 00:00:39.500000
ev1,103.64,ohm,1000.81,joulesC,896.69,evehicle,48.83,2026-01-01 00:00:40
ev1,96.7,ohm,1014.24,joulesC,883.26,evehicle,48.89,2026-01-01 00:00:40.500000
ev1,88.63,ohm,1026.55,joulesC,870.95,evehicle,48.97,2026-01-01 00:00:41
ev1,80.53,ohm,1037.74,joulesC,859.76,evehicle,49.03,2026-01-01 00:00:41.500000
ev1,72.43,ohm,1047.79,joulesC,849.71,evehicle,49.11,2026-01-01 00:00:42
ev1,64.33,ohm,1056.73,joulesC,840.77,evehicle,49.17,2026-01-01 00:00:42.500000
ev1,56.23,ohm,1064.54,joulesC,832.96,evehicle,49.23,2026-01-01 00:00:43
ev1,48.13,ohm,1071.22,joulesC,826.28,evehicle,49.26,2026-01-01 00:00:43.500000
ev1,40.82,ohm,1076.89,joulesC,820.61,evehicle,49.29,2026-01-01 00:00:44
ev1,32.87,ohm,1081.46,joulesC,816.04,evehicle,49.34,2026-01-01 00:00:44.500000
ev1,25.27,ohm,1084.97,joulesC,812.53,evehicle,49.34,2026-01-01 00:00:45
ev1,29.95,:J75_12,1084.97,joulesC,812.53,evehicle,49.34,2026-01-01 00:00:45.500000
ev1,32.36,:J75_14,1084.97,joulesC,812.53,evehicle,49.31,2026-01-01 00:00:46
ev1,32.94,:J75_14,1084.97,joulesC,812.53,evehicle,49.31,2026-01-01 00:00:46.500000
ev1,33.37,:J75_14,1084.97,joulesC,812.53,evehicle,49.31,2026-01-01 00:00:47
ev1,32.11,-E111,1107.3,joulesC,782.34,evehicle,49.31,2026-01-01 00:00:47.500000
ev1,34.81,-E111,1112.13,joulesC,777.51,evehicle,49.31,2026-01-01 00:00:48
ev1,37.87,-E111,1117.39,joulesC,772.25,evehicle,49.29,2026-01-01 00:00:48.500000
ev1,41.26,-E111,1123.12,joulesC,766.52,evehicle,49.29,2026-01-01 00:00:49
ev1,43.96,-E111,1129.23,joulesC,760.41,evehicle,49.26,2026-01-01 00:00:49.500000
ev1,44.64,-E111,1135.42,joulesC,754.22,evehicle,49.26,2026-01-01 00:00:50
ev1,37.73,-E111,1140.66,joulesC,748.98,evehicle,49.29,2026-01-01 00:00:50.500000
ev1,29.63,-E111,1144.78,joulesC,744.86,evehicle,49.31,2026-01-01 00:00:51
ev1,21.53,-E111,1147.77,joulesC,741.87,evehicle,49.34,2026-01-01 00:00:51.500000
ev1,13.43,-E111,1149.63,joulesC,740.01,evehicle,49.34,2026-01-01 00:00:52
ev1,5.33,-E111,1150.37,joulesC,739.27,evehicle,49.37,2026-01-01 00:00:52.500000
ev1,0.36,-E111,1150.42,joulesC,739.22,evehicle,49.37,2026-01-01 00:00:53
ev1,0.04,-E111,1150.43,joulesC,739.21,evehicle,49.37,2026-01-01 00:00:53.500000
ev1,0.0,-E111,1150.43,joulesC,739.21,evehicle,49.37,2026-01-01 00:00:54
ev1,0.0,-E111,1150.43,joulesC,739.21,evehicle,49.37,2026-01-01 00:00:54.500000
ev1,0.0,-E111,1150.43,joulesC,739.21,evehicle,49.37,2026-01-01 00:00:55
ev1,0.0,-E111,1150.43,joulesC,739.21,evehicle,49.37,2026-01-01 00:00:55.500000
ev1,0.0,-E111,1150.43,joulesC,739.21,evehicle,49.37,2026-01-01 00:00:56
ev1,0.0,-E111,1150.43,joulesC,739.21,evehicle,49.37,2026-01-01 00:00:56.500000
ev1,0.0,-E111,1150.43,joulesC,739.21,evehicle,49.37,2026-01-01 00:00:57
ev1,0.0,-E111,1150.43,joulesC,739.21,evehicle,49.37,2026-01-01 00:00:57.500000
ev1,0.0,-E111,1150.43,joulesC,739.21,evehicle,49.37,2026-01-01 00:00:58
ev1,0.0,-E111,1150.43,joulesC,739.21,evehicle,49.37,2026-01-01 00:00:58.500000
ev1,0.0,-E111,1150.43,joulesC,739.21,evehicle,49.37,2026-01-01 00:00:59
ev1,0.0,-E111,1150.43,joulesC,739.21,evehicle,49.37,2026-01-01 00:00:59.500000
ev1,0.0,-E111,1150.43,joulesC,739.21,evehicle,49.37,2026-01-01 00:01:00
ev1,0.0,-E111,1150.43,joulesC,739.21,evehicle,49.37,2026-01-01 00:01:00.500000
ev1,0.0,-E111,1150.43,joulesC,739.21,evehicle,49.37,2026-01-01 00:01:01
ev1,0.0,-E111,1150.43,joulesC,739.21,evehicle,49.37,2026-01-01 00:01:01.500000
ev1,0.0,-E111,1150.43,joulesC,739.21,evehicle,49.37,2026-01-01 00:01:02
ev1,0.0,-E111,1150.43,joulesC,739.21,evehicle,49.37,2026-01-01 00:01:02.500000
ev1,0.0,-E111,1150.43,joulesC,739.21,evehicle,49.37,2026-01-01 00:01:03
ev1,0.0,-E111,1150.43,joulesC,739.21,evehicle,49.37,2026-01-01 00:01:03.500000
ev1,0.0,-E111,1150.43,joulesC,739.21,evehicle,49.37,2026-01-01 00:01:04
ev1,0.0,-E111,1150.43,joulesC,739.21,evehicle,49.37,2026-01-01 00:01:04.500000
ev1,0.0,-E111,1150.43,joulesC,739.21,evehicle,49.37,2026-01-01 00:01:05
ev1,0.0,-E111,1150.43,joulesC,739.21,evehicle,49.37,2026-01-01 00:01:05.500000
ev1,0.0,-E111,1150.43,joulesC,739.21,evehicle,49.37,2026-01-01 00:01:06
ev1,0.0,-E111,1150.43,joulesC,739.21,evehicle,49.37,2026-01-01 00:01:06.500000
ev1,0.0,-E111,1150.43,joulesC,739.21,evehicle,49.37,2026-01-01 00:01:07
ev1,0.0,-E111,1150.43,joulesC,739.21,evehicle,49.37,2026-01-01 00:01:07.500000
ev1,0.0,-E111,1150.43,joulesC,739.21,evehicle,49.37,2026-01-01 00:01:08
ev1,0.0,-E111,1150.43,joulesC,739.21,evehicle,49.37,2026-01-01 00:01:08.500000
ev1,0.0,-E111,1150.43,joulesC,739.21,evehicle,49.37,2026-01-01 00:01:09
ev1,0.0,-E111,1150.43,joulesC,739.21,evehicle,49.37,2026-01-01 00:01:09.500000
ev1,0.0,-E111,1150.43,joulesC,739.21,evehicle,49.37,2026-01-01 00:01:10
ev1,0.0,-E111,1150.43,joulesC,739.21,evehicle,49.37,2026-01-01 00:01:10.500000
ev1,0.0,-E111,1150.43,joulesC,739.21,evehicle,49.37,2026-01-01 00:01:11
ev1,0.0,-E111,1150.43,joulesC,739.21,evehicle,49.37,2026-01-01 00:01:11.500000
ev1,0.0,-E111,1150.43,joulesC,739.21,evehicle,49.37,2026-01-01 00:01:12
ev1,0.0,-E111,1150.43,joulesC,739.21,evehicle,49.37,2026-01-01 00:01:12.500000
ev1,0.0,-E111,1150.43,joulesC,739.21,evehicle,49.37,2026-01-01 00:01:13
ev1,0.0,-E111,1150.43,joulesC,739.21,evehicle,49.37,2026-01-01 00:01:13.500000
ev1,0.0,-E111,1150.43,joulesC,739.21,evehicle,49.37,2026-01-01 00:01:14
ev1,0.0,-E111,1150.43,joulesC,739.21,evehicle,49.37,2026-01-01 00:01:14.500000
ev1,0.0,-E111,1150.43,joulesC,739.21,evehicle,49.37,2026-01-01 00:01:15
ev1,0.0,-E111,1150.43,joulesC,739.21,evehicle,49.37,2026-01-01 00:01:15.500000
ev1,0.0,-E111,1150.43,joulesC,739.21,evehicle,49.37,2026-01-01 00:01:16
ev1,0.0,-E111,1150.43,joulesC,739.21,evehicle,49.37,2026-01-01 00:01:16.500000
ev1,0.0,-E111,1150.43,joulesC,739.21,evehicle,49.37,2026-01-01 00:01:17
ev1,0.0,-E111,1150.43,joulesC,739.21,evehicle,49.37,2026-01-01 00:01:17.500000
ev1,0.0,-E111,1150.43,joulesC,739.21,evehicle,49.37,2026-01-01 00:01:18
ev1,0.0,-E111,1150.43,joulesC,739.21,evehicle,49.37,2026-01-01 00:01:18.500000
ev1,0.0,-E111,1150.43,joulesC,739.21,evehicle,49.37,2026-01-01 00:01:19
ev1,0.0,-E111,1150.43,joulesC,739.21,evehicle,49.37,2026-01-01 00:01:19.500000
ev1,0.0,-E111,1150.43,joulesC,739.21,evehicle,49.37,2026-01-01 00:01:20
ev1,0.0,-E111,1150.43,joulesC,739.21,evehicle,49.37,2026-01-01 00:01:20.500000
ev1,0.0,-E111,1150.43,joulesC,739.21,evehicle,49.37,2026-01-01 00:01:21
ev1,0.0,-E111,1150.43,joulesC,739.21,evehicle,49.37,2026-01-01 00:01:21.500000
ev1,0.0,-E111,1150.43,joulesC,739.21,evehicle,49.37,2026-01-01 00:01:22
ev1,0.0,-E111,1150.43,joulesC,739.21,evehicle,49.37,2026-01-01 00:01:22.500000
ev1,0.0,-E111,1150.43,joulesC,739.21,evehicle,49.37,2026-01-01 00:01:23
ev1,0.0,-E111,1150.43,joulesC,739.21,evehicle,49.37,2026-01-01 00:01:23.500000
ev1,0.0,-E111,1150.43,joulesC,739.21,evehicle,49.37,2026-01-01 00:01:24
ev1,0.0,-E111,1150.43,joulesC,739.21,evehicle,49.37,2026-01-01 00:01:24.500000
ev1,0.0,-E111,1150.43,joulesC,739.21,evehicle,49.37,2026-01-01 00:01:25
ev1,0.0,-E111,1150.43,joulesC,739.21,evehicle,49.37,2026-01-01 00:01:25.500000
ev1,0.0,-E111,1150.43,joulesC,739.21,evehicle,49.37,2026-01-01 00:01:26
ev1,0.0,-E111,1150.43,joulesC,739.21,evehicle,49.37,2026-01-01 00:01:26.500000
ev1,0.0,-E111,1150.43,joulesC,739.21,evehicle,49.37,2026-01-01 00:01:27
ev1,0.0,-E111,1150.43,joulesC,739.21,evehicle,49.37,2026-01-01 00:01:27.500000
ev1,0.0,-E111,1150.43,joulesC,739.21,evehicle,49.37,2026-01-01 00:01:28
ev1,0.0,-E111,1150.43,joulesC,739.21,evehicle,49.37,2026-01-01 00:01:28.500000
ev1,0.0,-E111,1150.43,joulesC,739.21,evehicle,49.37,2026-01-01 00:01:29
ev1,0.0,-E111,1150.43,joulesC,739.21,evehicle,49.37,2026-01-01 00:01:29.500000
ev1,0.0,-E111,1150.43,joulesC,739.21,evehicle,49.37,2026-01-01 00:01:30
ev1,3.85,-E111,1150.96,joulesC,738.68,evehicle,49.37,2026-01-01 00:01:30.500000
ev1,8.53,:J36_3,1150.96,joulesC,738.68,evehicle,49.37,2026-01-01 00:01:31
ev1,13.21,:J36_3,1150.96,joulesC,738.68,evehicle,49.34,2026-01-01 00:01:31.500000
ev1,17.17,:J36_6,1150.96,joulesC,738.68,evehicle,49.34,2026-01-01 00:01:32
ev1,21.24,:J36_6,1150.96,joulesC,738.68,evehicle,49.34,2026-01-01 00:01:32.500000
ev1,24.44,:J36_6,1150.96,joulesC,738.68,evehicle,49.31,2026-01-01 00:01:33
ev1,27.54,:J36_6,1150.96,joulesC,738.68,evehicle,49.31,2026-01-01 00:01:33.500000
ev1,29.02,-E25,1170.57,joulesC,719.07,evehicle,49.31,2026-01-01 00:01:34
ev1,32.54,-E25,1175.09,joulesC,714.55,evehicle,49.29,2026-01-01 00:01:34.500000
ev1,36.9,-E25,1180.22,joulesC,709.42,evehicle,49.29,2026-01-01 00:01:35
ev1,41.08,-E25,1185.92,joulesC,703.72,evehicle,49.26,2026-01-01 00:01:35.500000
ev1,38.27,-E25,1191.23,joulesC,698.41,evehicle,49.26,2026-01-01 00:01:36
ev1,30.17,-E25,1195.42,joulesC,694.22,evehicle,49.29,2026-01-01 00:01:36.500000
ev1,22.07,:J35_2,1195.42,joulesC,694.22,evehicle,49.31,2026-01-01 00:01:37
ev1,20.81,:J35_2,1195.42,joulesC,694.22,evehicle,49.31,2026-01-01 00:01:37.500000
ev1,21.31,:J35_2,1195.42,joulesC,694.22,evehicle,49.31,2026-01-01 00:01:38
ev1,20.63,-E24,1207.2,joulesC,682.44,evehicle,49.31,2026-01-01 00:01:38.500000
ev1,24.62,-E24,1210.62,joulesC,679.02,evehicle,49.31,2026-01-01 00:01:39
ev1,28.19,-E24,1214.53,joulesC,675.11,evehicle,49.29,2026-01-01 00:01:39.500000
ev1,32.29,-E24,1219.02,joulesC,670.62,evehicle,49.29,2026-01-01 00:01:40
ev1,35.17,-E24,1223.91,joulesC,665.73,evehicle,49.26,2026-01-01 00:01:40.500000
ev1,37.69,-E24,1229.14,joulesC,660.5,evehicle,49.26,2026-01-01 00:01:41
ev1,41.94,-E24,1234.97,joulesC,654.67,evehicle,49.23,2026-01-01 00:01:41.500000
ev1,44.53,:J32_9,1234.97,joulesC,654.67,evehicle,49.23,2026-01-01 00:01:42
ev1,46.98,:J32_9,1234.97,joulesC,654.67,evehicle,49.2,2026-01-01 00:01:42.500000
ev1,45.65,:J32_9,1234.97,joulesC,654.67,evehicle,49.2,2026-01-01 00:01:43
ev1,46.51,-E21,1260.47,joulesC,629.17,evehicle,49.2,2026-01-01 00:01:43.500000
ev1,45.76,-E21,1266.83,joulesC,622.81,evehicle,49.2,2026-01-01 00:01:44
ev1,46.62,-E21,1273.3,joulesC,616.34,evehicle,49.2,2026-01-01 00:01:44.500000
ev1,46.84,-E21,1279.81,joulesC,609.83,evehicle,49.2,2026-01-01 00:01:45
ev1,47.23,-E21,1286.37,joulesC,603.27,evehicle,49.2,2026-01-01 00:01:45.500000
ev1,45.4,:J9_8,1286.37,joulesC,603.27,evehicle,49.2,2026-01-01 00:01:46
ev1,45.5,:J9_8,1286.37,joulesC,603.27,evehicle,49.2,2026-01-01 00:01:46.500000
ev1,45.5,:J9_8,1286.37,joulesC,603.27,evehicle,49.2,2026-01-01 00:01:47
ev1,47.34,-newton,1311.88,joulesC,577.76,evehicle,49.17,2026-01-01 00:01:47.500000
ev1,46.12,-newton,1318.29,joulesC,571.35,evehicle,49.2,2026-01-01 00:01:48
ev1,39.89,-newton,1323.83,joulesC,565.81,evehicle,49.23,2026-01-01 00:01:48.500000
ev1,32.22,-newton,1328.31,joulesC,561.33,evehicle,49.26,2026-01-01 00:01:49
ev1,25.24,-newton,1331.82,joulesC,557.82,evehicle,49.26,2026-01-01 00:01:49.500000
ev1,29.81,:J3_6,1331.82,joulesC,557.82,evehicle,49.26,2026-01-01 00:01:50
ev1,33.48,:J3_6,1331.82,joulesC,557.82,evehicle,49.23,2026-01-01 00:01:50.500000
ev1,34.92,:J3_6,1331.82,joulesC,557.82,evehicle,49.23,2026-01-01 00:01:51
ev1,35.14,:J3_6,1331.82,joulesC,557.82,evehicle,49.23,2026-01-01 00:01:51.500000
ev1,33.66,:J3_6,1331.82,joulesC,557.82,evehicle,49.23,2026-01-01 00:01:52
ev1,35.14,:J3_6,1331.82,joulesC,557.82,evehicle,49.23,2026-01-01 00:01:52.500000
ev1,35.42,joulesD,1364.81,joulesC,524.83,evehicle,49.23,2026-01-01 00:01:53
ev1,38.16,joulesD,1370.11,joulesC,519.53,evehicle,49.2,2026-01-01 00:01:53.500000
ev1,40.75,joulesD,1375.77,joulesC,513.87,evehicle,49.2,2026-01-01 00:01:54
ev1,44.06,joulesD,1381.89,joulesC,507.75,evehicle,49.17,2026-01-01 00:01:54.500000
ev1,47.59,joulesD,1388.5,joulesC,501.14,evehicle,49.14,2026-01-01 00:01:55
ev1,51.19,:J1_4,1388.5,joulesC,501.14,evehicle,49.14,2026-01-01 00:01:55.500000
ev1,55.37,:J1_4,1388.5,joulesC,501.14,evehicle,49.11,2026-01-01 00:01:56
ev1,58.03,joulesC,1411.36,joulesC,478.28,evehicle,49.09,2026-01-01 00:01:56.500000
ev1,61.42,joulesC,1419.89,joulesC,469.75,evehicle,49.06,2026-01-01 00:01:57
ev1,64.55,joulesC,1428.85,joulesC,460.79,evehicle,49.03,2026-01-01 00:01:57.500000
ev1,68.58,joulesC,1438.38,joulesC,451.26,evehicle,49.0,2026-01-01 00:01:58
ev1,72.29,joulesC,1448.42,joulesC,441.22,evehicle,48.97,2026-01-01 00:01:58.500000
ev1,75.96,joulesC,1458.97,joulesC,430.67,evehicle,48.94,2026-01-01 00:01:59
ev1,79.42,joulesC,1470.0,joulesC,419.64,evehicle,48.89,2026-01-01 00:01:59.500000
ev1,83.2,joulesC,1481.55,joulesC,408.09,evehicle,48.86,2026-01-01 00:02:00
ev1,86.08,joulesC,1493.51,joulesC,396.13,evehicle,48.83,2026-01-01 00:02:00.500000
ev1,90.11,joulesC,1506.03,joulesC,383.61,evehicle,48.77,2026-01-01 00:02:01
ev1,93.06,joulesC,1518.95,joulesC,370.69,evehicle,48.74,2026-01-01 00:02:01.500000
ev1,96.23,joulesC,1532.32,joulesC,357.32,evehicle,48.69,2026-01-01 00:02:02
ev1,100.04,joulesC,1546.21,joulesC,343.43,evehicle,48.63,2026-01-01 00:02:02.500000
ev1,103.57,joulesC,1560.6,joulesC,329.04,evehicle,48.6,2026-01-01 00:02:03
ev1,107.1,joulesC,1575.47,joulesC,314.17,evehicle,48.54,2026-01-01 00:02:03.500000
ev1,108.43,joulesC,1590.53,joulesC,299.11,evehicle,48.51,2026-01-01 00:02:04
ev1,100.33,joulesC,1604.46,joulesC,285.18,evehicle,48.6,2026-01-01 00:02:04.500000
ev1,92.23,joulesC,1617.27,joulesC,272.37,evehicle,48.69,2026-01-01 00:02:05
ev1,84.2,joulesC,1628.96,joulesC,260.68,evehicle,48.74,2026-01-01 00:02:05.500000
ev1,76.28,joulesC,1639.56,joulesC,250.08,evehicle,48.83,2026-01-01 00:02:06
ev1,68.18,joulesC,1649.02,joulesC,240.62,evehicle,48.89,2026-01-01 00:02:06.500000
ev1,60.34,joulesC,1657.41,joulesC,232.23,evehicle,48.94,2026-01-01 00:02:07
ev1,52.24,joulesC,1664.66,joulesC,224.98,evehicle,49.0,2026-01-01 00:02:07.500000
ev1,44.14,joulesC,1670.79,joulesC,218.85,evehicle,49.03,2026-01-01 00:02:08
ev1,37.08,joulesC,1675.94,joulesC,213.7,evehicle,49.06,2026-01-01 00:02:08.500000
ev1,28.98,joulesC,1679.97,joulesC,209.67,evehicle,49.09,2026-01-01 00:02:09
ev1,20.88,joulesC,1682.87,joulesC,206.77,evehicle,49.11,2026-01-01 00:02:09.500000
ev1,12.78,joulesC,1684.64,joulesC,205.0,evehicle,49.11,2026-01-01 00:02:10
ev1,5.47,joulesC,1685.4,joulesC,204.24,evehicle,49.14,2026-01-01 00:02:10.500000
ev1,0.29,joulesC,1685.44,joulesC,-1073741824.0,evehicle,49.14,2026-01-01 00:02:11
ev1,0.0,joulesC,1685.44,joulesC,-1073741824.0,evehicle,49.14,2026-01-01 00:02:11.500000
ev1,0.0,joulesC,1685.44,joulesC,-1073741824.0,evehicle,49.14,2026-01-01 00:02:12
ev1,0.0,joulesC,1685.44,joulesC,-1073741824.0,evehicle,49.14,2026-01-01 00:02:12.500000
ev1,0.0,joulesC,1685.44,joulesC,-1073741824.0,evehicle,49.2,2026-01-01 00:02:13
ev1,0.0,joulesC,1685.44,joulesC,-1073741824.0,evehicle,49.26,2026-01-01 00:02:13.500000
ev1,0.0,joulesC,1685.44,joulesC,-1073741824.0,evehicle,49.31,2026-01-01 00:02:14
ev1,0.0,joulesC,1685.44,joulesC,-1073741824.0,evehicle,49.37,2026-01-01 00:02:14.500000
ev1,0.0,joulesC,1685.44,joulesC,-1073741824.0,evehicle,49.43,2026-01-01 00:02:15
ev1,0.0,joulesC,1685.44,joulesC,-1073741824.0,evehicle,49.49,2026-01-01 00:02:15.500000
ev1,0.0,joulesC,1685.44,joulesC,-1073741824.0,evehicle,49.54,2026-01-01 00:02:16
ev1,0.0,joulesC,1685.44,joulesC,-1073741824.0,evehicle,49.6,2026-01-01 00:02:16.500000
ev1,0.0,joulesC,1685.44,joulesC,-1073741824.0,evehicle,49.69,2026-01-01 00:02:17
ev1,0.0,joulesC,1685.44,joulesC,-1073741824.0,evehicle,49.74,2026-01-01 00:02:17.500000
ev1,0.0,joulesC,1685.44,joulesC,-1073741824.0,evehicle,49.8,2026-01-01 00:02:18
ev1,0.0,joulesC,1685.44,joulesC,-1073741824.0,evehicle,49.86,2026-01-01 00:02:18.500000
ev1,0.0,joulesC,1685.44,joulesC,-1073741824.0,evehicle,49.91,2026-01-01 00:02:19
ev1,0.0,joulesC,1685.44,joulesC,-1073741824.0,evehicle,49.97,2026-01-01 00:02:19.500000
ev1,0.0,joulesC,1685.44,joulesC,-1073741824.0,evehicle,50.03,2026-01-01 00:02:20
ev1,0.0,joulesC,1685.44,joulesC,-1073741824.0,evehicle,50.09,2026-01-01 00:02:20.500000
ev1,0.0,joulesC,1685.44,joulesC,-1073741824.0,evehicle,50.14,2026-01-01 00:02:21
ev1,0.0,joulesC,1685.44,joulesC,-1073741824.0,evehicle,50.2,2026-01-01 00:02:21.500000
ev1,0.0,joulesC,1685.44,joulesC,-1073741824.0,evehicle,50.26,2026-01-01 00:02:22
ev1,0.0,joulesC,1685.44,joulesC,-1073741824.0,evehicle,50.31,2026-01-01 00:02:22.500000
ev1,0.0,joulesC,1685.44,joulesC,-1073741824.0,evehicle,50.4,2026-01-01 00:02:23
ev1,0.0,joulesC,1685.44,joulesC,-1073741824.0,evehicle,50.46,2026-01-01 00:02:23.500000
ev1,0.0,joulesC,1685.44,joulesC,-1073741824.0,evehicle,50.51,2026-01-01 00:02:24
ev1,0.0,joulesC,1685.44,joulesC,-1073741824.0,evehicle,50.57,2026-01-01 00:02:24.500000
ev1,0.0,joulesC,1685.44,joulesC,-1073741824.0,evehicle,50.63,2026-01-01 00:02:25
ev1,0.0,joulesC,1685.44,joulesC,-1073741824.0,evehicle,50.69,2026-01-01 00:02:25.500000
ev1,0.0,joulesC,1685.44,joulesC,-1073741824.0,evehicle,50.74,2026-01-01 00:02:26
ev1,0.0,joulesC,1685.44,joulesC,-1073741824.0,evehicle,50.8,2026-01-01 00:02:26.500000
ev1,0.0,joulesC,1685.44,joulesC,-1073741824.0,evehicle,50.86,2026-01-01 00:02:27
ev1,0.0,joulesC,1685.44,joulesC,-1073741824.0,evehicle,50.91,2026-01-01 00:02:27.500000
ev1,0.0,joulesC,1685.44,joulesC,-1073741824.0,evehicle,50.97,2026-01-01 00:02:28
ev1,0.0,joulesC,1685.44,joulesC,-1073741824.0,evehicle,51.03,2026-01-01 00:02:28.500000
ev1,0.0,joulesC,1685.44,joulesC,-1073741824.0,evehicle,51.11,2026-01-01 00:02:29
ev1,0.0,joulesC,1685.44,joulesC,-1073741824.0,evehicle,51.17,2026-01-01 00:02:29.500000
ev1,0.0,joulesC,1685.44,joulesC,-1073741824.0,evehicle,51.23,2026-01-01 00:02:30
ev1,0.0,joulesC,1685.44,joulesC,-1073741824.0,evehicle,51.29,2026-01-01 00:02:30.500000
ev1,0.0,joulesC,1685.44,joulesC,-1073741824.0,evehicle,51.34,2026-01-01 00:02:31
ev1,0.0,joulesC,1685.44,joulesC,-1073741824.0,evehicle,51.4,2026-01-01 00:02:31.500000
ev1,0.0,joulesC,1685.44,joulesC,-1073741824.0,evehicle,51.46,2026-01-01 00:02:32
ev1,0.0,joulesC,1685.44,joulesC,-1073741824.0,evehicle,51.51,2026-01-01 00:02:32.500000
ev1,0.0,joulesC,1685.44,joulesC,-1073741824.0,evehicle,51.57,2026-01-01 00:02:33
ev1,0.0,joulesC,1685.44,joulesC,-1073741824.0,evehicle,51.63,2026-01-01 00:02:33.500000
ev1,0.0,joulesC,1685.44,joulesC,-1073741824.0,evehicle,51.69,2026-01-01 00:02:34
ev1,0.0,joulesC,1685.44,joulesC,-1073741824.0,evehicle,51.74,2026-01-01 00:02:34.500000
ev1,0.0,joulesC,1685.44,joulesC,-1073741824.0,evehicle,51.83,2026-01-01 00:02:35
ev1,0.0,joulesC,1685.44,joulesC,-1073741824.0,evehicle,51.89,2026-01-01 00:02:35.500000
ev1,0.0,joulesC,1685.44,joulesC,-1073741824.0,evehicle,51.94,2026-01-01 00:02:36
ev1,0.0,joulesC,1685.44,joulesC,-1073741824.0,evehicle,52.0,2026-01-01 00:02:36.500000
ev1,0.0,joulesC,1685.44,joulesC,-1073741824.0,evehicle,52.06,2026-01-01 00:02:37
ev1,0.0,joulesC,1685.44,joulesC,-1073741824.0,evehicle,52.11,2026-01-01 00:02:37.500000
ev1,0.0,joulesC,1685.44,joulesC,-1073741824.0,evehicle,52.17,2026-01-01 00:02:38
ev1,0.0,joulesC,1685.44,joulesC,-1073741824.0,evehicle,52.23,2026-01-01 00:02:38.500000
ev1,0.0,joulesC,1685.44,joulesC,-1073741824.0,evehicle,52.29,2026-01-01 00:02:39
ev1,0.0,joulesC,1685.44,joulesC,-1073741824.0,evehicle,52.34,2026-01-01 00:02:39.500000
ev1,0.0,joulesC,1685.44,joulesC,-1073741824.0,evehicle,52.4,2026-01-01 00:02:40
ev1,0.0,joulesC,1685.44,joulesC,-1073741824.0,evehicle,52.46,2026-01-01 00:02:40.500000
ev1,0.0,joulesC,1685.44,joulesC,-1073741824.0,evehicle,52.54,2026-01-01 00:02:41
ev1,0.0,joulesC,1685.44,joulesC,-1073741824.0,evehicle,52.6,2026-01-01 00:02:41.500000
ev1,0.0,joulesC,1685.44,joulesC,-1073741824.0,evehicle,52.66,2026-01-01 00:02:42
ev1,0.0,joulesC,1685.44,joulesC,-1073741824.0,evehicle,52.71,2026-01-01 00:02:42.500000
ev1,0.0,joulesC,1685.44,joulesC,-1073741824.0,evehicle,52.77,2026-01-01 00:02:43
ev1,0.0,joulesC,1685.44,joulesC,-1073741824.0,evehicle,52.83,2026-01-01 00:02:43.500000
ev1,0.0,joulesC,1685.44,joulesC,-1073741824.0,evehicle,52.89,2026-01-01 00:02:44
ev1,0.0,joulesC,1685.44,joulesC,-1073741824.0,evehicle,52.94,2026-01-01 00:02:44.500000
ev1,0.0,joulesC,1685.44,joulesC,-1073741824.0,evehicle,53.0,2026-01-01 00:02:45
ev1,0.0,joulesC,1685.44,joulesC,-1073741824.0,evehicle,53.06,2026-01-01 00:02:45.500000
ev1,0.0,joulesC,1685.44,joulesC,-1073741824.0,evehicle,53.11,2026-01-01 00:02:46
ev1,0.0,joulesC,1685.44,joulesC,-1073741824.0,evehicle,53.17,2026-01-01 00:02:46.500000
ev1,0.0,joulesC,1685.44,joulesC,-1073741824.0,evehicle,53.26,2026-01-01 00:02:47
ev1,0.0,joulesC,1685.44,joulesC,-1073741824.0,evehicle,53.31,2026-01-01 00:02:47.500000
ev1,0.0,joulesC,1685.44,joulesC,-1073741824.0,evehicle,53.37,2026-01-01 00:02:48
ev1,0.0,joulesC,1685.44,joulesC,-1073741824.0,evehicle,53.43,2026-01-01 00:02:48.500000
ev1,0.0,joulesC,1685.44,joulesC,-1073741824.0,evehicle,53.49,2026-01-01 00:02:49
ev1,0.0,joulesC,1685.44,joulesC,-1073741824.0,evehicle,53.54,2026-01-01 00:02:49.500000
ev1,0.0,joulesC,1685.44,joulesC,-1073741824.0,evehicle,53.6,2026-01-01 00:02:50
ev1,0.0,joulesC,1685.44,joulesC,-1073741824.0,evehicle,53.66,2026-01-01 00:02:50.500000
ev1,0.0,joulesC,1685.44,joulesC,-1073741824.0,evehicle,53.71,2026-01-01 00:02:51
ev1,0.0,joulesC,1685.44,joulesC,-1073741824.0,evehicle,53.77,2026-01-01 00:02:51.500000
ev1,0.0,joulesC,1685.44,joulesC,-1073741824.0,evehicle,53.83,2026-01-01 00:02:52
ev1,0.0,joulesC,1685.44,joulesC,-1073741824.0,evehicle,53.89,2026-01-01 00:02:52.500000
ev1,0.0,joulesC,1685.44,joulesC,-1073741824.0,evehicle,53.97,2026-01-01 00:02:53
ev1,0.0,joulesC,1685.44,joulesC,-1073741824.0,evehicle,54.03,2026-01-01 00:02:53.500000
ev1,0.0,joulesC,1685.44,joulesC,-1073741824.0,evehicle,54.09,2026-01-01 00:02:54
ev1,0.0,joulesC,1685.44,joulesC,-1073741824.0,evehicle,54.14,2026-01-01 00:02:54.500000
ev1,0.0,joulesC,1685.44,joulesC,-1073741824.0,evehicle,54.2,2026-01-01 00:02:55
ev1,0.0,joulesC,1685.44,joulesC,-1073741824.0,evehicle,54.26,2026-01-01 00:02:55.500000
ev1,0.0,joulesC,1685.44,joulesC,-1073741824.0,evehicle,54.31,2026-01-01 00:02:56
ev1,0.0,joulesC,1685.44,joulesC,-1073741824.0,evehicle,54.37,2026-01-01 00:02:56.500000
ev1,0.0,joulesC,1685.44,joulesC,-1073741824.0,evehicle,54.43,2026-01-01 00:02:57
ev1,0.0,joulesC,1685.44,joulesC,-1073741824.0,evehicle,54.49,2026-01-01 00:02:57.500000
ev1,0.0,joulesC,1685.44,joulesC,-1073741824.0,evehicle,54.54,2026-01-01 00:02:58
ev1,0.0,joulesC,1685.44,joulesC,-1073741824.0,evehicle,54.6,2026-01-01 00:02:58.500000
ev1,0.0,joulesC,1685.44,joulesC,-1073741824.0,evehicle,54.69,2026-01-01 00:02:59
ev1,0.0,joulesC,1685.44,joulesC,-1073741824.0,evehicle,54.74,2026-01-01 00:02:59.500000
ev1,0.0,joulesC,1685.44,joulesC,-1073741824.0,evehicle,54.8,2026-01-01 00:03:00
ev1,0.0,joulesC,1685.44,joulesC,-1073741824.0,evehicle,54.86,2026-01-01 00:03:00.500000
ev1,0.0,joulesC,1685.44,joulesC,-1073741824.0,evehicle,54.91,2026-01-01 00:03:01
ev1,0.0,joulesC,1685.44,joulesC,-1073741824.0,evehicle,54.97,2026-01-01 00:03:01.500000
ev1,0.0,joulesC,1685.44,joulesC,-1073741824.0,evehicle,55.03,2026-01-01 00:03:02
ev1,0.0,joulesC,1685.44,joulesC,-1073741824.0,evehicle,55.09,2026-01-01 00:03:02.500000
ev1,0.0,joulesC,1685.44,joulesC,-1073741824.0,evehicle,55.14,2026-01-01 00:03:03
ev1,0.0,joulesC,1685.44,joulesC,-1073741824.0,evehicle,55.2,2026-01-01 00:03:03.500000
ev1,0.0,joulesC,1685.44,joulesC,-1073741824.0,evehicle,55.26,2026-01-01 00:03:04
ev1,0.0,joulesC,1685.44,joulesC,-1073741824.0,evehicle,55.31,2026-01-01 00:03:04.500000
ev1,0.0,joulesC,1685.44,joulesC,-1073741824.0,evehicle,55.4,2026-01-01 00:03:05
ev1,0.0,joulesC,1685.44,joulesC,-1073741824.0,evehicle,55.46,2026-01-01 00:03:05.500000
ev1,0.0,joulesC,1685.44,joulesC,-1073741824.0,evehicle,55.51,2026-01-01 00:03:06
ev1,0.0,joulesC,1685.44,joulesC,-1073741824.0,evehicle,55.57,2026-01-01 00:03:06.500000
ev1,0.0,joulesC,1685.44,joulesC,-1073741824.0,evehicle,55.63,2026-01-01 00:03:07
ev1,0.0,joulesC,1685.44,joulesC,-1073741824.0,evehicle,55.69,2026-01-01 00:03:07.500000
ev1,0.0,joulesC,1685.44,joulesC,-1073741824.0,evehicle,55.74,2026-01-01 00:03:08
ev1,0.0,joulesC,1685.44,joulesC,-1073741824.0,evehicle,55.8,2026-01-01 00:03:08.500000
ev1,0.0,joulesC,1685.44,joulesC,-1073741824.0,evehicle,55.86,2026-01-01 00:03:09
ev1,0.0,joulesC,1685.44,joulesC,-1073741824.0,evehicle,55.91,2026-01-01 00:03:09.500000
ev1,0.0,joulesC,1685.44,joulesC,-1073741824.0,evehicle,55.97,2026-01-01 00:03:10
ev1,0.0,joulesC,1685.44,joulesC,-1073741824.0,evehicle,56.03,2026-01-01 00:03:10.500000
ev1,0.0,joulesC,1685.44,joulesC,-1073741824.0,evehicle,56.11,2026-01-01 00:03:11
ev1,0.0,joulesC,1685.44,joulesC,-1073741824.0,evehicle,56.17,2026-01-01 00:03:11.500000
ev1,0.0,joulesC,1685.44,joulesC,-1073741824.0,evehicle,56.23,2026-01-01 00:03:12
ev1,0.0,joulesC,1685.44,joulesC,-1073741824.0,evehicle,56.29,2026-01-01 00:03:12.500000
ev1,0.0,joulesC,1685.44,joulesC,-1073741824.0,evehicle,56.34,2026-01-01 00:03:13
ev1,0.0,joulesC,1685.44,joulesC,-1073741824.0,evehicle,56.4,2026-01-01 00:03:13.500000
ev1,0.0,joulesC,1685.44,joulesC,-1073741824.0,evehicle,56.46,2026-01-01 00:03:14
ev1,0.0,joulesC,1685.44,joulesC,-1073741824.0,evehicle,56.51,2026-01-01 00:03:14.500000
ev1,0.0,joulesC,1685.44,joulesC,-1073741824.0,evehicle,56.57,2026-01-01 00:03:15
ev1,0.0,joulesC,1685.44,joulesC,-1073741824.0,evehicle,56.63,2026-01-01 00:03:15.500000
ev1,0.0,joulesC,1685.44,joulesC,-1073741824.0,evehicle,56.69,2026-01-01 00:03:16
ev1,0.0,joulesC,1685.44,joulesC,-1073741824.0,evehicle,56.74,2026-01-01 00:03:16.500000
ev1,0.0,joulesC,1685.44,joulesC,-1073741824.0,evehicle,56.83,2026-01-01 00:03:17
ev1,0.0,joulesC,1685.44,joulesC,-1073741824.0,evehicle,56.89,2026-01-01 00:03:17.500000
ev1,0.0,joulesC,1685.44,joulesC,-1073741824.0,evehicle,56.94,2026-01-01 00:03:18
ev1,0.0,joulesC,1685.44,joulesC,-1073741824.0,evehicle,57.0,2026-01-01 00:03:18.500000
ev1,0.0,joulesC,1685.44,joulesC,-1073741824.0,evehicle,57.06,2026-01-01 00:03:19
ev1,0.0,joulesC,1685.44,joulesC,-1073741824.0,evehicle,57.11,2026-01-01 00:03:19.500000
ev1,0.0,joulesC,1685.44,joulesC,-1073741824.0,evehicle,57.17,2026-01-01 00:03:20
ev1,0.0,joulesC,1685.44,joulesC,-1073741824.0,evehicle,57.23,2026-01-01 00:03:20.500000
ev1,0.0,joulesC,1685.44,joulesC,-1073741824.0,evehicle,57.29,2026-01-01 00:03:21
ev1,0.0,joulesC,1685.44,joulesC,-1073741824.0,evehicle,57.34,2026-01-01 00:03:21.500000
ev1,0.0,joulesC,1685.44,joulesC,-1073741824.0,evehicle,57.4,2026-01-01 00:03:22
ev1,0.0,joulesC,1685.44,joulesC,-1073741824.0,evehicle,57.46,2026-01-01 00:03:22.500000
ev1,0.0,joulesC,1685.44,joulesC,-1073741824.0,evehicle,57.54,2026-01-01 00:03:23
ev1,0.0,joulesC,1685.44,joulesC,-1073741824.0,evehicle,57.6,2026-01-01 00:03:23.500000
ev1,0.0,joulesC,1685.44,joulesC,-1073741824.0,evehicle,57.66,2026-01-01 00:03:24
ev1,0.0,joulesC,1685.44,joulesC,-1073741824.0,evehicle,57.71,2026-01-01 00:03:24.500000
ev1,0.0,joulesC,1685.44,joulesC,-1073741824.0,evehicle,57.77,2026-01-01 00:03:25
ev1,0.0,joulesC,1685.44,joulesC,-1073741824.0,evehicle,57.83,2026-01-01 00:03:25.500000
ev1,0.0,joulesC,1685.44,joulesC,-1073741824.0,evehicle,57.89,2026-01-01 00:03:26
ev1,0.0,joulesC,1685.44,joulesC,-1073741824.0,evehicle,57.94,2026-01-01 00:03:26.500000
ev1,0.0,joulesC,1685.44,joulesC,-1073741824.0,evehicle,58.0,2026-01-01 00:03:27
ev1,0.0,joulesC,1685.44,joulesC,-1073741824.0,evehicle,58.06,2026-01-01 00:03:27.500000
ev1,0.0,joulesC,1685.44,joulesC,-1073741824.0,evehicle,58.11,2026-01-01 00:03:28
ev1,0.0,joulesC,1685.44,joulesC,-1073741824.0,evehicle,58.17,2026-01-01 00:03:28.500000
ev1,0.0,joulesC,1685.44,joulesC,-1073741824.0,evehicle,58.26,2026-01-01 00:03:29
ev1,0.0,joulesC,1685.44,joulesC,-1073741824.0,evehicle,58.31,2026-01-01 00:03:29.500000
ev1,0.0,joulesC,1685.44,joulesC,-1073741824.0,evehicle,58.37,2026-01-01 00:03:30
ev1,0.0,joulesC,1685.44,joulesC,-1073741824.0,evehicle,58.43,2026-01-01 00:03:30.500000
ev1,0.0,joulesC,1685.44,joulesC,-1073741824.0,evehicle,58.49,2026-01-01 00:03:31
ev1,0.0,joulesC,1685.44,joulesC,-1073741824.0,evehicle,58.54,2026-01-01 00:03:31.500000
ev1,0.0,joulesC,1685.44,joulesC,-1073741824.0,evehicle,58.6,2026-01-01 00:03:32
ev1,0.0,joulesC,1685.44,joulesC,-1073741824.0,evehicle,58.66,2026-01-01 00:03:32.500000
ev1,0.0,joulesC,1685.44,joulesC,-1073741824.0,evehicle,58.71,2026-01-01 00:03:33
ev1,0.0,joulesC,1685.44,joulesC,-1073741824.0,evehicle,58.77,2026-01-01 00:03:33.500000
ev1,0.0,joulesC,1685.44,joulesC,-1073741824.0,evehicle,58.83,2026-01-01 00:03:34
ev1,0.0,joulesC,1685.44,joulesC,-1073741824.0,evehicle,58.89,2026-01-01 00:03:34.500000
ev1,0.0,joulesC,1685.44,joulesC,-1073741824.0,evehicle,58.97,2026-01-01 00:03:35
ev1,0.0,joulesC,1685.44,joulesC,-1073741824.0,evehicle,59.03,2026-01-01 00:03:35.500000
ev1,0.0,joulesC,1685.44,joulesC,-1073741824.0,evehicle,59.09,2026-01-01 00:03:36
ev1,0.0,joulesC,1685.44,joulesC,-1073741824.0,evehicle,59.14,2026-01-01 00:03:36.500000
ev1,0.0,joulesC,1685.44,joulesC,-1073741824.0,evehicle,59.2,2026-01-01 00:03:37
ev1,0.0,joulesC,1685.44,joulesC,-1073741824.0,evehicle,59.26,2026-01-01 00:03:37.500000
ev1,0.0,joulesC,1685.44,joulesC,-1073741824.0,evehicle,59.31,2026-01-01 00:03:38
ev1,0.0,joulesC,1685.44,joulesC,-1073741824.0,evehicle,59.37,2026-01-01 00:03:38.500000
ev1,0.0,joulesC,1685.44,joulesC,-1073741824.0,evehicle,59.43,2026-01-01 00:03:39
ev1,0.0,joulesC,1685.44,joulesC,-1073741824.0,evehicle,59.49,2026-01-01 00:03:39.500000
ev1,0.0,joulesC,1685.44,joulesC,-1073741824.0,evehicle,59.54,2026-01-01 00:03:40
ev1,0.0,joulesC,1685.44,joulesC,-1073741824.0,evehicle,59.6,2026-01-01 00:03:40.500000
ev1,0.0,joulesC,1685.44,joulesC,-1073741824.0,evehicle,59.69,2026-01-01 00:03:41
ev1,0.0,joulesC,1685.44,joulesC,-1073741824.0,evehicle,59.74,2026-01-01 00:03:41.500000
ev1,0.0,joulesC,1685.44,joulesC,-1073741824.0,evehicle,59.8,2026-01-01 00:03:42
ev1,0.0,joulesC,1685.44,joulesC,-1073741824.0,evehicle,59.86,2026-01-01 00:03:42.500000
ev1,0.0,joulesC,1685.44,joulesC,-1073741824.0,evehicle,59.91,2026-01-01 00:03:43
ev1,0.0,joulesC,1685.44,joulesC,-1073741824.0,evehicle,59.97,2026-01-01 00:03:43.500000
ev1,0.0,joulesC,1685.44,joulesC,-1073741824.0,evehicle,60.03,2026-01-01 00:03:44
ev1,0.0,joulesC,1685.44,joulesC,-1073741824.0,evehicle,60.09,2026-01-01 00:03:44.500000
ev1,0.0,joulesC,1685.44,joulesC,-1073741824.0,evehicle,60.14,2026-01-01 00:03:45
ev1,0.0,joulesC,1685.44,joulesC,-1073741824.0,evehicle,60.2,2026-01-01 00:03:45.500000
ev1,0.0,joulesC,1685.44,joulesC,-1073741824.0,evehicle,60.26,2026-01-01 00:03:46
ev1,0.0,joulesC,1685.44,joulesC,-1073741824.0,evehicle,60.31,2026-01-01 00:03:46.500000
ev1,0.0,joulesC,1685.44,joulesC,-1073741824.0,evehicle,60.4,2026-01-01 00:03:47
ev1,0.0,joulesC,1685.44,joulesC,-1073741824.0,evehicle,60.46,2026-01-01 00:03:47.500000
ev1,0.0,joulesC,1685.44,joulesC,-1073741824.0,evehicle,60.51,2026-01-01 00:03:48
ev1,0.0,joulesC,1685.44,joulesC,-1073741824.0,evehicle,60.57,2026-01-01 00:03:48.500000
ev1,0.0,joulesC,1685.44,joulesC,-1073741824.0,evehicle,60.63,2026-01-01 00:03:49
ev1,0.0,joulesC,1685.44,joulesC,-1073741824.0,evehicle,60.69,2026-01-01 00:03:49.500000
ev1,0.0,joulesC,1685.44,joulesC,-1073741824.0,evehicle,60.74,2026-01-01 00:03:50
ev1,0.0,joulesC,1685.44,joulesC,-1073741824.0,evehicle,60.8,2026-01-01 00:03:50.500000
ev1,0.0,joulesC,1685.44,joulesC,-1073741824.0,evehicle,60.86,2026-01-01 00:03:51
ev1,0.0,joulesC,1685.44,joulesC,-1073741824.0,evehicle,60.91,2026-01-01 00:03:51.500000
ev1,0.0,joulesC,1685.44,joulesC,-1073741824.0,evehicle,60.97,2026-01-01 00:03:52
ev1,0.0,joulesC,1685.44,joulesC,-1073741824.0,evehicle,61.03,2026-01-01 00:03:52.500000
ev1,0.0,joulesC,1685.44,joulesC,-1073741824.0,evehicle,61.11,2026-01-01 00:03:53
ev1,0.0,joulesC,1685.44,joulesC,-1073741824.0,evehicle,61.17,2026-01-01 00:03:53.500000
ev1,0.0,joulesC,1685.44,joulesC,-1073741824.0,evehicle,61.23,2026-01-01 00:03:54
ev1,0.0,joulesC,1685.44,joulesC,-1073741824.0,evehicle,61.29,2026-01-01 00:03:54.500000
ev1,0.0,joulesC,1685.44,joulesC,-1073741824.0,evehicle,61.34,2026-01-01 00:03:55
ev1,0.0,joulesC,1685.44,joulesC,-1073741824.0,evehicle,61.4,2026-01-01 00:03:55.500000
ev1,0.0,joulesC,1685.44,joulesC,-1073741824.0,evehicle,61.46,2026-01-01 00:03:56
ev1,0.0,joulesC,1685.44,joulesC,-1073741824.0,evehicle,61.51,2026-01-01 00:03:56.500000
ev1,0.0,joulesC,1685.44,joulesC,-1073741824.0,evehicle,61.57,2026-01-01 00:03:57
ev1,0.0,joulesC,1685.44,joulesC,-1073741824.0,evehicle,61.63,2026-01-01 00:03:57.500000
ev1,0.0,joulesC,1685.44,joulesC,-1073741824.0,evehicle,61.69,2026-01-01 00:03:58
ev1,0.0,joulesC,1685.44,joulesC,-1073741824.0,evehicle,61.74,2026-01-01 00:03:58.500000
ev1,0.0,joulesC,1685.44,joulesC,-1073741824.0,evehicle,61.83,2026-01-01 00:03:59
ev1,0.0,joulesC,1685.44,joulesC,-1073741824.0,evehicle,61.89,2026-01-01 00:03:59.500000
ev1,0.0,joulesC,1685.44,joulesC,-1073741824.0,evehicle,61.94,2026-01-01 00:04:00
ev1,0.0,joulesC,1685.44,joulesC,-1073741824.0,evehicle,62.0,2026-01-01 00:04:00.500000
ev1,0.0,joulesC,1685.44,joulesC,-1073741824.0,evehicle,62.06,2026-01-01 00:04:01
ev1,0.0,joulesC,1685.44,joulesC,-1073741824.0,evehicle,62.11,2026-01-01 00:04:01.500000
ev1,0.0,joulesC,1685.44,joulesC,-1073741824.0,evehicle,62.17,2026-01-01 00:04:02
ev1,0.0,joulesC,1685.44,joulesC,-1073741824.0,evehicle,62.23,2026-01-01 00:04:02.500000
ev1,0.0,joulesC,1685.44,joulesC,-1073741824.0,evehicle,62.29,2026-01-01 00:04:03
ev1,0.0,joulesC,1685.44,joulesC,-1073741824.0,evehicle,62.34,2026-01-01 00:04:03.500000
ev1,0.0,joulesC,1685.44,joulesC,-1073741824.0,evehicle,62.4,2026-01-01 00:04:04
ev1,0.0,joulesC,1685.44,joulesC,-1073741824.0,evehicle,62.46,2026-01-01 00:04:04.500000
ev1,0.0,joulesC,1685.44,joulesC,-1073741824.0,evehicle,62.54,2026-01-01 00:04:05
ev1,0.0,joulesC,1685.44,joulesC,-1073741824.0,evehicle,62.6,2026-01-01 00:04:05.500000
ev1,0.0,joulesC,1685.44,joulesC,-1073741824.0,evehicle,62.66,2026-01-01 00:04:06
ev1,0.0,joulesC,1685.44,joulesC,-1073741824.0,evehicle,62.71,2026-01-01 00:04:06.500000
ev1,0.0,joulesC,1685.44,joulesC,-1073741824.0,evehicle,62.77,2026-01-01 00:04:07
ev1,0.0,joulesC,1685.44,joulesC,-1073741824.0,evehicle,62.83,2026-01-01 00:04:07.500000
ev1,0.0,joulesC,1685.44,joulesC,-1073741824.0,evehicle,62.89,2026-01-01 00:04:08
ev1,0.0,joulesC,1685.44,joulesC,-1073741824.0,evehicle,62.94,2026-01-01 00:04:08.500000
ev1,0.0,joulesC,1685.44,joulesC,-1073741824.0,evehicle,63.0,2026-01-01 00:04:09
ev1,0.0,joulesC,1685.44,joulesC,-1073741824.0,evehicle,63.06,2026-01-01 00:04:09.500000
ev1,0.0,joulesC,1685.44,joulesC,-1073741824.0,evehicle,63.11,2026-01-01 00:04:10
ev1,0.0,joulesC,1685.44,joulesC,-1073741824.0,evehicle,63.17,2026-01-01 00:04:10.500000
ev1,0.0,joulesC,1685.44,joulesC,-1073741824.0,evehicle,63.26,2026-01-01 00:04:11
ev1,0.0,joulesC,1685.44,joulesC,-1073741824.0,evehicle,63.31,2026-01-01 00:04:11.500000
ev1,0.0,joulesC,1685.44,joulesC,-1073741824.0,evehicle,63.37,2026-01-01 00:04:12
ev1,0.0,joulesC,1685.44,joulesC,-1073741824.0,evehicle,63.43,2026-01-01 00:04:12.500000
ev1,0.0,joulesC,1685.44,joulesC,-1073741824.0,evehicle,63.49,2026-01-01 00:04:13
ev1,0.0,joulesC,1685.44,joulesC,-1073741824.0,evehicle,63.54,2026-01-01 00:04:13.500000
ev1,0.0,joulesC,1685.44,joulesC,-1073741824.0,evehicle,63.6,2026-01-01 00:04:14
ev1,0.0,joulesC,1685.44,joulesC,-1073741824.0,evehicle,63.66,2026-01-01 00:04:14.500000
ev1,0.0,joulesC,1685.44,joulesC,-1073741824.0,evehicle,63.71,2026-01-01 00:04:15
ev1,0.0,joulesC,1685.44,joulesC,-1073741824.0,evehicle,63.77,2026-01-01 00:04:15.500000
ev1,0.0,joulesC,1685.44,joulesC,-1073741824.0,evehicle,63.83,2026-01-01 00:04:16
ev1,0.0,joulesC,1685.44,joulesC,-1073741824.0,evehicle,63.89,2026-01-01 00:04:16.500000
ev1,0.0,joulesC,1685.44,joulesC,-1073741824.0,evehicle,63.97,2026-01-01 00:04:17
ev1,0.0,joulesC,1685.44,joulesC,-1073741824.0,evehicle,64.03,2026-01-01 00:04:17.500000
ev1,0.0,joulesC,1685.44,joulesC,-1073741824.0,evehicle,64.09,2026-01-01 00:04:18
ev1,0.0,joulesC,1685.44,joulesC,-1073741824.0,evehicle,64.14,2026-01-01 00:04:18.500000
ev1,0.0,joulesC,1685.44,joulesC,-1073741824.0,evehicle,64.2,2026-01-01 00:04:19
ev1,0.0,joulesC,1685.44,joulesC,-1073741824.0,evehicle,64.26,2026-01-01 00:04:19.500000
ev1,0.0,joulesC,1685.44,joulesC,-1073741824.0,evehicle,64.31,2026-01-01 00:04:20
ev1,0.0,joulesC,1685.44,joulesC,-1073741824.0,evehicle,64.37,2026-01-01 00:04:20.500000
ev1,0.0,joulesC,1685.44,joulesC,-1073741824.0,evehicle,64.43,2026-01-01 00:04:21
ev1,0.0,joulesC,1685.44,joulesC,-1073741824.0,evehicle,64.49,2026-01-01 00:04:21.500000
ev1,0.0,joulesC,1685.44,joulesC,-1073741824.0,evehicle,64.54,2026-01-01 00:04:22
ev1,0.0,joulesC,1685.44,joulesC,-1073741824.0,evehicle,64.6,2026-01-01 00:04:22.500000
ev1,0.0,joulesC,1685.44,joulesC,-1073741824.0,evehicle,64.69,2026-01-01 00:04:23
ev1,0.0,joulesC,1685.44,joulesC,-1073741824.0,evehicle,64.74,2026-01-01 00:04:23.500000
ev1,0.0,joulesC,1685.44,joulesC,-1073741824.0,evehicle,64.8,2026-01-01 00:04:24
ev1,0.0,joulesC,1685.44,joulesC,-1073741824.0,evehicle,64.86,2026-01-01 00:04:24.500000
ev1,0.0,joulesC,1685.44,joulesC,-1073741824.0,evehicle,64.91,2026-01-01 00:04:25
ev1,0.0,joulesC,1685.44,joulesC,-1073741824.0,evehicle,64.97,2026-01-01 00:04:25.500000
ev1,0.0,joulesC,1685.44,joulesC,-1073741824.0,evehicle,65.03,2026-01-01 00:04:26
ev1,0.0,joulesC,1685.44,joulesC,-1073741824.0,evehicle,65.09,2026-01-01 00:04:26.500000
ev1,0.0,joulesC,1685.44,joulesC,-1073741824.0,evehicle,65.14,2026-01-01 00:04:27
ev1,0.0,joulesC,1685.44,joulesC,-1073741824.0,evehicle,65.2,2026-01-01 00:04:27.500000
ev1,0.0,joulesC,1685.44,joulesC,-1073741824.0,evehicle,65.26,2026-01-01 00:04:28
ev1,0.0,joulesC,1685.44,joulesC,-1073741824.0,evehicle,65.31,2026-01-01 00:04:28.500000
ev1,0.0,joulesC,1685.44,joulesC,-1073741824.0,evehicle,65.4,2026-01-01 00:04:29
ev1,0.0,joulesC,1685.44,joulesC,-1073741824.0,evehicle,65.46,2026-01-01 00:04:29.500000
ev1,0.0,joulesC,1685.44,joulesC,-1073741824.0,evehicle,65.51,2026-01-01 00:04:30
ev1,0.0,joulesC,1685.44,joulesC,-1073741824.0,evehicle,65.57,2026-01-01 00:04:30.500000
ev1,0.0,joulesC,1685.44,joulesC,-1073741824.0,evehicle,65.63,2026-01-01 00:04:31
ev1,0.0,joulesC,1685.44,joulesC,-1073741824.0,evehicle,65.69,2026-01-01 00:04:31.500000
ev1,0.0,joulesC,1685.44,joulesC,-1073741824.0,evehicle,65.74,2026-01-01 00:04:32
ev1,0.0,joulesC,1685.44,joulesC,-1073741824.0,evehicle,65.8,2026-01-01 00:04:32.500000
ev1,0.0,joulesC,1685.44,joulesC,-1073741824.0,evehicle,65.86,2026-01-01 00:04:33
ev1,0.0,joulesC,1685.44,joulesC,-1073741824.0,evehicle,65.91,2026-01-01 00:04:33.500000
ev1,0.0,joulesC,1685.44,joulesC,-1073741824.0,evehicle,65.97,2026-01-01 00:04:34
ev1,0.0,joulesC,1685.44,joulesC,-1073741824.0,evehicle,66.03,2026-01-01 00:04:34.500000
ev1,0.0,joulesC,1685.44,joulesC,-1073741824.0,evehicle,66.11,2026-01-01 00:04:35
ev1,0.0,joulesC,1685.44,joulesC,-1073741824.0,evehicle,66.17,2026-01-01 00:04:35.500000
ev1,0.0,joulesC,1685.44,joulesC,-1073741824.0,evehicle,66.23,2026-01-01 00:04:36
ev1,0.0,joulesC,1685.44,joulesC,-1073741824.0,evehicle,66.29,2026-01-01 00:04:36.500000
ev1,0.0,joulesC,1685.44,joulesC,-1073741824.0,evehicle,66.34,2026-01-01 00:04:37
ev1,0.0,joulesC,1685.44,joulesC,-1073741824.0,evehicle,66.4,2026-01-01 00:04:37.500000
ev1,0.0,joulesC,1685.44,joulesC,-1073741824.0,evehicle,66.46,2026-01-01 00:04:38
ev1,0.0,joulesC,1685.44,joulesC,-1073741824.0,evehicle,66.51,2026-01-01 00:04:38.500000
ev1,0.0,joulesC,1685.44,joulesC,-1073741824.0,evehicle,66.57,2026-01-01 00:04:39
ev1,0.0,joulesC,1685.44,joulesC,-1073741824.0,evehicle,66.63,2026-01-01 00:04:39.500000
ev1,0.0,joulesC,1685.44,joulesC,-1073741824.0,evehicle,66.69,2026-01-01 00:04:40
ev1,0.0,joulesC,1685.44,joulesC,-1073741824.0,evehicle,66.74,2026-01-01 00:04:40.500000
ev1,0.0,joulesC,1685.44,joulesC,-1073741824.0,evehicle,66.83,2026-01-01 00:04:41
ev1,0.0,joulesC,1685.44,joulesC,-1073741824.0,evehicle,66.89,2026-01-01 00:04:41.500000
ev1,0.0,joulesC,1685.44,joulesC,-1073741824.0,evehicle,66.94,2026-01-01 00:04:42
ev1,0.0,joulesC,1685.44,joulesC,-1073741824.0,evehicle,67.0,2026-01-01 00:04:42.500000
ev1,0.0,joulesC,1685.44,joulesC,-1073741824.0,evehicle,67.06,2026-01-01 00:04:43
ev1,0.0,joulesC,1685.44,joulesC,-1073741824.0,evehicle,67.11,2026-01-01 00:04:43.500000
ev1,0.0,joulesC,1685.44,joulesC,-1073741824.0,evehicle,67.17,2026-01-01 00:04:44
ev1,0.0,joulesC,1685.44,joulesC,-1073741824.0,evehicle,67.23,2026-01-01 00:04:44.500000
ev1,0.0,joulesC,1685.44,joulesC,-1073741824.0,evehicle,67.29,2026-01-01 00:04:45
ev1,0.0,joulesC,1685.44,joulesC,-1073741824.0,evehicle,67.34,2026-01-01 00:04:45.500000
ev1,0.0,joulesC,1685.44,joulesC,-1073741824.0,evehicle,67.4,2026-01-01 00:04:46
ev1,0.0,joulesC,1685.44,joulesC,-1073741824.0,evehicle,67.46,2026-01-01 00:04:46.500000
ev1,0.0,joulesC,1685.44,joulesC,-1073741824.0,evehicle,67.54,2026-01-01 00:04:47
ev1,0.0,joulesC,1685.44,joulesC,-1073741824.0,evehicle,67.6,2026-01-01 00:04:47.500000
ev1,0.0,joulesC,1685.44,joulesC,-1073741824.0,evehicle,67.66,2026-01-01 00:04:48
ev1,0.0,joulesC,1685.44,joulesC,-1073741824.0,evehicle,67.71,2026-01-01 00:04:48.500000
ev1,0.0,joulesC,1685.44,joulesC,-1073741824.0,evehicle,67.77,2026-01-01 00:04:49
ev1,0.0,joulesC,1685.44,joulesC,-1073741824.0,evehicle,67.83,2026-01-01 00:04:49.500000
ev1,0.0,joulesC,1685.44,joulesC,-1073741824.0,evehicle,67.89,2026-01-01 00:04:50
ev1,0.0,joulesC,1685.44,joulesC,-1073741824.0,evehicle,67.94,2026-01-01 00:04:50.500000
ev1,0.0,joulesC,1685.44,joulesC,-1073741824.0,evehicle,68.0,2026-01-01 00:04:51
ev1,0.0,joulesC,1685.44,joulesC,-1073741824.0,evehicle,68.06,2026-01-01 00:04:51.500000
ev1,0.0,joulesC,1685.44,joulesC,-1073741824.0,evehicle,68.11,2026-01-01 00:04:52
ev1,0.0,joulesC,1685.44,joulesC,-1073741824.0,evehicle,68.17,2026-01-01 00:04:52.500000
ev1,0.0,joulesC,1685.44,joulesC,-1073741824.0,evehicle,68.26,2026-01-01 00:04:53
ev1,0.0,joulesC,1685.44,joulesC,-1073741824.0,evehicle,68.31,2026-01-01 00:04:53.500000
ev1,0.0,joulesC,1685.44,joulesC,-1073741824.0,evehicle,68.37,2026-01-01 00:04:54
ev1,0.0,joulesC,1685.44,joulesC,-1073741824.0,evehicle,68.43,2026-01-01 00:04:54.500000
ev1,0.0,joulesC,1685.44,joulesC,-1073741824.0,evehicle,68.49,2026-01-01 00:04:55
ev1,0.0,joulesC,1685.44,joulesC,-1073741824.0,evehicle,68.54,2026-01-01 00:04:55.500000
ev1,0.0,joulesC,1685.44,joulesC,-1073741824.0,evehicle,68.6,2026-01-01 00:04:56
ev1,0.0,joulesC,1685.44,joulesC,-1073741824.0,evehicle,68.66,2026-01-01 00:04:56.500000
ev1,0.0,joulesC,1685.44,joulesC,-1073741824.0,evehicle,68.71,2026-01-01 00:04:57
ev1,0.0,joulesC,1685.44,joulesC,-1073741824.0,evehicle,68.77,2026-01-01 00:04:57.500000
ev1,0.0,joulesC,1685.44,joulesC,-1073741824.0,evehicle,68.83,2026-01-01 00:04:58
ev1,0.0,joulesC,1685.44,joulesC,-1073741824.0,evehicle,68.89,2026-01-01 00:04:58.500000
ev1,0.0,joulesC,1685.44,joulesC,-1073741824.0,evehicle,68.97,2026-01-01 00:04:59
ev1,0.0,joulesC,1685.44,joulesC,-1073741824.0,evehicle,69.03,2026-01-01 00:04:59.500000
ev1,0.0,joulesC,1685.44,joulesC,-1073741824.0,evehicle,69.09,2026-01-01 00:05:00
ev1,0.0,joulesC,1685.44,joulesC,-1073741824.0,evehicle,69.14,2026-01-01 00:05:00.500000
ev1,0.0,joulesC,1685.44,joulesC,-1073741824.0,evehicle,69.2,2026-01-01 00:05:01
ev1,0.0,joulesC,1685.44,joulesC,-1073741824.0,evehicle,69.26,2026-01-01 00:05:01.500000
ev1,0.0,joulesC,1685.44,joulesC,-1073741824.0,evehicle,69.31,2026-01-01 00:05:02
ev1,0.0,joulesC,1685.44,joulesC,-1073741824.0,evehicle,69.37,2026-01-01 00:05:02.500000
ev1,0.0,joulesC,1685.44,joulesC,-1073741824.0,evehicle,69.43,2026-01-01 00:05:03
ev1,0.0,joulesC,1685.44,joulesC,-1073741824.0,evehicle,69.49,2026-01-01 00:05:03.500000
ev1,0.0,joulesC,1685.44,joulesC,-1073741824.0,evehicle,69.54,2026-01-01 00:05:04
ev1,0.0,joulesC,1685.44,joulesC,-1073741824.0,evehicle,69.6,2026-01-01 00:05:04.500000
ev1,0.0,joulesC,1685.44,joulesC,-1073741824.0,evehicle,69.69,2026-01-01 00:05:05
ev1,0.0,joulesC,1685.44,joulesC,-1073741824.0,evehicle,69.74,2026-01-01 00:05:05.500000
ev1,0.0,joulesC,1685.44,joulesC,-1073741824.0,evehicle,69.8,2026-01-01 00:05:06
ev1,0.0,joulesC,1685.44,joulesC,-1073741824.0,evehicle,69.86,2026-01-01 00:05:06.500000
ev1,0.0,joulesC,1685.44,joulesC,-1073741824.0,evehicle,69.91,2026-01-01 00:05:07
ev1,0.0,joulesC,1685.44,joulesC,-1073741824.0,evehicle,69.97,2026-01-01 00:05:07.500000
ev1,0.0,joulesC,1685.44,joulesC,-1073741824.0,evehicle,70.03,2026-01-01 00:05:08
ev1,0.0,joulesC,1685.44,joulesC,-1073741824.0,evehicle,70.09,2026-01-01 00:05:08.500000
ev1,0.0,joulesC,1685.44,joulesC,-1073741824.0,evehicle,70.14,2026-01-01 00:05:09
ev1,0.0,joulesC,1685.44,joulesC,-1073741824.0,evehicle,70.2,2026-01-01 00:05:09.500000
ev1,0.0,joulesC,1685.44,joulesC,-1073741824.0,evehicle,70.26,2026-01-01 00:05:10
ev1,0.0,joulesC,1685.44,joulesC,-1073741824.0,evehicle,70.31,2026-01-01 00:05:10.500000
ev1,0.0,joulesC,1685.44,joulesC,-1073741824.0,evehicle,70.4,2026-01-01 00:05:11
ev1,0.0,joulesC,1685.44,joulesC,-1073741824.0,evehicle,70.46,2026-01-01 00:05:11.500000
ev1,0.0,joulesC,1685.44,joulesC,-1073741824.0,evehicle,70.51,2026-01-01 00:05:12
ev1,0.0,joulesC,1685.44,joulesC,-1073741824.0,evehicle,70.57,2026-01-01 00:05:12.500000
ev1,0.0,joulesC,1685.44,joulesC,-1073741824.0,evehicle,70.63,2026-01-01 00:05:13
ev1,0.0,joulesC,1685.44,joulesC,-1073741824.0,evehicle,70.69,2026-01-01 00:05:13.500000
ev1,0.0,joulesC,1685.44,joulesC,-1073741824.0,evehicle,70.74,2026-01-01 00:05:14
ev1,0.0,joulesC,1685.44,joulesC,-1073741824.0,evehicle,70.8,2026-01-01 00:05:14.500000
ev1,0.0,joulesC,1685.44,joulesC,-1073741824.0,evehicle,70.86,2026-01-01 00:05:15
ev1,0.0,joulesC,1685.44,joulesC,-1073741824.0,evehicle,70.91,2026-01-01 00:05:15.500000
ev1,0.0,joulesC,1685.44,joulesC,-1073741824.0,evehicle,70.97,2026-01-01 00:05:16
ev1,0.0,joulesC,1685.44,joulesC,-1073741824.0,evehicle,71.03,2026-01-01 00:05:16.500000
ev1,0.0,joulesC,1685.44,joulesC,-1073741824.0,evehicle,71.11,2026-01-01 00:05:17
ev1,0.0,joulesC,1685.44,joulesC,-1073741824.0,evehicle,71.17,2026-01-01 00:05:17.500000
ev1,0.0,joulesC,1685.44,joulesC,-1073741824.0,evehicle,71.23,2026-01-01 00:05:18
ev1,0.0,joulesC,1685.44,joulesC,-1073741824.0,evehicle,71.29,2026-01-01 00:05:18.500000
ev1,0.0,joulesC,1685.44,joulesC,-1073741824.0,evehicle,71.34,2026-01-01 00:05:19
ev1,0.0,joulesC,1685.44,joulesC,-1073741824.0,evehicle,71.4,2026-01-01 00:05:19.500000
ev1,0.0,joulesC,1685.44,joulesC,-1073741824.0,evehicle,71.46,2026-01-01 00:05:20
ev1,0.0,joulesC,1685.44,joulesC,-1073741824.0,evehicle,71.51,2026-01-01 00:05:20.500000
ev1,0.0,joulesC,1685.44,joulesC,-1073741824.0,evehicle,71.57,2026-01-01 00:05:21
ev1,0.0,joulesC,1685.44,joulesC,-1073741824.0,evehicle,71.63,2026-01-01 00:05:21.500000
ev1,0.0,joulesC,1685.44,joulesC,-1073741824.0,evehicle,71.69,2026-01-01 00:05:22
ev1,0.0,joulesC,1685.44,joulesC,-1073741824.0,evehicle,71.74,2026-01-01 00:05:22.500000
ev1,0.0,joulesC,1685.44,joulesC,-1073741824.0,evehicle,71.83,2026-01-01 00:05:23
ev1,0.0,joulesC,1685.44,joulesC,-1073741824.0,evehicle,71.89,2026-01-01 00:05:23.500000
ev1,0.0,joulesC,1685.44,joulesC,-1073741824.0,evehicle,71.94,2026-01-01 00:05:24
ev1,0.0,joulesC,1685.44,joulesC,-1073741824.0,evehicle,72.0,2026-01-01 00:05:24.500000
ev1,0.0,joulesC,1685.44,joulesC,-1073741824.0,evehicle,72.06,2026-01-01 00:05:25
ev1,0.0,joulesC,1685.44,joulesC,-1073741824.0,evehicle,72.11,2026-01-01 00:05:25.500000
ev1,0.0,joulesC,1685.44,joulesC,-1073741824.0,evehicle,72.17,2026-01-01 00:05:26
ev1,0.0,joulesC,1685.44,joulesC,-1073741824.0,evehicle,72.23,2026-01-01 00:05:26.500000
ev1,0.0,joulesC,1685.44,joulesC,-1073741824.0,evehicle,72.29,2026-01-01 00:05:27
ev1,0.0,joulesC,1685.44,joulesC,-1073741824.0,evehicle,72.34,2026-01-01 00:05:27.500000
ev1,0.0,joulesC,1685.44,joulesC,-1073741824.0,evehicle,72.4,2026-01-01 00:05:28
ev1,0.0,joulesC,1685.44,joulesC,-1073741824.0,evehicle,72.46,2026-01-01 00:05:28.500000
ev1,0.0,joulesC,1685.44,joulesC,-1073741824.0,evehicle,72.54,2026-01-01 00:05:29
ev1,0.0,joulesC,1685.44,joulesC,-1073741824.0,evehicle,72.6,2026-01-01 00:05:29.500000
ev1,0.0,joulesC,1685.44,joulesC,-1073741824.0,evehicle,72.66,2026-01-01 00:05:30
ev1,0.0,joulesC,1685.44,joulesC,-1073741824.0,evehicle,72.71,2026-01-01 00:05:30.500000
ev1,0.0,joulesC,1685.44,joulesC,-1073741824.0,evehicle,72.77,2026-01-01 00:05:31
ev1,0.0,joulesC,1685.44,joulesC,-1073741824.0,evehicle,72.83,2026-01-01 00:05:31.500000
ev1,0.0,joulesC,1685.44,joulesC,-1073741824.0,evehicle,72.89,2026-01-01 00:05:32
ev1,0.0,joulesC,1685.44,joulesC,-1073741824.0,evehicle,72.94,2026-01-01 00:05:32.500000
ev1,0.0,joulesC,1685.44,joulesC,-1073741824.0,evehicle,73.0,2026-01-01 00:05:33
ev1,0.0,joulesC,1685.44,joulesC,-1073741824.0,evehicle,73.06,2026-01-01 00:05:33.500000
ev1,0.0,joulesC,1685.44,joulesC,-1073741824.0,evehicle,73.11,2026-01-01 00:05:34
ev1,0.0,joulesC,1685.44,joulesC,-1073741824.0,evehicle,73.17,2026-01-01 00:05:34.500000
ev1,0.0,joulesC,1685.44,joulesC,-1073741824.0,evehicle,73.26,2026-01-01 00:05:35
ev1,0.0,joulesC,1685.44,joulesC,-1073741824.0,evehicle,73.31,2026-01-01 00:05:35.500000
ev1,0.0,joulesC,1685.44,joulesC,-1073741824.0,evehicle,73.37,2026-01-01 00:05:36
ev1,0.0,joulesC,1685.44,joulesC,-1073741824.0,evehicle,73.43,2026-01-01 00:05:36.500000
ev1,0.0,joulesC,1685.44,joulesC,-1073741824.0,evehicle,73.49,2026-01-01 00:05:37
ev1,0.0,joulesC,1685.44,joulesC,-1073741824.0,evehicle,73.54,2026-01-01 00:05:37.500000
ev1,0.0,joulesC,1685.44,joulesC,-1073741824.0,evehicle,73.6,2026-01-01 00:05:38
ev1,0.0,joulesC,1685.44,joulesC,-1073741824.0,evehicle,73.66,2026-01-01 00:05:38.500000
ev1,0.0,joulesC,1685.44,joulesC,-1073741824.0,evehicle,73.71,2026-01-01 00:05:39
ev1,0.0,joulesC,1685.44,joulesC,-1073741824.0,evehicle,73.77,2026-01-01 00:05:39.500000
ev1,0.0,joulesC,1685.44,joulesC,-1073741824.0,evehicle,73.83,2026-01-01 00:05:40
ev1,0.0,joulesC,1685.44,joulesC,-1073741824.0,evehicle,73.89,2026-01-01 00:05:40.500000
ev1,0.0,joulesC,1685.44,joulesC,-1073741824.0,evehicle,73.97,2026-01-01 00:05:41
ev1,0.0,joulesC,1685.44,joulesC,-1073741824.0,evehicle,74.03,2026-01-01 00:05:41.500000
ev1,0.0,joulesC,1685.44,joulesC,-1073741824.0,evehicle,74.09,2026-01-01 00:05:42
ev1,0.0,joulesC,1685.44,joulesC,-1073741824.0,evehicle,74.14,2026-01-01 00:05:42.500000
ev1,0.0,joulesC,1685.44,joulesC,-1073741824.0,evehicle,74.2,2026-01-01 00:05:43
ev1,0.0,joulesC,1685.44,joulesC,-1073741824.0,evehicle,74.26,2026-01-01 00:05:43.500000
ev1,0.0,joulesC,1685.44,joulesC,-1073741824.0,evehicle,74.31,2026-01-01 00:05:44
ev1,0.0,joulesC,1685.44,joulesC,-1073741824.0,evehicle,74.37,2026-01-01 00:05:44.500000
ev1,0.0,joulesC,1685.44,joulesC,-1073741824.0,evehicle,74.43,2026-01-01 00:05:45
ev1,0.0,joulesC,1685.44,joulesC,-1073741824.0,evehicle,74.49,2026-01-01 00:05:45.500000
ev1,0.0,joulesC,1685.44,joulesC,-1073741824.0,evehicle,74.54,2026-01-01 00:05:46
ev1,0.0,joulesC,1685.44,joulesC,-1073741824.0,evehicle,74.6,2026-01-01 00:05:46.500000
ev1,0.0,joulesC,1685.44,joulesC,-1073741824.0,evehicle,74.69,2026-01-01 00:05:47
ev1,0.0,joulesC,1685.44,joulesC,-1073741824.0,evehicle,74.74,2026-01-01 00:05:47.500000
ev1,0.0,joulesC,1685.44,joulesC,-1073741824.0,evehicle,74.8,2026-01-01 00:05:48
ev1,0.0,joulesC,1685.44,joulesC,-1073741824.0,evehicle,74.86,2026-01-01 00:05:48.500000
ev1,0.0,joulesC,1685.44,joulesC,-1073741824.0,evehicle,74.91,2026-01-01 00:05:49
ev1,0.0,joulesC,1685.44,joulesC,-1073741824.0,evehicle,74.97,2026-01-01 00:05:49.500000
ev1,0.0,joulesC,1685.44,joulesC,-1073741824.0,evehicle,75.03,2026-01-01 00:05:50
ev1,0.0,joulesC,1685.44,joulesC,-1073741824.0,evehicle,75.09,2026-01-01 00:05:50.500000
ev1,0.0,joulesC,1685.44,joulesC,-1073741824.0,evehicle,75.14,2026-01-01 00:05:51
ev1,0.0,joulesC,1685.44,joulesC,-1073741824.0,evehicle,75.2,2026-01-01 00:05:51.500000
ev1,0.0,joulesC,1685.44,joulesC,-1073741824.0,evehicle,75.26,2026-01-01 00:05:52
ev1,0.0,joulesC,1685.44,joulesC,-1073741824.0,evehicle,75.31,2026-01-01 00:05:52.500000
ev1,0.0,joulesC,1685.44,joulesC,-1073741824.0,evehicle,75.4,2026-01-01 00:05:53
ev1,0.0,joulesC,1685.44,joulesC,-1073741824.0,evehicle,75.46,2026-01-01 00:05:53.500000
ev1,0.0,joulesC,1685.44,joulesC,-1073741824.0,evehicle,75.51,2026-01-01 00:05:54
ev1,0.0,joulesC,1685.44,joulesC,-1073741824.0,evehicle,75.57,2026-01-01 00:05:54.500000
ev1,0.0,joulesC,1685.44,joulesC,-1073741824.0,evehicle,75.63,2026-01-01 00:05:55
ev1,0.0,joulesC,1685.44,joulesC,-1073741824.0,evehicle,75.69,2026-01-01 00:05:55.500000
ev1,0.0,joulesC,1685.44,joulesC,-1073741824.0,evehicle,75.74,2026-01-01 00:05:56
ev1,0.0,joulesC,1685.44,joulesC,-1073741824.0,evehicle,75.8,2026-01-01 00:05:56.500000
ev1,0.0,joulesC,1685.44,joulesC,-1073741824.0,evehicle,75.86,2026-01-01 00:05:57
ev1,0.0,joulesC,1685.44,joulesC,-1073741824.0,evehicle,75.91,2026-01-01 00:05:57.500000
ev1,0.0,joulesC,1685.44,joulesC,-1073741824.0,evehicle,75.97,2026-01-01 00:05:58
ev1,0.0,joulesC,1685.44,joulesC,-1073741824.0,evehicle,76.03,2026-01-01 00:05:58.500000
ev1,0.0,joulesC,1685.44,joulesC,-1073741824.0,evehicle,76.11,2026-01-01 00:05:59
ev1,0.0,joulesC,1685.44,joulesC,-1073741824.0,evehicle,76.17,2026-01-01 00:05:59.500000
ev1,0.0,joulesC,1685.44,joulesC,-1073741824.0,evehicle,76.23,2026-01-01 00:06:00
ev1,0.0,joulesC,1685.44,joulesC,-1073741824.0,evehicle,76.29,2026-01-01 00:06:00.500000
ev1,0.0,joulesC,1685.44,joulesC,-1073741824.0,evehicle,76.34,2026-01-01 00:06:01
ev1,0.0,joulesC,1685.44,joulesC,-1073741824.0,evehicle,76.4,2026-01-01 00:06:01.500000
ev1,0.0,joulesC,1685.44,joulesC,-1073741824.0,evehicle,76.46,2026-01-01 00:06:02
ev1,0.0,joulesC,1685.44,joulesC,-1073741824.0,evehicle,76.51,2026-01-01 00:06:02.500000
ev1,0.0,joulesC,1685.44,joulesC,-1073741824.0,evehicle,76.57,2026-01-01 00:06:03
ev1,0.0,joulesC,1685.44,joulesC,-1073741824.0,evehicle,76.63,2026-01-01 00:06:03.500000
ev1,0.0,joulesC,1685.44,joulesC,-1073741824.0,evehicle,76.69,2026-01-01 00:06:04
ev1,0.0,joulesC,1685.44,joulesC,-1073741824.0,evehicle,76.74,2026-01-01 00:06:04.500000
ev1,0.0,joulesC,1685.44,joulesC,-1073741824.0,evehicle,76.83,2026-01-01 00:06:05
ev1,0.0,joulesC,1685.44,joulesC,-1073741824.0,evehicle,76.89,2026-01-01 00:06:05.500000
ev1,0.0,joulesC,1685.44,joulesC,-1073741824.0,evehicle,76.94,2026-01-01 00:06:06
ev1,0.0,joulesC,1685.44,joulesC,-1073741824.0,evehicle,77.0,2026-01-01 00:06:06.500000
ev1,0.0,joulesC,1685.44,joulesC,-1073741824.0,evehicle,77.06,2026-01-01 00:06:07
ev1,0.0,joulesC,1685.44,joulesC,-1073741824.0,evehicle,77.11,2026-01-01 00:06:07.500000
ev1,0.0,joulesC,1685.44,joulesC,-1073741824.0,evehicle,77.17,2026-01-01 00:06:08
ev1,0.0,joulesC,1685.44,joulesC,-1073741824.0,evehicle,77.23,2026-01-01 00:06:08.500000
ev1,0.0,joulesC,1685.44,joulesC,-1073741824.0,evehicle,77.29,2026-01-01 00:06:09
ev1,0.0,joulesC,1685.44,joulesC,-1073741824.0,evehicle,77.34,2026-01-01 00:06:09.500000
ev1,0.0,joulesC,1685.44,joulesC,-1073741824.0,evehicle,77.4,2026-01-01 00:06:10
ev1,0.0,joulesC,1685.44,joulesC,-1073741824.0,evehicle,77.46,2026-01-01 00:06:10.500000
ev1,0.0,joulesC,1685.44,joulesC,-1073741824.0,evehicle,77.54,2026-01-01 00:06:11
ev1,0.0,joulesC,1685.44,joulesC,-1073741824.0,evehicle,77.6,2026-01-01 00:06:11.500000
ev1,0.0,joulesC,1685.44,joulesC,-1073741824.0,evehicle,77.66,2026-01-01 00:06:12
ev1,0.0,joulesC,1685.44,joulesC,-1073741824.0,evehicle,77.71,2026-01-01 00:06:12.500000
ev1,0.0,joulesC,1685.44,joulesC,-1073741824.0,evehicle,77.77,2026-01-01 00:06:13
ev1,0.0,joulesC,1685.44,joulesC,-1073741824.0,evehicle,77.83,2026-01-01 00:06:13.500000
ev1,0.0,joulesC,1685.44,joulesC,-1073741824.0,evehicle,77.89,2026-01-01 00:06:14
ev1,0.0,joulesC,1685.44,joulesC,-1073741824.0,evehicle,77.94,2026-01-01 00:06:14.500000
ev1,0.0,joulesC,1685.44,joulesC,-1073741824.0,evehicle,78.0,2026-01-01 00:06:15
ev1,0.0,joulesC,1685.44,joulesC,-1073741824.0,evehicle,78.06,2026-01-01 00:06:15.500000
ev1,0.0,joulesC,1685.44,joulesC,-1073741824.0,evehicle,78.11,2026-01-01 00:06:16
ev1,0.0,joulesC,1685.44,joulesC,-1073741824.0,evehicle,78.17,2026-01-01 00:06:16.500000
ev1,0.0,joulesC,1685.44,joulesC,-1073741824.0,evehicle,78.26,2026-01-01 00:06:17
ev1,0.0,joulesC,1685.44,joulesC,-1073741824.0,evehicle,78.31,2026-01-01 00:06:17.500000
ev1,0.0,joulesC,1685.44,joulesC,-1073741824.0,evehicle,78.37,2026-01-01 00:06:18
ev1,0.0,joulesC,1685.44,joulesC,-1073741824.0,evehicle,78.43,2026-01-01 00:06:18.500000
ev1,0.0,joulesC,1685.44,joulesC,-1073741824.0,evehicle,78.49,2026-01-01 00:06:19
ev1,0.0,joulesC,1685.44,joulesC,-1073741824.0,evehicle,78.54,2026-01-01 00:06:19.500000
ev1,0.0,joulesC,1685.44,joulesC,-1073741824.0,evehicle,78.6,2026-01-01 00:06:20
ev1,0.0,joulesC,1685.44,joulesC,-1073741824.0,evehicle,78.66,2026-01-01 00:06:20.500000
ev1,0.0,joulesC,1685.44,joulesC,-1073741824.0,evehicle,78.71,2026-01-01 00:06:21
ev1,0.0,joulesC,1685.44,joulesC,-1073741824.0,evehicle,78.77,2026-01-01 00:06:21.500000
ev1,0.0,joulesC,1685.44,joulesC,-1073741824.0,evehicle,78.83,2026-01-01 00:06:22
ev1,0.0,joulesC,1685.44,joulesC,-1073741824.0,evehicle,78.89,2026-01-01 00:06:22.500000
ev1,0.0,joulesC,1685.44,joulesC,-1073741824.0,evehicle,78.97,2026-01-01 00:06:23
ev1,0.0,joulesC,1685.44,joulesC,-1073741824.0,evehicle,79.03,2026-01-01 00:06:23.500000
ev1,0.0,joulesC,1685.44,joulesC,-1073741824.0,evehicle,79.09,2026-01-01 00:06:24
ev1,0.0,joulesC,1685.44,joulesC,-1073741824.0,evehicle,79.14,2026-01-01 00:06:24.500000
ev1,0.0,joulesC,1685.44,joulesC,-1073741824.0,evehicle,79.2,2026-01-01 00:06:25
ev1,0.0,joulesC,1685.44,joulesC,-1073741824.0,evehicle,79.26,2026-01-01 00:06:25.500000
ev1,0.0,joulesC,1685.44,joulesC,-1073741824.0,evehicle,79.31,2026-01-01 00:06:26
ev1,0.0,joulesC,1685.44,joulesC,-1073741824.0,evehicle,79.37,2026-01-01 00:06:26.500000
ev1,0.0,joulesC,1685.44,joulesC,-1073741824.0,evehicle,79.43,2026-01-01 00:06:27
ev1,0.0,joulesC,1685.44,joulesC,-1073741824.0,evehicle,79.49,2026-01-01 00:06:27.500000
ev1,0.0,joulesC,1685.44,joulesC,-1073741824.0,evehicle,79.54,2026-01-01 00:06:28
ev1,0.0,joulesC,1685.44,joulesC,-1073741824.0,evehicle,79.6,2026-01-01 00:06:28.500000
ev1,0.0,joulesC,1685.44,joulesC,-1073741824.0,evehicle,79.69,2026-01-01 00:06:29
ev1,0.0,joulesC,1685.44,joulesC,-1073741824.0,evehicle,79.74,2026-01-01 00:06:29.500000
ev1,0.0,joulesC,1685.44,joulesC,-1073741824.0,evehicle,79.8,2026-01-01 00:06:30
ev1,0.0,joulesC,1685.44,joulesC,-1073741824.0,evehicle,79.86,2026-01-01 00:06:30.500000
ev1,0.0,joulesC,1685.44,joulesC,-1073741824.0,evehicle,79.91,2026-01-01 00:06:31
ev1,0.0,joulesC,1685.44,joulesC,-1073741824.0,evehicle,79.97,2026-01-01 00:06:31.500000
ev1,0.0,joulesC,1685.44,joulesC,-1073741824.0,evehicle,80.03,2026-01-01 00:06:32
ev1,0.0,joulesC,1685.44,joulesC,-1073741824.0,evehicle,80.09,2026-01-01 00:06:32.500000
ev1,0.0,joulesC,1685.44,joulesC,-1073741824.0,evehicle,80.14,2026-01-01 00:06:33
ev1,0.0,joulesC,1685.44,joulesC,-1073741824.0,evehicle,80.2,2026-01-01 00:06:33.500000
ev1,0.0,joulesC,1685.44,joulesC,-1073741824.0,evehicle,80.26,2026-01-01 00:06:34
ev1,0.0,joulesC,1685.44,joulesC,-1073741824.0,evehicle,80.31,2026-01-01 00:06:34.500000
ev1,0.0,joulesC,1685.44,joulesC,-1073741824.0,evehicle,80.4,2026-01-01 00:06:35
ev1,0.0,joulesC,1685.44,joulesC,-1073741824.0,evehicle,80.46,2026-01-01 00:06:35.500000
ev1,0.0,joulesC,1685.44,joulesC,-1073741824.0,evehicle,80.51,2026-01-01 00:06:36
ev1,0.0,joulesC,1685.44,joulesC,-1073741824.0,evehicle,80.57,2026-01-01 00:06:36.500000
ev1,0.0,joulesC,1685.44,joulesC,-1073741824.0,evehicle,80.63,2026-01-01 00:06:37
ev1,0.0,joulesC,1685.44,joulesC,-1073741824.0,evehicle,80.69,2026-01-01 00:06:37.500000
ev1,0.0,joulesC,1685.44,joulesC,-1073741824.0,evehicle,80.74,2026-01-01 00:06:38
ev1,0.0,joulesC,1685.44,joulesC,-1073741824.0,evehicle,80.8,2026-01-01 00:06:38.500000
ev1,0.0,joulesC,1685.44,joulesC,-1073741824.0,evehicle,80.86,2026-01-01 00:06:39
ev1,0.0,joulesC,1685.44,joulesC,-1073741824.0,evehicle,80.91,2026-01-01 00:06:39.500000
ev1,0.0,joulesC,1685.44,joulesC,-1073741824.0,evehicle,80.97,2026-01-01 00:06:40
ev1,0.0,joulesC,1685.44,joulesC,-1073741824.0,evehicle,81.03,2026-01-01 00:06:40.500000
ev1,0.0,joulesC,1685.44,joulesC,-1073741824.0,evehicle,81.11,2026-01-01 00:06:41
ev1,0.0,joulesC,1685.44,joulesC,-1073741824.0,evehicle,81.17,2026-01-01 00:06:41.500000
ev1,0.0,joulesC,1685.44,joulesC,-1073741824.0,evehicle,81.23,2026-01-01 00:06:42
ev1,0.0,joulesC,1685.44,joulesC,-1073741824.0,evehicle,81.29,2026-01-01 00:06:42.500000
ev1,0.0,joulesC,1685.44,joulesC,-1073741824.0,evehicle,81.34,2026-01-01 00:06:43
ev1,0.0,joulesC,1685.44,joulesC,-1073741824.0,evehicle,81.4,2026-01-01 00:06:43.500000
ev1,0.0,joulesC,1685.44,joulesC,-1073741824.0,evehicle,81.46,2026-01-01 00:06:44
ev1,0.0,joulesC,1685.44,joulesC,-1073741824.0,evehicle,81.51,2026-01-01 00:06:44.500000
ev1,0.0,joulesC,1685.44,joulesC,-1073741824.0,evehicle,81.57,2026-01-01 00:06:45
ev1,0.0,joulesC,1685.44,joulesC,-1073741824.0,evehicle,81.63,2026-01-01 00:06:45.500000
ev1,0.0,joulesC,1685.44,joulesC,-1073741824.0,evehicle,81.69,2026-01-01 00:06:46
ev1,0.0,joulesC,1685.44,joulesC,-1073741824.0,evehicle,81.74,2026-01-01 00:06:46.500000
ev1,0.0,joulesC,1685.44,joulesC,-1073741824.0,evehicle,81.83,2026-01-01 00:06:47
ev1,0.0,joulesC,1685.44,joulesC,-1073741824.0,evehicle,81.89,2026-01-01 00:06:47.500000
ev1,0.0,joulesC,1685.44,joulesC,-1073741824.0,evehicle,81.94,2026-01-01 00:06:48
ev1,0.0,joulesC,1685.44,joulesC,-1073741824.0,evehicle,82.0,2026-01-01 00:06:48.500000
ev1,0.0,joulesC,1685.44,joulesC,-1073741824.0,evehicle,82.06,2026-01-01 00:06:49
ev1,0.0,joulesC,1685.44,joulesC,-1073741824.0,evehicle,82.11,2026-01-01 00:06:49.500000
ev1,0.0,joulesC,1685.44,joulesC,-1073741824.0,evehicle,82.17,2026-01-01 00:06:50
ev1,0.0,joulesC,1685.44,joulesC,-1073741824.0,evehicle,82.23,2026-01-01 00:06:50.500000
ev1,0.0,joulesC,1685.44,joulesC,-1073741824.0,evehicle,82.29,2026-01-01 00:06:51
ev1,0.0,joulesC,1685.44,joulesC,-1073741824.0,evehicle,82.34,2026-01-01 00:06:51.500000
ev1,0.0,joulesC,1685.44,joulesC,-1073741824.0,evehicle,82.4,2026-01-01 00:06:52
ev1,0.0,joulesC,1685.44,joulesC,-1073741824.0,evehicle,82.46,2026-01-01 00:06:52.500000
ev1,0.0,joulesC,1685.44,joulesC,-1073741824.0,evehicle,82.54,2026-01-01 00:06:53
ev1,0.0,joulesC,1685.44,joulesC,-1073741824.0,evehicle,82.6,2026-01-01 00:06:53.500000
ev1,0.0,joulesC,1685.44,joulesC,-1073741824.0,evehicle,82.66,2026-01-01 00:06:54
ev1,0.0,joulesC,1685.44,joulesC,-1073741824.0,evehicle,82.71,2026-01-01 00:06:54.500000
ev1,0.0,joulesC,1685.44,joulesC,-1073741824.0,evehicle,82.77,2026-01-01 00:06:55
ev1,0.0,joulesC,1685.44,joulesC,-1073741824.0,evehicle,82.83,2026-01-01 00:06:55.500000
ev1,0.0,joulesC,1685.44,joulesC,-1073741824.0,evehicle,82.89,2026-01-01 00:06:56
ev1,0.0,joulesC,1685.44,joulesC,-1073741824.0,evehicle,82.94,2026-01-01 00:06:56.500000
ev1,0.0,joulesC,1685.44,joulesC,-1073741824.0,evehicle,83.0,2026-01-01 00:06:57
ev1,0.0,joulesC,1685.44,joulesC,-1073741824.0,evehicle,83.06,2026-01-01 00:06:57.500000
ev1,0.0,joulesC,1685.44,joulesC,-1073741824.0,evehicle,83.11,2026-01-01 00:06:58
ev1,0.0,joulesC,1685.44,joulesC,-1073741824.0,evehicle,83.17,2026-01-01 00:06:58.500000
ev1,0.0,joulesC,1685.44,joulesC,-1073741824.0,evehicle,83.26,2026-01-01 00:06:59
ev1,0.0,joulesC,1685.44,joulesC,-1073741824.0,evehicle,83.31,2026-01-01 00:06:59.500000
ev1,0.0,joulesC,1685.44,joulesC,-1073741824.0,evehicle,83.37,2026-01-01 00:07:00
ev1,0.0,joulesC,1685.44,joulesC,-1073741824.0,evehicle,83.43,2026-01-01 00:07:00.500000
ev1,0.0,joulesC,1685.44,joulesC,-1073741824.0,evehicle,83.49,2026-01-01 00:07:01
ev1,0.0,joulesC,1685.44,joulesC,-1073741824.0,evehicle,83.54,2026-01-01 00:07:01.500000
ev1,0.0,joulesC,1685.44,joulesC,-1073741824.0,evehicle,83.6,2026-01-01 00:07:02
ev1,0.0,joulesC,1685.44,joulesC,-1073741824.0,evehicle,83.66,2026-01-01 00:07:02.500000
ev1,0.0,joulesC,1685.44,joulesC,-1073741824.0,evehicle,83.71,2026-01-01 00:07:03
ev1,0.0,joulesC,1685.44,joulesC,-1073741824.0,evehicle,83.77,2026-01-01 00:07:03.500000
ev1,0.0,joulesC,1685.44,joulesC,-1073741824.0,evehicle,83.83,2026-01-01 00:07:04
ev1,0.0,joulesC,1685.44,joulesC,-1073741824.0,evehicle,83.89,2026-01-01 00:07:04.500000
ev1,0.0,joulesC,1685.44,joulesC,-1073741824.0,evehicle,83.97,2026-01-01 00:07:05
ev1,0.0,joulesC,1685.44,joulesC,-1073741824.0,evehicle,84.03,2026-01-01 00:07:05.500000
ev1,0.0,joulesC,1685.44,joulesC,-1073741824.0,evehicle,84.09,2026-01-01 00:07:06
ev1,0.0,joulesC,1685.44,joulesC,-1073741824.0,evehicle,84.14,2026-01-01 00:07:06.500000
ev1,0.0,joulesC,1685.44,joulesC,-1073741824.0,evehicle,84.2,2026-01-01 00:07:07
ev1,0.0,joulesC,1685.44,joulesC,-1073741824.0,evehicle,84.26,2026-01-01 00:07:07.500000
ev1,0.0,joulesC,1685.44,joulesC,-1073741824.0,evehicle,84.31,2026-01-01 00:07:08
ev1,0.0,joulesC,1685.44,joulesC,-1073741824.0,evehicle,84.37,2026-01-01 00:07:08.500000
ev1,0.0,joulesC,1685.44,joulesC,-1073741824.0,evehicle,84.43,2026-01-01 00:07:09
ev1,0.0,joulesC,1685.44,joulesC,-1073741824.0,evehicle,84.49,2026-01-01 00:07:09.500000
ev1,0.0,joulesC,1685.44,joulesC,-1073741824.0,evehicle,84.54,2026-01-01 00:07:10
ev1,0.0,joulesC,1685.44,joulesC,-1073741824.0,evehicle,84.6,2026-01-01 00:07:10.500000
ev1,0.0,joulesC,1685.44,joulesC,-1073741824.0,evehicle,84.69,2026-01-01 00:07:11
ev1,0.0,joulesC,1685.44,joulesC,-1073741824.0,evehicle,84.74,2026-01-01 00:07:11.500000
ev1,0.0,joulesC,1685.44,joulesC,-1073741824.0,evehicle,84.8,2026-01-01 00:07:12
ev1,0.0,joulesC,1685.44,joulesC,-1073741824.0,evehicle,84.86,2026-01-01 00:07:12.500000
ev1,0.0,joulesC,1685.44,joulesC,-1073741824.0,evehicle,84.91,2026-01-01 00:07:13
ev1,0.0,joulesC,1685.44,joulesC,-1073741824.0,evehicle,84.97,2026-01-01 00:07:13.500000
ev1,0.0,joulesC,1685.44,joulesC,-1073741824.0,evehicle,85.03,2026-01-01 00:07:14
ev1,0.0,joulesC,1685.44,joulesC,-1073741824.0,evehicle,85.09,2026-01-01 00:07:14.500000
ev1,0.0,joulesC,1685.44,joulesC,-1073741824.0,evehicle,85.14,2026-01-01 00:07:15
ev1,0.0,joulesC,1685.44,joulesC,-1073741824.0,evehicle,85.2,2026-01-01 00:07:15.500000
ev1,0.0,joulesC,1685.44,joulesC,-1073741824.0,evehicle,85.26,2026-01-01 00:07:16
ev1,0.0,joulesC,1685.44,joulesC,-1073741824.0,evehicle,85.31,2026-01-01 00:07:16.500000
ev1,0.0,joulesC,1685.44,joulesC,-1073741824.0,evehicle,85.4,2026-01-01 00:07:17
ev1,0.0,joulesC,1685.44,joulesC,-1073741824.0,evehicle,85.46,2026-01-01 00:07:17.500000
ev1,0.0,joulesC,1685.44,joulesC,-1073741824.0,evehicle,85.51,2026-01-01 00:07:18
ev1,0.0,joulesC,1685.44,joulesC,-1073741824.0,evehicle,85.57,2026-01-01 00:07:18.500000
ev1,0.0,joulesC,1685.44,joulesC,-1073741824.0,evehicle,85.63,2026-01-01 00:07:19
ev1,0.0,joulesC,1685.44,joulesC,-1073741824.0,evehicle,85.69,2026-01-01 00:07:19.500000
ev1,0.0,joulesC,1685.44,joulesC,-1073741824.0,evehicle,85.74,2026-01-01 00:07:20
ev1,0.0,joulesC,1685.44,joulesC,-1073741824.0,evehicle,85.8,2026-01-01 00:07:20.500000
ev1,0.0,joulesC,1685.44,joulesC,-1073741824.0,evehicle,85.86,2026-01-01 00:07:21
ev1,0.0,joulesC,1685.44,joulesC,-1073741824.0,evehicle,85.91,2026-01-01 00:07:21.500000
ev1,0.0,joulesC,1685.44,joulesC,-1073741824.0,evehicle,85.97,2026-01-01 00:07:22
ev1,0.0,joulesC,1685.44,joulesC,-1073741824.0,evehicle,86.03,2026-01-01 00:07:22.500000
ev1,0.0,joulesC,1685.44,joulesC,-1073741824.0,evehicle,86.11,2026-01-01 00:07:23
ev1,0.0,joulesC,1685.44,joulesC,-1073741824.0,evehicle,86.17,2026-01-01 00:07:23.500000
ev1,0.0,joulesC,1685.44,joulesC,-1073741824.0,evehicle,86.23,2026-01-01 00:07:24
ev1,0.0,joulesC,1685.44,joulesC,-1073741824.0,evehicle,86.29,2026-01-01 00:07:24.500000
ev1,0.0,joulesC,1685.44,joulesC,-1073741824.0,evehicle,86.34,2026-01-01 00:07:25
ev1,0.0,joulesC,1685.44,joulesC,-1073741824.0,evehicle,86.4,2026-01-01 00:07:25.500000
ev1,0.0,joulesC,1685.44,joulesC,-1073741824.0,evehicle,86.46,2026-01-01 00:07:26
ev1,0.0,joulesC,1685.44,joulesC,-1073741824.0,evehicle,86.51,2026-01-01 00:07:26.500000
ev1,0.0,joulesC,1685.44,joulesC,-1073741824.0,evehicle,86.57,2026-01-01 00:07:27
ev1,0.0,joulesC,1685.44,joulesC,-1073741824.0,evehicle,86.63,2026-01-01 00:07:27.500000
ev1,0.0,joulesC,1685.44,joulesC,-1073741824.0,evehicle,86.69,2026-01-01 00:07:28
ev1,0.0,joulesC,1685.44,joulesC,-1073741824.0,evehicle,86.74,2026-01-01 00:07:28.500000
ev1,0.0,joulesC,1685.44,joulesC,-1073741824.0,evehicle,86.83,2026-01-01 00:07:29
ev1,0.0,joulesC,1685.44,joulesC,-1073741824.0,evehicle,86.89,2026-01-01 00:07:29.500000
ev1,0.0,joulesC,1685.44,joulesC,-1073741824.0,evehicle,86.94,2026-01-01 00:07:30
ev1,0.0,joulesC,1685.44,joulesC,-1073741824.0,evehicle,87.0,2026-01-01 00:07:30.500000
ev1,0.0,joulesC,1685.44,joulesC,-1073741824.0,evehicle,87.06,2026-01-01 00:07:31
ev1,0.0,joulesC,1685.44,joulesC,-1073741824.0,evehicle,87.11,2026-01-01 00:07:31.500000
ev1,0.0,joulesC,1685.44,joulesC,-1073741824.0,evehicle,87.17,2026-01-01 00:07:32
ev1,0.0,joulesC,1685.44,joulesC,-1073741824.0,evehicle,87.23,2026-01-01 00:07:32.500000
ev1,0.0,joulesC,1685.44,joulesC,-1073741824.0,evehicle,87.29,2026-01-01 00:07:33
ev1,0.0,joulesC,1685.44,joulesC,-1073741824.0,evehicle,87.34,2026-01-01 00:07:33.500000
ev1,0.0,joulesC,1685.44,joulesC,-1073741824.0,evehicle,87.4,2026-01-01 00:07:34
ev1,0.0,joulesC,1685.44,joulesC,-1073741824.0,evehicle,87.46,2026-01-01 00:07:34.500000
ev1,0.0,joulesC,1685.44,joulesC,-1073741824.0,evehicle,87.54,2026-01-01 00:07:35
ev1,0.0,joulesC,1685.44,joulesC,-1073741824.0,evehicle,87.6,2026-01-01 00:07:35.500000
ev1,0.0,joulesC,1685.44,joulesC,-1073741824.0,evehicle,87.66,2026-01-01 00:07:36
ev1,0.0,joulesC,1685.44,joulesC,-1073741824.0,evehicle,87.71,2026-01-01 00:07:36.500000
ev1,0.0,joulesC,1685.44,joulesC,-1073741824.0,evehicle,87.77,2026-01-01 00:07:37
ev1,0.0,joulesC,1685.44,joulesC,-1073741824.0,evehicle,87.83,2026-01-01 00:07:37.500000
ev1,0.0,joulesC,1685.44,joulesC,-1073741824.0,evehicle,87.89,2026-01-01 00:07:38
ev1,0.0,joulesC,1685.44,joulesC,-1073741824.0,evehicle,87.94,2026-01-01 00:07:38.500000
ev1,0.0,joulesC,1685.44,joulesC,-1073741824.0,evehicle,88.0,2026-01-01 00:07:39
ev1,0.0,joulesC,1685.44,joulesC,-1073741824.0,evehicle,88.06,2026-01-01 00:07:39.500000
ev1,0.0,joulesC,1685.44,joulesC,-1073741824.0,evehicle,88.11,2026-01-01 00:07:40
ev1,0.0,joulesC,1685.44,joulesC,-1073741824.0,evehicle,88.17,2026-01-01 00:07:40.500000
ev1,0.0,joulesC,1685.44,joulesC,-1073741824.0,evehicle,88.26,2026-01-01 00:07:41
ev1,0.0,joulesC,1685.44,joulesC,-1073741824.0,evehicle,88.31,2026-01-01 00:07:41.500000
ev1,0.0,joulesC,1685.44,joulesC,-1073741824.0,evehicle,88.37,2026-01-01 00:07:42
ev1,0.0,joulesC,1685.44,joulesC,-1073741824.0,evehicle,88.43,2026-01-01 00:07:42.500000
ev1,0.0,joulesC,1685.44,joulesC,-1073741824.0,evehicle,88.49,2026-01-01 00:07:43
ev1,0.0,joulesC,1685.44,joulesC,-1073741824.0,evehicle,88.54,2026-01-01 00:07:43.500000
ev1,0.0,joulesC,1685.44,joulesC,-1073741824.0,evehicle,88.6,2026-01-01 00:07:44
ev1,0.0,joulesC,1685.44,joulesC,-1073741824.0,evehicle,88.66,2026-01-01 00:07:44.500000
ev1,0.0,joulesC,1685.44,joulesC,-1073741824.0,evehicle,88.71,2026-01-01 00:07:45
ev1,0.0,joulesC,1685.44,joulesC,-1073741824.0,evehicle,88.77,2026-01-01 00:07:45.500000
ev1,0.0,joulesC,1685.44,joulesC,-1073741824.0,evehicle,88.83,2026-01-01 00:07:46
ev1,0.0,joulesC,1685.44,joulesC,-1073741824.0,evehicle,88.89,2026-01-01 00:07:46.500000
ev1,0.0,joulesC,1685.44,joulesC,-1073741824.0,evehicle,88.97,2026-01-01 00:07:47
ev1,0.0,joulesC,1685.44,joulesC,-1073741824.0,evehicle,89.03,2026-01-01 00:07:47.500000
ev1,0.0,joulesC,1685.44,joulesC,-1073741824.0,evehicle,89.09,2026-01-01 00:07:48
ev1,0.0,joulesC,1685.44,joulesC,-1073741824.0,evehicle,89.14,2026-01-01 00:07:48.500000
ev1,0.0,joulesC,1685.44,joulesC,-1073741824.0,evehicle,89.2,2026-01-01 00:07:49
ev1,0.0,joulesC,1685.44,joulesC,-1073741824.0,evehicle,89.26,2026-01-01 00:07:49.500000
ev1,0.0,joulesC,1685.44,joulesC,-1073741824.0,evehicle,89.31,2026-01-01 00:07:50
ev1,0.0,joulesC,1685.44,joulesC,-1073741824.0,evehicle,89.37,2026-01-01 00:07:50.500000
ev1,0.0,joulesC,1685.44,joulesC,-1073741824.0,evehicle,89.43,2026-01-01 00:07:51
ev1,0.0,joulesC,1685.44,joulesC,-1073741824.0,evehicle,89.49,2026-01-01 00:07:51.500000
ev1,0.0,joulesC,1685.44,joulesC,-1073741824.0,evehicle,89.54,2026-01-01 00:07:52
ev1,0.0,joulesC,1685.44,joulesC,-1073741824.0,evehicle,89.6,2026-01-01 00:07:52.500000
ev1,0.0,joulesC,1685.44,joulesC,-1073741824.0,evehicle,89.69,2026-01-01 00:07:53
ev1,0.0,joulesC,1685.44,joulesC,-1073741824.0,evehicle,89.74,2026-01-01 00:07:53.500000
ev1,0.0,joulesC,1685.44,joulesC,-1073741824.0,evehicle,89.8,2026-01-01 00:07:54
ev1,0.0,joulesC,1685.44,joulesC,-1073741824.0,evehicle,89.86,2026-01-01 00:07:54.500000
ev1,0.0,joulesC,1685.44,joulesC,-1073741824.0,evehicle,89.91,2026-01-01 00:07:55
ev1,0.0,joulesC,1685.44,joulesC,-1073741824.0,evehicle,89.97,2026-01-01 00:07:55.500000
ev1,0.0,joulesC,1685.44,joulesC,-1073741824.0,evehicle,90.03,2026-01-01 00:07:56
ev1,0.0,joulesC,1685.44,joulesC,-1073741824.0,evehicle,90.09,2026-01-01 00:07:56.500000
ev1,0.0,joulesC,1685.44,joulesC,-1073741824.0,evehicle,90.14,2026-01-01 00:07:57
ev1,0.0,joulesC,1685.44,joulesC,-1073741824.0,evehicle,90.2,2026-01-01 00:07:57.500000
ev1,0.0,joulesC,1685.44,joulesC,-1073741824.0,evehicle,90.26,2026-01-01 00:07:58
ev1,0.0,joulesC,1685.44,joulesC,-1073741824.0,evehicle,90.31,2026-01-01 00:07:58.500000
ev1,0.0,joulesC,1685.44,joulesC,-1073741824.0,evehicle,90.4,2026-01-01 00:07:59
ev1,0.0,joulesC,1685.44,joulesC,-1073741824.0,evehicle,90.46,2026-01-01 00:07:59.500000
ev1,0.0,joulesC,1685.44,joulesC,-1073741824.0,evehicle,90.51,2026-01-01 00:08:00
ev1,0.0,joulesC,1685.44,joulesC,-1073741824.0,evehicle,90.57,2026-01-01 00:08:00.500000
ev1,0.0,joulesC,1685.44,joulesC,-1073741824.0,evehicle,90.63,2026-01-01 00:08:01
ev1,0.0,joulesC,1685.44,joulesC,-1073741824.0,evehicle,90.69,2026-01-01 00:08:01.500000
ev1,0.0,joulesC,1685.44,joulesC,-1073741824.0,evehicle,90.74,2026-01-01 00:08:02
ev1,0.0,joulesC,1685.44,joulesC,-1073741824.0,evehicle,90.8,2026-01-01 00:08:02.500000
ev1,0.0,joulesC,1685.44,joulesC,-1073741824.0,evehicle,90.86,2026-01-01 00:08:03
ev1,0.0,joulesC,1685.44,joulesC,-1073741824.0,evehicle,90.91,2026-01-01 00:08:03.500000
ev1,0.0,joulesC,1685.44,joulesC,-1073741824.0,evehicle,90.97,2026-01-01 00:08:04
ev1,0.0,joulesC,1685.44,joulesC,-1073741824.0,evehicle,91.03,2026-01-01 00:08:04.500000
ev1,0.0,joulesC,1685.44,joulesC,-1073741824.0,evehicle,91.11,2026-01-01 00:08:05
ev1,0.0,joulesC,1685.44,joulesC,-1073741824.0,evehicle,91.17,2026-01-01 00:08:05.500000
ev1,0.0,joulesC,1685.44,joulesC,-1073741824.0,evehicle,91.23,2026-01-01 00:08:06
ev1,0.0,joulesC,1685.44,joulesC,-1073741824.0,evehicle,91.29,2026-01-01 00:08:06.500000
ev1,0.0,joulesC,1685.44,joulesC,-1073741824.0,evehicle,91.34,2026-01-01 00:08:07
ev1,0.0,joulesC,1685.44,joulesC,-1073741824.0,evehicle,91.4,2026-01-01 00:08:07.500000
ev1,0.0,joulesC,1685.44,joulesC,-1073741824.0,evehicle,91.46,2026-01-01 00:08:08
ev1,0.0,joulesC,1685.44,joulesC,-1073741824.0,evehicle,91.51,2026-01-01 00:08:08.500000
ev1,0.0,joulesC,1685.44,joulesC,-1073741824.0,evehicle,91.57,2026-01-01 00:08:09
ev1,0.0,joulesC,1685.44,joulesC,-1073741824.0,evehicle,91.63,2026-01-01 00:08:09.500000
ev1,0.0,joulesC,1685.44,joulesC,-1073741824.0,evehicle,91.69,2026-01-01 00:08:10
ev1,0.0,joulesC,1685.44,joulesC,-1073741824.0,evehicle,91.74,2026-01-01 00:08:10.500000
ev1,0.0,joulesC,1685.44,joulesC,-1073741824.0,evehicle,91.83,2026-01-01 00:08:11
ev1,0.0,joulesC,1685.44,joulesC,-1073741824.0,evehicle,91.89,2026-01-01 00:08:11.500000
ev1,0.0,joulesC,1685.44,joulesC,-1073741824.0,evehicle,91.94,2026-01-01 00:08:12
ev1,0.0,joulesC,1685.44,joulesC,-1073741824.0,evehicle,92.0,2026-01-01 00:08:12.500000
ev1,0.0,joulesC,1685.44,joulesC,-1073741824.0,evehicle,92.06,2026-01-01 00:08:13
ev1,0.0,joulesC,1685.44,joulesC,-1073741824.0,evehicle,92.11,2026-01-01 00:08:13.500000
ev1,0.0,joulesC,1685.44,joulesC,-1073741824.0,evehicle,92.17,2026-01-01 00:08:14
ev1,0.0,joulesC,1685.44,joulesC,-1073741824.0,evehicle,92.23,2026-01-01 00:08:14.500000
ev1,0.0,joulesC,1685.44,joulesC,-1073741824.0,evehicle,92.29,2026-01-01 00:08:15
ev1,0.0,joulesC,1685.44,joulesC,-1073741824.0,evehicle,92.34,2026-01-01 00:08:15.500000
ev1,0.0,joulesC,1685.44,joulesC,-1073741824.0,evehicle,92.4,2026-01-01 00:08:16
ev1,0.0,joulesC,1685.44,joulesC,-1073741824.0,evehicle,92.46,2026-01-01 00:08:16.500000
ev1,0.0,joulesC,1685.44,joulesC,-1073741824.0,evehicle,92.54,2026-01-01 00:08:17
ev1,0.0,joulesC,1685.44,joulesC,-1073741824.0,evehicle,92.6,2026-01-01 00:08:17.500000
ev1,0.0,joulesC,1685.44,joulesC,-1073741824.0,evehicle,92.66,2026-01-01 00:08:18
ev1,0.0,joulesC,1685.44,joulesC,-1073741824.0,evehicle,92.71,2026-01-01 00:08:18.500000
ev1,0.0,joulesC,1685.44,joulesC,-1073741824.0,evehicle,92.77,2026-01-01 00:08:19
ev1,0.0,joulesC,1685.44,joulesC,-1073741824.0,evehicle,92.83,2026-01-01 00:08:19.500000
ev1,0.0,joulesC,1685.44,joulesC,-1073741824.0,evehicle,92.89,2026-01-01 00:08:20
ev1,0.0,joulesC,1685.44,joulesC,-1073741824.0,evehicle,92.94,2026-01-01 00:08:20.500000
ev1,0.0,joulesC,1685.44,joulesC,-1073741824.0,evehicle,93.0,2026-01-01 00:08:21
ev1,0.0,joulesC,1685.44,joulesC,-1073741824.0,evehicle,93.06,2026-01-01 00:08:21.500000
ev1,0.0,joulesC,1685.44,joulesC,-1073741824.0,evehicle,93.11,2026-01-01 00:08:22
ev1,0.0,joulesC,1685.44,joulesC,-1073741824.0,evehicle,93.17,2026-01-01 00:08:22.500000
ev1,0.0,joulesC,1685.44,joulesC,-1073741824.0,evehicle,93.26,2026-01-01 00:08:23
ev1,0.0,joulesC,1685.44,joulesC,-1073741824.0,evehicle,93.31,2026-01-01 00:08:23.500000
ev1,0.0,joulesC,1685.44,joulesC,-1073741824.0,evehicle,93.37,2026-01-01 00:08:24
ev1,0.0,joulesC,1685.44,joulesC,-1073741824.0,evehicle,93.43,2026-01-01 00:08:24.500000
ev1,0.0,joulesC,1685.44,joulesC,-1073741824.0,evehicle,93.49,2026-01-01 00:08:25
ev1,0.0,joulesC,1685.44,joulesC,-1073741824.0,evehicle,93.54,2026-01-01 00:08:25.500000
ev1,0.0,joulesC,1685.44,joulesC,-1073741824.0,evehicle,93.6,2026-01-01 00:08:26
ev1,0.0,joulesC,1685.44,joulesC,-1073741824.0,evehicle,93.66,2026-01-01 00:08:26.500000
ev1,0.0,joulesC,1685.44,joulesC,-1073741824.0,evehicle,93.71,2026-01-01 00:08:27
ev1,0.0,joulesC,1685.44,joulesC,-1073741824.0,evehicle,93.77,2026-01-01 00:08:27.500000
ev1,0.0,joulesC,1685.44,joulesC,-1073741824.0,evehicle,93.83,2026-01-01 00:08:28
ev1,0.0,joulesC,1685.44,joulesC,-1073741824.0,evehicle,93.89,2026-01-01 00:08:28.500000
ev1,0.0,joulesC,1685.44,joulesC,-1073741824.0,evehicle,93.97,2026-01-01 00:08:29
ev1,0.0,joulesC,1685.44,joulesC,-1073741824.0,evehicle,94.03,2026-01-01 00:08:29.500000
ev1,0.0,joulesC,1685.44,joulesC,-1073741824.0,evehicle,94.09,2026-01-01 00:08:30
ev1,0.0,joulesC,1685.44,joulesC,-1073741824.0,evehicle,94.14,2026-01-01 00:08:30.500000
ev1,0.0,joulesC,1685.44,joulesC,-1073741824.0,evehicle,94.2,2026-01-01 00:08:31
ev1,0.0,joulesC,1685.44,joulesC,-1073741824.0,evehicle,94.26,2026-01-01 00:08:31.500000
ev1,0.0,joulesC,1685.44,joulesC,-1073741824.0,evehicle,94.31,2026-01-01 00:08:32
ev1,0.0,joulesC,1685.44,joulesC,-1073741824.0,evehicle,94.37,2026-01-01 00:08:32.500000
ev1,0.0,joulesC,1685.44,joulesC,-1073741824.0,evehicle,94.43,2026-01-01 00:08:33
ev1,0.0,joulesC,1685.44,joulesC,-1073741824.0,evehicle,94.49,2026-01-01 00:08:33.500000
ev1,0.0,joulesC,1685.44,joulesC,-1073741824.0,evehicle,94.54,2026-01-01 00:08:34
ev1,0.0,joulesC,1685.44,joulesC,-1073741824.0,evehicle,94.6,2026-01-01 00:08:34.500000
ev1,0.0,joulesC,1685.44,joulesC,-1073741824.0,evehicle,94.69,2026-01-01 00:08:35
ev1,0.0,joulesC,1685.44,joulesC,-1073741824.0,evehicle,94.74,2026-01-01 00:08:35.500000
ev1,0.0,joulesC,1685.44,joulesC,-1073741824.0,evehicle,94.8,2026-01-01 00:08:36
ev1,0.0,joulesC,1685.44,joulesC,-1073741824.0,evehicle,94.86,2026-01-01 00:08:36.500000
ev1,0.0,joulesC,1685.44,joulesC,-1073741824.0,evehicle,94.91,2026-01-01 00:08:37
ev1,0.0,joulesC,1685.44,joulesC,-1073741824.0,evehicle,94.97,2026-01-01 00:08:37.500000
ev1,0.0,joulesC,1685.44,joulesC,-1073741824.0,evehicle,95.03,2026-01-01 00:08:38
ev1,0.0,joulesC,1685.44,joulesC,-1073741824.0,evehicle,95.09,2026-01-01 00:08:38.500000
ev1,0.0,joulesC,1685.44,joulesC,-1073741824.0,evehicle,95.14,2026-01-01 00:08:39
ev1,0.0,joulesC,1685.44,joulesC,-1073741824.0,evehicle,95.2,2026-01-01 00:08:39.500000
ev1,0.0,joulesC,1685.44,joulesC,-1073741824.0,evehicle,95.26,2026-01-01 00:08:40
ev1,0.0,joulesC,1685.44,joulesC,-1073741824.0,evehicle,95.31,2026-01-01 00:08:40.500000
ev1,0.0,joulesC,1685.44,joulesC,-1073741824.0,evehicle,95.4,2026-01-01 00:08:41
ev1,0.0,joulesC,1685.44,joulesC,-1073741824.0,evehicle,95.46,2026-01-01 00:08:41.500000
ev1,0.0,joulesC,1685.44,joulesC,-1073741824.0,evehicle,95.51,2026-01-01 00:08:42
ev1,0.0,joulesC,1685.44,joulesC,-1073741824.0,evehicle,95.57,2026-01-01 00:08:42.500000
ev1,0.0,joulesC,1685.44,joulesC,-1073741824.0,evehicle,95.63,2026-01-01 00:08:43
ev1,0.0,joulesC,1685.44,joulesC,-1073741824.0,evehicle,95.69,2026-01-01 00:08:43.500000
ev1,0.0,joulesC,1685.44,joulesC,-1073741824.0,evehicle,95.74,2026-01-01 00:08:44
ev1,0.0,joulesC,1685.44,joulesC,-1073741824.0,evehicle,95.8,2026-01-01 00:08:44.500000
ev1,0.0,joulesC,1685.44,joulesC,-1073741824.0,evehicle,95.86,2026-01-01 00:08:45
ev1,0.0,joulesC,1685.44,joulesC,-1073741824.0,evehicle,95.91,2026-01-01 00:08:45.500000
ev1,0.0,joulesC,1685.44,joulesC,-1073741824.0,evehicle,95.97,2026-01-01 00:08:46
ev1,0.0,joulesC,1685.44,joulesC,-1073741824.0,evehicle,96.03,2026-01-01 00:08:46.500000
ev1,0.0,joulesC,1685.44,joulesC,-1073741824.0,evehicle,96.11,2026-01-01 00:08:47
ev1,0.0,joulesC,1685.44,joulesC,-1073741824.0,evehicle,96.17,2026-01-01 00:08:47.500000
ev1,0.0,joulesC,1685.44,joulesC,-1073741824.0,evehicle,96.23,2026-01-01 00:08:48
ev1,0.0,joulesC,1685.44,joulesC,-1073741824.0,evehicle,96.29,2026-01-01 00:08:48.500000
ev1,0.0,joulesC,1685.44,joulesC,-1073741824.0,evehicle,96.34,2026-01-01 00:08:49
ev1,0.0,joulesC,1685.44,joulesC,-1073741824.0,evehicle,96.4,2026-01-01 00:08:49.500000
ev1,0.0,joulesC,1685.44,joulesC,-1073741824.0,evehicle,96.46,2026-01-01 00:08:50
ev1,0.0,joulesC,1685.44,joulesC,-1073741824.0,evehicle,96.51,2026-01-01 00:08:50.500000
ev1,0.0,joulesC,1685.44,joulesC,-1073741824.0,evehicle,96.57,2026-01-01 00:08:51
ev1,0.0,joulesC,1685.44,joulesC,-1073741824.0,evehicle,96.63,2026-01-01 00:08:51.500000
ev1,0.0,joulesC,1685.44,joulesC,-1073741824.0,evehicle,96.69,2026-01-01 00:08:52
ev1,0.0,joulesC,1685.44,joulesC,-1073741824.0,evehicle,96.74,2026-01-01 00:08:52.500000
ev1,0.0,joulesC,1685.44,joulesC,-1073741824.0,evehicle,96.83,2026-01-01 00:08:53
ev1,0.0,joulesC,1685.44,joulesC,-1073741824.0,evehicle,96.89,2026-01-01 00:08:53.500000
ev1,0.0,joulesC,1685.44,joulesC,-1073741824.0,evehicle,96.94,2026-01-01 00:08:54
ev1,0.0,joulesC,1685.44,joulesC,-1073741824.0,evehicle,97.0,2026-01-01 00:08:54.500000
ev1,0.0,joulesC,1685.44,joulesC,-1073741824.0,evehicle,97.06,2026-01-01 00:08:55
ev1,0.0,joulesC,1685.44,joulesC,-1073741824.0,evehicle,97.11,2026-01-01 00:08:55.500000
ev1,0.0,joulesC,1685.44,joulesC,-1073741824.0,evehicle,97.17,2026-01-01 00:08:56
ev1,0.0,joulesC,1685.44,joulesC,-1073741824.0,evehicle,97.23,2026-01-01 00:08:56.500000
ev1,0.0,joulesC,1685.44,joulesC,-1073741824.0,evehicle,97.29,2026-01-01 00:08:57
ev1,0.0,joulesC,1685.44,joulesC,-1073741824.0,evehicle,97.34,2026-01-01 00:08:57.500000
ev1,0.0,joulesC,1685.44,joulesC,-1073741824.0,evehicle,97.4,2026-01-01 00:08:58
ev1,0.0,joulesC,1685.44,joulesC,-1073741824.0,evehicle,97.46,2026-01-01 00:08:58.500000
ev1,0.0,joulesC,1685.44,joulesC,-1073741824.0,evehicle,97.54,2026-01-01 00:08:59
ev1,0.0,joulesC,1685.44,joulesC,-1073741824.0,evehicle,97.6,2026-01-01 00:08:59.500000
ev1,0.0,joulesC,1685.44,joulesC,-1073741824.0,evehicle,97.66,2026-01-01 00:09:00
ev1,0.0,joulesC,1685.44,joulesC,-1073741824.0,evehicle,97.71,2026-01-01 00:09:00.500000
ev1,0.0,joulesC,1685.44,joulesC,-1073741824.0,evehicle,97.77,2026-01-01 00:09:01
ev1,0.0,joulesC,1685.44,joulesC,-1073741824.0,evehicle,97.83,2026-01-01 00:09:01.500000
ev1,0.0,joulesC,1685.44,joulesC,-1073741824.0,evehicle,97.89,2026-01-01 00:09:02
ev1,0.0,joulesC,1685.44,joulesC,-1073741824.0,evehicle,97.94,2026-01-01 00:09:02.500000
ev1,0.0,joulesC,1685.44,joulesC,-1073741824.0,evehicle,98.0,2026-01-01 00:09:03
ev1,0.0,joulesC,1685.44,joulesC,-1073741824.0,evehicle,98.06,2026-01-01 00:09:03.500000
ev1,0.0,joulesC,1685.44,joulesC,-1073741824.0,evehicle,98.11,2026-01-01 00:09:04
ev1,0.0,joulesC,1685.44,joulesC,-1073741824.0,evehicle,98.17,2026-01-01 00:09:04.500000
ev1,0.0,joulesC,1685.44,joulesC,-1073741824.0,evehicle,98.26,2026-01-01 00:09:05
ev1,0.0,joulesC,1685.44,joulesC,-1073741824.0,evehicle,98.31,2026-01-01 00:09:05.500000
ev1,0.0,joulesC,1685.44,joulesC,-1073741824.0,evehicle,98.37,2026-01-01 00:09:06
ev1,0.0,joulesC,1685.44,joulesC,-1073741824.0,evehicle,98.43,2026-01-01 00:09:06.500000
ev1,0.0,joulesC,1685.44,joulesC,-1073741824.0,evehicle,98.49,2026-01-01 00:09:07
ev1,0.0,joulesC,1685.44,joulesC,-1073741824.0,evehicle,98.54,2026-01-01 00:09:07.500000
ev1,0.0,joulesC,1685.44,joulesC,-1073741824.0,evehicle,98.6,2026-01-01 00:09:08
ev1,0.0,joulesC,1685.44,joulesC,-1073741824.0,evehicle,98.66,2026-01-01 00:09:08.500000
ev1,0.0,joulesC,1685.44,joulesC,-1073741824.0,evehicle,98.71,2026-01-01 00:09:09
ev1,0.0,joulesC,1685.44,joulesC,-1073741824.0,evehicle,98.77,2026-01-01 00:09:09.500000
ev1,0.0,joulesC,1685.44,joulesC,-1073741824.0,evehicle,98.83,2026-01-01 00:09:10
ev1,0.0,joulesC,1685.44,joulesC,-1073741824.0,evehicle,98.89,2026-01-01 00:09:10.500000
ev1,0.0,joulesC,1685.44,joulesC,-1073741824.0,evehicle,98.97,2026-01-01 00:09:11
ev1,0.0,joulesC,1685.44,joulesC,-1073741824.0,evehicle,99.03,2026-01-01 00:09:11.500000
ev1,0.0,joulesC,1685.44,joulesC,-1073741824.0,evehicle,99.09,2026-01-01 00:09:12
ev1,0.0,joulesC,1685.44,joulesC,-1073741824.0,evehicle,99.14,2026-01-01 00:09:12.500000
ev1,0.0,joulesC,1685.44,joulesC,-1073741824.0,evehicle,99.2,2026-01-01 00:09:13
ev1,0.0,joulesC,1685.44,joulesC,-1073741824.0,evehicle,99.26,2026-01-01 00:09:13.500000
ev1,0.0,joulesC,1685.44,joulesC,-1073741824.0,evehicle,99.31,2026-01-01 00:09:14
ev1,0.0,joulesC,1685.44,joulesC,-1073741824.0,evehicle,99.37,2026-01-01 00:09:14.500000
ev1,0.0,joulesC,1685.44,joulesC,-1073741824.0,evehicle,99.43,2026-01-01 00:09:15
ev1,0.0,joulesC,1685.44,joulesC,-1073741824.0,evehicle,99.49,2026-01-01 00:09:15.500000
ev1,0.0,joulesC,1685.44,joulesC,-1073741824.0,evehicle,99.54,2026-01-01 00:09:16
ev1,0.0,joulesC,1685.44,joulesC,-1073741824.0,evehicle,99.6,2026-01-01 00:09:16.500000
ev1,0.0,joulesC,1685.44,joulesC,-1073741824.0,evehicle,99.69,2026-01-01 00:09:17
ev1,0.0,joulesC,1685.44,joulesC,-1073741824.0,evehicle,99.74,2026-01-01 00:09:17.500000
ev1,0.0,joulesC,1685.44,joulesC,-1073741824.0,evehicle,99.8,2026-01-01 00:09:18
ev1,0.0,joulesC,1685.44,joulesC,-1073741824.0,evehicle,99.86,2026-01-01 00:09:18.500000
ev1,0.0,joulesC,1685.44,joulesC,-1073741824.0,evehicle,99.91,2026-01-01 00:09:19
ev1,0.0,joulesC,1685.44,joulesC,-1073741824.0,evehicle,99.97,2026-01-01 00:09:19.500000
ev1,0.0,joulesC,1685.44,joulesC,-1073741824.0,evehicle,100.0,2026-01-01 00:09:20
ev1,0.0,joulesC,1685.44,E103,921.67,evehicle,100.0,2026-01-01 00:09:20.500000
ev1,4.03,joulesC,1686.0,E103,921.11,evehicle,100.0,2026-01-01 00:09:21
ev1,7.13,joulesC,1686.98,E103,920.13,evehicle,100.0,2026-01-01 00:09:21.500000
ev1,11.12,joulesC,1688.53,E103,918.58,evehicle,100.0,2026-01-01 00:09:22
ev1,14.15,joulesC,1690.49,E103,916.62,evehicle,100.0,2026-01-01 00:09:22.500000
ev1,16.88,joulesC,1692.84,E103,914.27,evehicle,99.97,2026-01-01 00:09:23
ev1,20.92,joulesC,1695.74,E103,911.37,evehicle,99.97,2026-01-01 00:09:23.500000
ev1,23.65,joulesC,1699.03,E103,908.08,evehicle,99.97,2026-01-01 00:09:24
ev1,26.17,joulesC,1702.66,E103,904.45,evehicle,99.97,2026-01-01 00:09:24.500000
ev1,30.35,joulesC,1706.88,E103,900.23,evehicle,99.94,2026-01-01 00:09:25
ev1,34.06,joulesC,1711.61,E103,895.5,evehicle,99.91,2026-01-01 00:09:25.500000
ev1,37.22,joulesC,1716.78,E103,890.33,evehicle,99.91,2026-01-01 00:09:26
ev1,40.54,joulesC,1722.41,E103,884.7,evehicle,99.89,2026-01-01 00:09:26.500000
ev1,45.0,joulesC,1728.66,E103,878.45,evehicle,99.89,2026-01-01 00:09:27
ev1,49.57,joulesC,1735.55,E103,871.56,evehicle,99.86,2026-01-01 00:09:27.500000
ev1,53.32,joulesC,1742.95,E103,864.16,evehicle,99.83,2026-01-01 00:09:28
ev1,56.52,joulesC,1750.81,E103,856.3,evehicle,99.8,2026-01-01 00:09:28.500000
ev1,60.98,joulesC,1759.28,E103,847.83,evehicle,99.77,2026-01-01 00:09:29
ev1,64.98,joulesC,1768.3,E103,838.81,evehicle,99.74,2026-01-01 00:09:29.500000
ev1,69.34,joulesC,1777.93,E103,829.18,evehicle,99.69,2026-01-01 00:09:30
ev1,73.84,joulesC,1788.19,E103,818.92,evehicle,99.66,2026-01-01 00:09:30.500000
ev1,78.01,joulesC,1799.02,E103,808.09,evehicle,99.6,2026-01-01 00:09:31
ev1,81.43,joulesC,1810.33,E103,796.78,evehicle,99.57,2026-01-01 00:09:31.500000
ev1,85.0,joulesC,1822.13,E103,784.98,evehicle,99.54,2026-01-01 00:09:32
ev1,86.83,joulesC,1834.19,E103,772.92,evehicle,99.51,2026-01-01 00:09:32.500000
ev1,78.73,joulesC,1845.13,E103,761.98,evehicle,99.57,2026-01-01 00:09:33
ev1,70.63,joulesC,1854.94,E103,752.17,evehicle,99.66,2026-01-01 00:09:33.500000
ev1,62.53,joulesC,1863.62,E103,743.49,evehicle,99.71,2026-01-01 00:09:34
ev1,54.43,joulesC,1871.19,E103,735.92,evehicle,99.74,2026-01-01 00:09:34.500000
ev1,46.51,joulesC,1877.65,E103,729.46,evehicle,99.8,2026-01-01 00:09:35
ev1,38.41,joulesC,1882.98,E103,724.13,evehicle,99.83,2026-01-01 00:09:35.500000
ev1,30.31,joulesC,1887.19,E103,719.92,evehicle,99.86,2026-01-01 00:09:36
ev1,22.21,:J2_3,1887.19,E103,719.92,evehicle,99.89,2026-01-01 00:09:36.500000
ev1,20.66,:J2_3,1887.19,E103,719.92,evehicle,99.89,2026-01-01 00:09:37
ev1,20.48,:J2_3,1887.19,E103,719.92,evehicle,99.89,2026-01-01 00:09:37.500000
ev1,20.88,euler,1898.89,E103,708.22,evehicle,99.89,2026-01-01 00:09:38
ev1,24.3,euler,1902.27,E103,704.84,evehicle,99.89,2026-01-01 00:09:38.500000
ev1,27.47,euler,1906.09,E103,701.02,evehicle,99.86,2026-01-01 00:09:39
ev1,31.39,euler,1910.45,E103,696.66,evehicle,99.86,2026-01-01 00:09:39.500000
ev1,34.06,euler,1915.18,E103,691.93,evehicle,99.83,2026-01-01 00:09:40
ev1,25.96,euler,1918.78,E103,688.33,evehicle,99.86,2026-01-01 00:09:40.500000
ev1,17.86,euler,1921.26,E103,685.85,evehicle,99.89,2026-01-01 00:09:41
ev1,12.02,euler,1922.94,E103,684.17,evehicle,99.89,2026-01-01 00:09:41.500000
ev1,4.46,euler,1923.55,E103,683.56,evehicle,99.91,2026-01-01 00:09:42
ev1,0.76,euler,1923.66,E103,683.45,evehicle,99.91,2026-01-01 00:09:42.500000
ev1,0.07,euler,1923.67,E103,683.44,evehicle,99.91,2026-01-01 00:09:43
ev1,0.04,euler,1923.67,E103,683.44,evehicle,99.91,2026-01-01 00:09:43.500000
ev1,0.0,euler,1923.67,E103,683.44,evehicle,99.91,2026-01-01 00:09:44
ev1,0.0,euler,1923.67,E103,683.44,evehicle,99.91,2026-01-01 00:09:44.500000
ev1,0.0,euler,1923.67,E103,683.44,evehicle,99.91,2026-01-01 00:09:45
ev1,0.0,euler,1923.67,E103,683.44,evehicle,99.91,2026-01-01 00:09:45.500000
ev1,0.0,euler,1923.67,E103,683.44,evehicle,99.91,2026-01-01 00:09:46
ev1,0.0,euler,1923.67,E103,683.44,evehicle,99.91,2026-01-01 00:09:46.500000
ev1,0.0,euler,1923.67,E103,683.44,evehicle,99.91,2026-01-01 00:09:47
ev1,0.0,euler,1923.67,E103,683.44,evehicle,99.91,2026-01-01 00:09:47.500000
ev1,0.0,euler,1923.67,E103,683.44,evehicle,99.91,2026-01-01 00:09:48
ev1,0.0,euler,1923.67,E103,683.44,evehicle,99.91,2026-01-01 00:09:48.500000
ev1,0.0,euler,1923.67,E103,683.44,evehicle,99.91,2026-01-01 00:09:49
ev1,0.0,euler,1923.67,E103,683.44,evehicle,99.91,2026-01-01 00:09:49.500000
ev1,0.0,euler,1923.67,E103,683.44,evehicle,99.91,2026-01-01 00:09:50
ev1,0.0,euler,1923.67,E103,683.44,evehicle,99.91,2026-01-01 00:09:50.500000
ev1,0.0,euler,1923.67,E103,683.44,evehicle,99.91,2026-01-01 00:09:51
ev1,0.0,euler,1923.67,E103,683.44,evehicle,99.91,2026-01-01 00:09:51.500000
ev1,0.0,euler,1923.67,E103,683.44,evehicle,99.91,2026-01-01 00:09:52
ev1,0.0,euler,1923.67,E103,683.44,evehicle,99.91,2026-01-01 00:09:52.500000
ev1,0.0,euler,1923.67,E103,683.44,evehicle,99.91,2026-01-01 00:09:53
ev1,0.0,euler,1923.67,E103,683.44,evehicle,99.91,2026-01-01 00:09:53.500000
ev1,0.0,euler,1923.67,E103,683.44,evehicle,99.91,2026-01-01 00:09:54
ev1,0.0,euler,1923.67,E103,683.44,evehicle,99.91,2026-01-01 00:09:54.500000
ev1,0.0,euler,1923.67,E103,683.44,evehicle,99.91,2026-01-01 00:09:55
ev1,0.0,euler,1923.67,E103,683.44,evehicle,99.91,2026-01-01 00:09:55.500000
ev1,0.0,euler,1923.67,E103,683.44,evehicle,99.91,2026-01-01 00:09:56
ev1,0.0,euler,1923.67,E103,683.44,evehicle,99.91,2026-01-01 00:09:56.500000
ev1,0.0,euler,1923.67,E103,683.44,evehicle,99.91,2026-01-01 00:09:57
ev1,0.0,euler,1923.67,E103,683.44,evehicle,99.91,2026-01-01 00:09:57.500000
ev1,0.0,euler,1923.67,E103,683.44,evehicle,99.91,2026-01-01 00:09:58
ev1,0.0,euler,1923.67,E103,683.44,evehicle,99.91,2026-01-01 00:09:58.500000
ev1,0.0,euler,1923.67,E103,683.44,evehicle,99.91,2026-01-01 00:09:59
ev1,0.0,euler,1923.67,E103,683.44,evehicle,99.91,2026-01-01 00:09:59.500000
ev1,0.0,euler,1923.67,E103,683.44,evehicle,99.91,2026-01-01 00:10:00
ev1,3.85,euler,1924.2,E103,682.91,evehicle,99.91,2026-01-01 00:10:00.500000
ev1,8.5,:J7_8,1924.2,E103,682.91,evehicle,99.89,2026-01-01 00:10:01
ev1,11.2,:J7_8,1924.2,E103,682.91,evehicle,99.89,2026-01-01 00:10:01.500000
ev1,14.83,:J7_8,1924.2,E103,682.91,evehicle,99.89,2026-01-01 00:10:02
ev1,18.54,:J7_8,1924.2,E103,682.91,evehicle,99.89,2026-01-01 00:10:02.500000
ev1,20.56,E2,1934.44,E103,672.67,evehicle,99.89,2026-01-01 00:10:03
ev1,23.11,E2,1937.65,E103,669.46,evehicle,99.86,2026-01-01 00:10:03.500000
ev1,27.4,E2,1941.46,E103,665.65,evehicle,99.86,2026-01-01 00:10:04
ev1,31.36,E2,1945.81,E103,661.3,evehicle,99.83,2026-01-01 00:10:04.500000
ev1,34.02,E2,1950.53,E103,656.58,evehicle,99.83,2026-01-01 00:10:05
ev1,38.34,E2,1955.86,E103,651.25,evehicle,99.8,2026-01-01 00:10:05.500000
ev1,42.95,E2,1961.82,E103,645.29,evehicle,99.77,2026-01-01 00:10:06
ev1,34.85,E2,1966.66,E103,640.45,evehicle,99.83,2026-01-01 00:10:06.500000
ev1,29.77,:J12_2,1966.66,E103,640.45,evehicle,99.83,2026-01-01 00:10:07
ev1,28.58,:J12_2,1966.66,E103,640.45,evehicle,99.83,2026-01-01 00:10:07.500000
ev1,29.99,:J12_2,1966.66,E103,640.45,evehicle,99.83,2026-01-01 00:10:08
ev1,29.77,:J12_2,1966.66,E103,640.45,evehicle,99.83,2026-01-01 00:10:08.500000
ev1,28.4,-E94,1987.01,E103,620.1,evehicle,99.83,2026-01-01 00:10:09
ev1,30.85,-E94,1991.3,E103,615.81,evehicle,99.83,2026-01-01 00:10:09.500000
ev1,35.28,-E94,1996.2,E103,610.91,evehicle,99.8,2026-01-01 00:10:10
ev1,38.7,-E94,2001.57,E103,605.54,evehicle,99.8,2026-01-01 00:10:10.500000
ev1,43.06,-E94,2007.55,E103,599.56,evehicle,99.77,2026-01-01 00:10:11
ev1,45.11,-E94,2013.82,E103,593.29,evehicle,99.74,2026-01-01 00:10:11.500000
ev1,37.33,-E94,2019.0,E103,588.11,evehicle,99.8,2026-01-01 00:10:12
ev1,29.23,:J21_9,2019.0,E103,588.11,evehicle,99.83,2026-01-01 00:10:12.500000
ev1,29.59,:J21_9,2019.0,E103,588.11,evehicle,99.83,2026-01-01 00:10:13
ev1,29.34,:J21_9,2019.0,E103,588.11,evehicle,99.83,2026-01-01 00:10:13.500000
ev1,29.88,E97,2035.39,E103,571.72,evehicle,99.8,2026-01-01 00:10:14
ev1,32.98,E97,2039.98,E103,567.13,evehicle,99.8,2026-01-01 00:10:14.500000
ev1,36.04,E97,2044.98,E103,562.13,evehicle,99.8,2026-01-01 00:10:15
ev1,39.46,E97,2050.46,E103,556.65,evehicle,99.77,2026-01-01 00:10:15.500000
ev1,43.52,E97,2056.5,E103,550.61,evehicle,99.74,2026-01-01 00:10:16
ev1,47.05,E97,2063.04,E103,544.07,evehicle,99.71,2026-01-01 00:10:16.500000
ev1,45.83,E97,2069.41,E103,537.7,evehicle,99.74,2026-01-01 00:10:17
ev1,45.54,E97,2075.73,E103,531.38,evehicle,99.74,2026-01-01 00:10:17.500000
ev1,45.29,E97,2082.02,E103,525.09,evehicle,99.74,2026-01-01 00:10:18
ev1,45.36,E97,2088.32,E103,518.79,evehicle,99.74,2026-01-01 00:10:18.500000
ev1,43.63,E97,2094.38,E103,512.73,evehicle,99.74,2026-01-01 00:10:19
ev1,35.71,E97,2099.34,E103,507.77,evehicle,99.77,2026-01-01 00:10:19.500000
ev1,29.27,E97,2103.41,E103,503.7,evehicle,99.8,2026-01-01 00:10:20
ev1,21.17,E97,2106.35,E103,500.76,evehicle,99.83,2026-01-01 00:10:20.500000
ev1,25.13,:J66_13,2106.35,E103,500.76,evehicle,99.8,2026-01-01 00:10:21
ev1,29.09,:J66_13,2106.35,E103,500.76,evehicle,99.8,2026-01-01 00:10:21.500000
ev1,32.83,:J66_13,2106.35,E103,500.76,evehicle,99.77,2026-01-01 00:10:22
ev1,35.64,:J66_13,2106.35,E103,500.76,evehicle,99.77,2026-01-01 00:10:22.500000
ev1,38.92,:J66_13,2106.35,E103,500.76,evehicle,99.74,2026-01-01 00:10:23
ev1,42.77,:J66_13,2106.35,E103,500.76,evehicle,99.74,2026-01-01 00:10:23.500000
ev1,47.05,E192,2141.26,E103,465.85,evehicle,99.71,2026-01-01 00:10:24
ev1,45.94,E192,2147.65,E103,459.46,evehicle,99.71,2026-01-01 00:10:24.500000
ev1,45.36,E192,2153.94,E103,453.17,evehicle,99.71,2026-01-01 00:10:25
ev1,46.73,E192,2160.43,E103,446.68,evehicle,99.71,2026-01-01 00:10:25.500000
ev1,46.76,E192,2166.93,E103,440.18,evehicle,99.69,2026-01-01 00:10:26
ev1,46.15,E192,2173.34,E103,433.77,evehicle,99.71,2026-01-01 00:10:26.500000
ev1,46.15,:J132_10,2173.34,E103,433.77,evehicle,99.69,2026-01-01 00:10:27
ev1,46.87,:J132_10,2173.34,E103,433.77,evehicle,99.69,2026-01-01 00:10:27.500000
ev1,46.51,-E196,2192.72,E103,414.39,evehicle,99.69,2026-01-01 00:10:28
ev1,46.19,-E196,2199.14,E103,407.97,evehicle,99.69,2026-01-01 00:10:28.500000
ev1,46.73,-E196,2205.62,E103,401.49,evehicle,99.69,2026-01-01 00:10:29
ev1,41.72,-E196,2211.42,E103,395.69,evehicle,99.71,2026-01-01 00:10:29.500000
ev1,33.62,-E196,2216.09,E103,391.02,evehicle,99.74,2026-01-01 00:10:30
ev1,25.52,-E196,2219.64,E103,387.47,evehicle,99.77,2026-01-01 00:10:30.500000
ev1,17.42,-E196,2222.06,E103,385.05,evehicle,99.8,2026-01-01 00:10:31
ev1,9.32,-E196,2223.35,E103,383.76,evehicle,99.8,2026-01-01 00:10:31.500000
ev1,1.66,-E196,2223.58,E103,383.53,evehicle,99.8,2026-01-01 00:10:32
ev1,0.22,-E196,2223.61,E103,383.5,evehicle,99.8,2026-01-01 00:10:32.500000
ev1,0.04,-E196,2223.62,E103,383.49,evehicle,99.8,2026-01-01 00:10:33
ev1,0.0,-E196,2223.62,E103,383.49,evehicle,99.8,2026-01-01 00:10:33.500000
ev1,0.0,-E196,2223.62,E103,383.49,evehicle,99.8,2026-01-01 00:10:34
ev1,0.0,-E196,2223.62,E103,383.49,evehicle,99.8,2026-01-01 00:10:34.500000
ev1,0.0,-E196,2223.62,E103,383.49,evehicle,99.8,2026-01-01 00:10:35
ev1,0.0,-E196,2223.62,E103,383.49,evehicle,99.8,2026-01-01 00:10:35.500000
ev1,0.0,-E196,2223.62,E103,383.49,evehicle,99.8,2026-01-01 00:10:36
ev1,0.0,-E196,2223.62,E103,383.49,evehicle,99.8,2026-01-01 00:10:36.500000
ev1,0.0,-E196,2223.62,E103,383.49,evehicle,99.8,2026-01-01 00:10:37
ev1,0.0,-E196,2223.62,E103,383.49,evehicle,99.8,2026-01-01 00:10:37.500000
ev1,0.0,-E196,2223.62,E103,383.49,evehicle,99.8,2026-01-01 00:10:38
ev1,0.0,-E196,2223.62,E103,383.49,evehicle,99.8,2026-01-01 00:10:38.500000
ev1,0.0,-E196,2223.62,E103,383.49,evehicle,99.8,2026-01-01 00:10:39
ev1,0.0,-E196,2223.62,E103,383.49,evehicle,99.8,2026-01-01 00:10:39.500000
ev1,0.0,-E196,2223.62,E103,383.49,evehicle,99.8,2026-01-01 00:10:40
ev1,0.0,-E196,2223.62,E103,383.49,evehicle,99.8,2026-01-01 00:10:40.500000
ev1,0.0,-E196,2223.62,E103,383.49,evehicle,99.8,2026-01-01 00:10:41
ev1,0.0,-E196,2223.62,E103,383.49,evehicle,99.8,2026-01-01 00:10:41.500000
ev1,0.0,-E196,2223.62,E103,383.49,evehicle,99.8,2026-01-01 00:10:42
ev1,0.0,-E196,2223.62,E103,383.49,evehicle,99.8,2026-01-01 00:10:42.500000
ev1,0.0,-E196,2223.62,E103,383.49,evehicle,99.8,2026-01-01 00:10:43
ev1,0.0,-E196,2223.62,E103,383.49,evehicle,99.8,2026-01-01 00:10:43.500000
ev1,0.0,-E196,2223.62,E103,383.49,evehicle,99.8,2026-01-01 00:10:44
ev1,0.0,-E196,2223.62,E103,383.49,evehicle,99.8,2026-01-01 00:10:44.500000
ev1,0.0,-E196,2223.62,E103,383.49,evehicle,99.8,2026-01-01 00:10:45
ev1,0.0,-E196,2223.62,E103,383.49,evehicle,99.8,2026-01-01 00:10:45.500000
ev1,0.0,-E196,2223.62,E103,383.49,evehicle,99.8,2026-01-01 00:10:46
ev1,0.0,-E196,2223.62,E103,383.49,evehicle,99.8,2026-01-01 00:10:46.500000
ev1,0.0,-E196,2223.62,E103,383.49,evehicle,99.8,2026-01-01 00:10:47
ev1,0.0,-E196,2223.62,E103,383.49,evehicle,99.8,2026-01-01 00:10:47.500000
ev1,0.0,-E196,2223.62,E103,383.49,evehicle,99.8,2026-01-01 00:10:48
ev1,0.0,-E196,2223.62,E103,383.49,evehicle,99.8,2026-01-01 00:10:48.500000
ev1,0.0,-E196,2223.62,E103,383.49,evehicle,99.8,2026-01-01 00:10:49
ev1,0.0,-E196,2223.62,E103,383.49,evehicle,99.8,2026-01-01 00:10:49.500000
ev1,0.0,-E196,2223.62,E103,383.49,evehicle,99.8,2026-01-01 00:10:50
ev1,0.0,-E196,2223.62,E103,383.49,evehicle,99.8,2026-01-01 00:10:50.500000
ev1,0.0,-E196,2223.62,E103,383.49,evehicle,99.8,2026-01-01 00:10:51
ev1,0.0,-E196,2223.62,E103,383.49,evehicle,99.8,2026-01-01 00:10:51.500000
ev1,0.0,-E196,2223.62,E103,383.49,evehicle,99.8,2026-01-01 00:10:52
ev1,0.0,-E196,2223.62,E103,383.49,evehicle,99.8,2026-01-01 00:10:52.500000
ev1,0.0,-E196,2223.62,E103,383.49,evehicle,99.8,2026-01-01 00:10:53
ev1,0.0,-E196,2223.62,E103,383.49,evehicle,99.8,2026-01-01 00:10:53.500000
ev1,0.0,-E196,2223.62,E103,383.49,evehicle,99.8,2026-01-01 00:10:54
ev1,0.0,-E196,2223.62,E103,383.49,evehicle,99.8,2026-01-01 00:10:54.500000
ev1,0.0,-E196,2223.62,E103,383.49,evehicle,99.8,2026-01-01 00:10:55
ev1,0.0,-E196,2223.62,E103,383.49,evehicle,99.8,2026-01-01 00:10:55.500000
ev1,0.0,-E196,2223.62,E103,383.49,evehicle,99.8,2026-01-01 00:10:56
ev1,0.0,-E196,2223.62,E103,383.49,evehicle,99.8,2026-01-01 00:10:56.500000
ev1,0.0,-E196,2223.62,E103,383.49,evehicle,99.8,2026-01-01 00:10:57
ev1,0.0,-E196,2223.62,E103,383.49,evehicle,99.8,2026-01-01 00:10:57.500000
ev1,0.0,-E196,2223.62,E103,383.49,evehicle,99.8,2026-01-01 00:10:58
ev1,0.0,-E196,2223.62,E103,383.49,evehicle,99.8,2026-01-01 00:10:58.500000
ev1,0.0,-E196,2223.62,E103,383.49,evehicle,99.8,2026-01-01 00:10:59
ev1,0.0,-E196,2223.62,E103,383.49,evehicle,99.8,2026-01-01 00:10:59.500000
ev1,0.0,-E196,2223.62,E103,383.49,evehicle,99.8,2026-01-01 00:11:00
ev1,0.0,-E196,2223.62,E103,383.49,evehicle,99.8,2026-01-01 00:11:00.500000
ev1,0.0,-E196,2223.62,E103,383.49,evehicle,99.8,2026-01-01 00:11:01
ev1,0.0,-E196,2223.62,E103,383.49,evehicle,99.8,2026-01-01 00:11:01.500000
ev1,0.0,-E196,2223.62,E103,383.49,evehicle,99.8,2026-01-01 00:11:02
ev1,0.0,-E196,2223.62,E103,383.49,evehicle,99.8,2026-01-01 00:11:02.500000
ev1,0.0,-E196,2223.62,E103,383.49,evehicle,99.8,2026-01-01 00:11:03
ev1,0.0,-E196,2223.62,E103,383.49,evehicle,99.8,2026-01-01 00:11:03.500000
ev1,0.0,-E196,2223.62,E103,383.49,evehicle,99.8,2026-01-01 00:11:04
ev1,0.0,-E196,2223.62,E103,383.49,evehicle,99.8,2026-01-01 00:11:04.500000
ev1,0.0,-E196,2223.62,E103,383.49,evehicle,99.8,2026-01-01 00:11:05
ev1,0.0,-E196,2223.62,E103,383.49,evehicle,99.8,2026-01-01 00:11:05.500000
ev1,0.0,-E196,2223.62,E103,383.49,evehicle,99.8,2026-01-01 00:11:06
ev1,0.0,-E196,2223.62,E103,383.49,evehicle,99.8,2026-01-01 00:11:06.500000
ev1,0.0,-E196,2223.62,E103,383.49,evehicle,99.8,2026-01-01 00:11:07
ev1,0.0,-E196,2223.62,E103,383.49,evehicle,99.8,2026-01-01 00:11:07.500000
ev1,0.0,-E196,2223.62,E103,383.49,evehicle,99.8,2026-01-01 00:11:08
ev1,0.0,-E196,2223.62,E103,383.49,evehicle,99.8,2026-01-01 00:11:08.500000
ev1,0.0,-E196,2223.62,E103,383.49,evehicle,99.8,2026-01-01 00:11:09
ev1,0.0,-E196,2223.62,E103,383.49,evehicle,99.8,2026-01-01 00:11:09.500000
ev1,0.0,-E196,2223.62,E103,383.49,evehicle,99.8,2026-01-01 00:11:10
ev1,0.0,-E196,2223.62,E103,383.49,evehicle,99.8,2026-01-01 00:11:10.500000
ev1,0.0,-E196,2223.62,E103,383.49,evehicle,99.8,2026-01-01 00:11:11
ev1,0.0,-E196,2223.62,E103,383.49,evehicle,99.8,2026-01-01 00:11:11.500000
ev1,0.0,-E196,2223.62,E103,383.49,evehicle,99.8,2026-01-01 00:11:12
ev1,0.0,-E196,2223.62,E103,383.49,evehicle,99.8,2026-01-01 00:11:12.500000
ev1,0.0,-E196,2223.62,E103,383.49,evehicle,99.8,2026-01-01 00:11:13
ev1,0.0,-E196,2223.62,E103,383.49,evehicle,99.8,2026-01-01 00:11:13.500000
ev1,0.0,-E196,2223.62,E103,383.49,evehicle,99.8,2026-01-01 00:11:14
ev1,0.0,-E196,2223.62,E103,383.49,evehicle,99.8,2026-01-01 00:11:14.500000
ev1,0.0,-E196,2223.62,E103,383.49,evehicle,99.8,2026-01-01 00:11:15
ev1,4.46,-E196,2224.24,E103,382.87,evehicle,99.8,2026-01-01 00:11:15.500000
ev1,7.6,:J135_10,2224.24,E103,382.87,evehicle,99.8,2026-01-01 00:11:16
ev1,11.16,:J135_10,2224.24,E103,382.87,evehicle,99.8,2026-01-01 00:11:16.500000
ev1,15.77,:J135_10,2224.24,E103,382.87,evehicle,99.8,2026-01-01 00:11:17
ev1,19.44,:J135_10,2224.24,E103,382.87,evehicle,99.77,2026-01-01 00:11:17.500000
ev1,22.36,:J135_10,2224.24,E103,382.87,evehicle,99.77,2026-01-01 00:11:18
ev1,24.84,:J135_10,2224.24,E103,382.87,evehicle,99.77,2026-01-01 00:11:18.500000
ev1,28.84,E209,2242.29,E103,364.82,evehicle,99.74,2026-01-01 00:11:19
ev1,31.36,E209,2246.64,E103,360.47,evehicle,99.74,2026-01-01 00:11:19.500000
ev1,35.96,E209,2251.64,E103,355.47,evehicle,99.71,2026-01-01 00:11:20
ev1,39.13,E209,2257.07,E103,350.04,evehicle,99.71,2026-01-01 00:11:20.500000
ev1,42.98,E209,2263.05,E103,344.06,evehicle,99.69,2026-01-01 00:11:21
ev1,45.65,E209,2269.39,E103,337.72,evehicle,99.69,2026-01-01 00:11:21.500000
ev1,47.34,:J138_10,2269.39,E103,337.72,evehicle,99.66,2026-01-01 00:11:22
ev1,46.55,:J138_10,2269.39,E103,337.72,evehicle,99.66,2026-01-01 00:11:22.500000
ev1,46.04,:J138_10,2269.39,E103,337.72,evehicle,99.66,2026-01-01 00:11:23
ev1,45.14,-E200,2295.09,E103,312.02,evehicle,99.66,2026-01-01 00:11:23.500000
ev1,45.76,-E200,2301.45,E103,305.66,evehicle,99.66,2026-01-01 00:11:24
ev1,46.37,-E200,2307.89,E103,299.22,evehicle,99.66,2026-01-01 00:11:24.500000
ev1,45.47,-E200,2314.2,E103,292.91,evehicle,99.66,2026-01-01 00:11:25
ev1,46.08,-E200,2320.6,E103,286.51,evehicle,99.66,2026-01-01 00:11:25.500000
ev1,46.73,:J69_18,2320.6,E103,286.51,evehicle,99.66,2026-01-01 00:11:26
ev1,46.48,:J69_18,2320.6,E103,286.51,evehicle,99.66,2026-01-01 00:11:26.500000
ev1,47.38,:J69_18,2320.6,E103,286.51,evehicle,99.66,2026-01-01 00:11:27
ev1,46.55,:J69_18,2320.6,E103,286.51,evehicle,99.66,2026-01-01 00:11:27.500000
ev1,47.05,:J69_18,2320.6,E103,286.51,evehicle,99.66,2026-01-01 00:11:28
ev1,45.07,E103,2359.39,E103,247.72,evehicle,99.66,2026-01-01 00:11:28.500000
ev1,45.94,E103,2365.77,E103,241.34,evehicle,99.66,2026-01-01 00:11:29
ev1,46.8,E103,2372.27,E103,234.84,evehicle,99.63,2026-01-01 00:11:29.500000
ev1,45.47,E103,2378.58,E103,228.53,evehicle,99.66,2026-01-01 00:11:30
ev1,47.12,E103,2385.13,E103,221.98,evehicle,99.63,2026-01-01 00:11:30.500000
ev1,46.69,E103,2391.62,E103,215.49,evehicle,99.63,2026-01-01 00:11:31
ev1,45.07,E103,2397.88,E103,209.23,evehicle,99.66,2026-01-01 00:11:31.500000
ev1,45.65,E103,2404.22,E103,202.89,evehicle,99.63,2026-01-01 00:11:32
ev1,47.23,E103,2410.78,E103,196.33,evehicle,99.63,2026-01-01 00:11:32.500000
ev1,46.62,E103,2417.25,E103,189.86,evehicle,99.63,2026-01-01 00:11:33
ev1,46.76,E103,2423.74,E103,183.37,evehicle,99.63,2026-01-01 00:11:33.500000
ev1,45.58,E103,2430.07,E103,177.04,evehicle,99.63,2026-01-01 00:11:34
ev1,46.15,E103,2436.48,E103,170.63,evehicle,99.63,2026-01-01 00:11:34.500000
ev1,45.9,E103,2442.86,E103,164.25,evehicle,99.63,2026-01-01 00:11:35
ev1,45.43,E103,2449.17,E103,157.94,evehicle,99.63,2026-01-01 00:11:35.500000
ev1,46.87,E103,2455.68,E103,151.43,evehicle,99.63,2026-01-01 00:11:36
ev1,46.94,E103,2462.2,E103,144.91,evehicle,99.63,2026-01-01 00:11:36.500000
ev1,45.9,E103,2468.57,E103,138.54,evehicle,99.63,2026-01-01 00:11:37
ev1,44.86,E103,2474.8,E103,132.31,evehicle,99.63,2026-01-01 00:11:37.500000
ev1,43.78,E103,2480.88,E103,126.23,evehicle,99.63,2026-01-01 00:11:38
ev1,42.73,E103,2486.82,E103,120.29,evehicle,99.63,2026-01-01 00:11:38.500000
ev1,41.69,E103,2492.6,E103,114.51,evehicle,99.63,2026-01-01 00:11:39
ev1,40.61,E103,2498.25,E103,108.86,evehicle,99.66,2026-01-01 00:11:39.500000
ev1,39.56,E103,2503.74,E103,103.37,evehicle,99.66,2026-01-01 00:11:40
ev1,38.52,E103,2509.09,E103,98.02,evehicle,99.66,2026-01-01 00:11:40.500000
ev1,37.48,E103,2514.29,E103,92.82,evehicle,99.66,2026-01-01 00:11:41
ev1,36.43,E103,2519.35,E103,87.76,evehicle,99.66,2026-01-01 00:11:41.500000
ev1,35.35,E103,2524.26,E103,82.85,evehicle,99.66,2026-01-01 00:11:42
ev1,34.31,E103,2529.03,E103,78.08,evehicle,99.66,2026-01-01 00:11:42.500000
ev1,33.26,E103,2533.65,E103,73.46,evehicle,99.66,2026-01-01 00:11:43
ev1,32.22,E103,2538.13,E103,68.98,evehicle,99.66,2026-01-01 00:11:43.500000
ev1,31.18,E103,2542.46,E103,64.65,evehicle,99.69,2026-01-01 00:11:44
ev1,30.13,E103,2546.64,E103,60.47,evehicle,99.69,2026-01-01 00:11:44.500000
ev1,29.09,E103,2550.68,E103,56.43,evehicle,99.69,2026-01-01 00:11:45
ev1,28.04,E103,2554.58,E103,52.53,evehicle,99.69,2026-01-01 00:11:45.500000
ev1,27.0,E103,2558.33,E103,48.78,evehicle,99.69,2026-01-01 00:11:46
ev1,25.96,E103,2561.94,E103,45.17,evehicle,99.69,2026-01-01 00:11:46.500000
ev1,24.95,E103,2565.4,E103,41.71,evehicle,99.69,2026-01-01 00:11:47
ev1,23.9,E103,2568.72,E103,38.39,evehicle,99.69,2026-01-01 00:11:47.500000
ev1,22.86,E103,2571.9,E103,35.21,evehicle,99.69,2026-01-01 00:11:48
ev1,21.85,E103,2574.93,E103,32.18,evehicle,99.69,2026-01-01 00:11:48.500000
ev1,20.81,E103,2577.82,E103,29.29,evehicle,99.69,2026-01-01 00:11:49
ev1,19.76,E103,2580.57,E103,26.54,evehicle,99.69,2026-01-01 00:11:49.500000
ev1,18.76,E103,2583.17,E103,23.94,evehicle,99.71,2026-01-01 00:11:50
ev1,17.75,E103,2585.63,E103,21.48,evehicle,99.71,2026-01-01 00:11:50.500000
ev1,16.7,E103,2587.96,E103,19.15,evehicle,99.71,2026-01-01 00:11:51
ev1,15.7,E103,2590.14,E103,16.97,evehicle,99.71,2026-01-01 00:11:51.500000
ev1,14.69,E103,2592.18,E103,14.93,evehicle,99.71,2026-01-01 00:11:52
ev1,13.68,E103,2594.08,E103,13.03,evehicle,99.71,2026-01-01 00:11:52.500000
ev1,12.71,E103,2595.85,E103,11.26,evehicle,99.71,2026-01-01 00:11:53
ev1,11.7,E103,2597.47,E103,9.64,evehicle,99.71,2026-01-01 00:11:53.500000
ev1,3.6,E103,2597.97,E103,9.14,evehicle,99.71,2026-01-01 00:11:54
ev1,0.0,E103,2597.97,E21,381.5,evehicle,99.71,2026-01-01 00:11:54.500000
ev1,0.0,E103,2597.97,E21,381.5,evehicle,99.71,2026-01-01 00:11:55
ev1,0.0,E103,2597.97,E21,381.5,evehicle,99.71,2026-01-01 00:11:55.500000
ev1,0.0,E103,2597.97,E21,381.5,evehicle,99.71,2026-01-01 00:11:56
ev1,0.0,E103,2597.97,E21,381.5,evehicle,99.71,2026-01-01 00:11:56.500000
ev1,0.0,E103,2597.97,E21,381.5,evehicle,99.71,2026-01-01 00:11:57
ev1,0.0,E103,2597.97,E21,381.5,evehicle,99.71,2026-01-01 00:11:57.500000
ev1,0.0,E103,2597.97,E21,381.5,evehicle,99.71,2026-01-01 00:11:58
ev1,0.0,E103,2597.97,E21,381.5,evehicle,99.71,2026-01-01 00:11:58.500000
ev1,0.0,E103,2597.97,E21,381.5,evehicle,99.71,2026-01-01 00:11:59
ev1,0.0,E103,2597.97,E21,381.5,evehicle,99.71,2026-01-01 00:11:59.500000
ev1,0.0,E103,2597.97,E21,381.5,evehicle,99.71,2026-01-01 00:12:00
ev1,0.0,E103,2597.97,E21,381.5,evehicle,99.71,2026-01-01 00:12:00.500000
ev1,0.0,E103,2597.97,E21,381.5,evehicle,99.71,2026-01-01 00:12:01
ev1,0.0,E103,2597.97,E21,381.5,evehicle,99.71,2026-01-01 00:12:01.500000
ev1,0.0,E103,2597.97,E21,381.5,evehicle,99.71,2026-01-01 00:12:02
ev1,0.0,E103,2597.97,E21,381.5,evehicle,99.71,2026-01-01 00:12:02.500000
ev1,0.0,E103,2597.97,E21,381.5,evehicle,99.71,2026-01-01 00:12:03
ev1,0.0,E103,2597.97,E21,381.5,evehicle,99.71,2026-01-01 00:12:03.500000
ev1,0.0,E103,2597.97,E21,381.5,evehicle,99.71,2026-01-01 00:12:04
ev1,0.0,E103,2597.97,E21,381.5,evehicle,99.71,2026-01-01 00:12:04.500000
ev1,0.0,E103,2597.97,E21,381.5,evehicle,99.71,2026-01-01 00:12:05
ev1,0.0,E103,2597.97,E21,381.5,evehicle,99.71,2026-01-01 00:12:05.500000
ev1,0.0,E103,2597.97,E21,381.5,evehicle,99.71,2026-01-01 00:12:06
ev1,0.0,E103,2597.97,E21,381.5,evehicle,99.71,2026-01-01 00:12:06.500000
ev1,0.0,E103,2597.97,E21,381.5,evehicle,99.71,2026-01-01 00:12:07
ev1,0.0,E103,2597.97,E21,381.5,evehicle,99.71,2026-01-01 00:12:07.500000
ev1,0.0,E103,2597.97,E21,381.5,evehicle,99.71,2026-01-01 00:12:08
ev1,0.0,E103,2597.97,E21,381.5,evehicle,99.71,2026-01-01 00:12:08.500000
ev1,0.0,E103,2597.97,E21,381.5,evehicle,99.71,2026-01-01 00:12:09
ev1,0.0,E103,2597.97,E21,381.5,evehicle,99.71,2026-01-01 00:12:09.500000
ev1,0.0,E103,2597.97,E21,381.5,evehicle,99.71,2026-01-01 00:12:10
ev1,0.0,E103,2597.97,E21,381.5,evehicle,99.71,2026-01-01 00:12:10.500000
ev1,0.0,E103,2597.97,E21,381.5,evehicle,99.71,2026-01-01 00:12:11
ev1,0.0,E103,2597.97,E21,381.5,evehicle,99.71,2026-01-01 00:12:11.500000
ev1,0.0,E103,2597.97,E21,381.5,evehicle,99.71,2026-01-01 00:12:12
ev1,0.0,E103,2597.97,E21,381.5,evehicle,99.71,2026-01-01 00:12:12.500000
ev1,0.0,E103,2597.97,E21,381.5,evehicle,99.71,2026-01-01 00:12:13
ev1,0.0,E103,2597.97,E21,381.5,evehicle,99.71,2026-01-01 00:12:13.500000
ev1,0.0,E103,2597.97,E21,381.5,evehicle,99.71,2026-01-01 00:12:14
ev1,0.0,E103,2597.97,E21,381.5,evehicle,99.71,2026-01-01 00:12:14.500000
ev1,0.0,E103,2597.97,E21,381.5,evehicle,99.71,2026-01-01 00:12:15
ev1,0.0,E103,2597.97,E21,381.5,evehicle,99.71,2026-01-01 00:12:15.500000
ev1,0.0,E103,2597.97,E21,381.5,evehicle,99.71,2026-01-01 00:12:16
ev1,0.0,E103,2597.97,E21,381.5,evehicle,99.71,2026-01-01 00:12:16.500000
ev1,0.0,E103,2597.97,E21,381.5,evehicle,99.71,2026-01-01 00:12:17
ev1,0.0,E103,2597.97,E21,381.5,evehicle,99.71,2026-01-01 00:12:17.500000
ev1,0.0,E103,2597.97,E21,381.5,evehicle,99.71,2026-01-01 00:12:18
ev1,0.0,E103,2597.97,E21,381.5,evehicle,99.71,2026-01-01 00:12:18.500000
ev1,0.0,E103,2597.97,E21,381.5,evehicle,99.71,2026-01-01 00:12:19
ev1,0.0,E103,2597.97,E21,381.5,evehicle,99.71,2026-01-01 00:12:19.500000
ev1,0.0,E103,2597.97,E21,381.5,evehicle,99.71,2026-01-01 00:12:20
ev1,0.0,E103,2597.97,E21,381.5,evehicle,99.71,2026-01-01 00:12:20.500000
ev1,0.0,E103,2597.97,E21,381.5,evehicle,99.71,2026-01-01 00:12:21
ev1,0.0,E103,2597.97,E21,381.5,evehicle,99.71,2026-01-01 00:12:21.500000
ev1,0.0,E103,2597.97,E21,381.5,evehicle,99.71,2026-01-01 00:12:22
ev1,0.0,E103,2597.97,E21,381.5,evehicle,99.71,2026-01-01 00:12:22.500000
ev1,0.0,E103,2597.97,E21,381.5,evehicle,99.71,2026-01-01 00:12:23
ev1,0.0,E103,2597.97,E21,381.5,evehicle,99.71,2026-01-01 00:12:23.500000
ev1,0.0,E103,2597.97,E21,381.5,evehicle,99.71,2026-01-01 00:12:24
ev1,0.0,E103,2597.97,E21,381.5,evehicle,99.71,2026-01-01 00:12:24.500000
ev1,0.0,E103,2597.97,E21,381.5,evehicle,99.71,2026-01-01 00:12:25
ev1,0.0,E103,2597.97,E21,381.5,evehicle,99.71,2026-01-01 00:12:25.500000
ev1,0.0,E103,2597.97,E21,381.5,evehicle,99.71,2026-01-01 00:12:26
ev1,0.0,E103,2597.97,E21,381.5,evehicle,99.71,2026-01-01 00:12:26.500000
ev1,0.0,E103,2597.97,E21,381.5,evehicle,99.71,2026-01-01 00:12:27
ev1,0.0,E103,2597.97,E21,381.5,evehicle,99.71,2026-01-01 00:12:27.500000
ev1,0.0,E103,2597.97,E21,381.5,evehicle,99.71,2026-01-01 00:12:28
ev1,0.0,E103,2597.97,E21,381.5,evehicle,99.71,2026-01-01 00:12:28.500000
ev1,0.0,E103,2597.97,E21,381.5,evehicle,99.71,2026-01-01 00:12:29
ev1,0.0,E103,2597.97,E21,381.5,evehicle,99.71,2026-01-01 00:12:29.500000
ev1,0.0,E103,2597.97,E21,381.5,evehicle,99.71,2026-01-01 00:12:30
ev1,0.0,E103,2597.97,E21,381.5,evehicle,99.71,2026-01-01 00:12:30.500000
ev1,0.0,E103,2597.97,E21,381.5,evehicle,99.71,2026-01-01 00:12:31
ev1,0.0,E103,2597.97,E21,381.5,evehicle,99.71,2026-01-01 00:12:31.500000
ev1,0.0,E103,2597.97,E21,381.5,evehicle,99.71,2026-01-01 00:12:32
ev1,0.0,E103,2597.97,E21,381.5,evehicle,99.71,2026-01-01 00:12:32.500000
ev1,0.0,E103,2597.97,E21,381.5,evehicle,99.71,2026-01-01 00:12:33
ev1,0.0,E103,2597.97,E21,381.5,evehicle,99.71,2026-01-01 00:12:33.500000
ev1,0.0,E103,2597.97,E21,381.5,evehicle,99.71,2026-01-01 00:12:34
ev1,0.0,E103,2597.97,E21,381.5,evehicle,99.71,2026-01-01 00:12:34.500000
ev1,0.0,E103,2597.97,E21,381.5,evehicle,99.71,2026-01-01 00:12:35
ev1,0.0,E103,2597.97,E21,381.5,evehicle,99.71,2026-01-01 00:12:35.500000
ev1,0.0,E103,2597.97,E21,381.5,evehicle,99.71,2026-01-01 00:12:36
ev1,0.0,E103,2597.97,E21,381.5,evehicle,99.71,2026-01-01 00:12:36.500000
ev1,0.0,E103,2597.97,E21,381.5,evehicle,99.71,2026-01-01 00:12:37
ev1,0.0,E103,2597.97,E21,381.5,evehicle,99.71,2026-01-01 00:12:37.500000
ev1,0.0,E103,2597.97,E21,381.5,evehicle,99.71,2026-01-01 00:12:38
ev1,0.0,E103,2597.97,E21,381.5,evehicle,99.71,2026-01-01 00:12:38.500000
ev1,0.0,E103,2597.97,E21,381.5,evehicle,99.71,2026-01-01 00:12:39
ev1,0.0,E103,2597.97,E21,381.5,evehicle,99.71,2026-01-01 00:12:39.500000
ev1,0.0,E103,2597.97,E21,381.5,evehicle,99.71,2026-01-01 00:12:40
ev1,0.0,E103,2597.97,E21,381.5,evehicle,99.71,2026-01-01 00:12:40.500000
ev1,0.0,E103,2597.97,E21,381.5,evehicle,99.71,2026-01-01 00:12:41
ev1,0.0,E103,2597.97,E21,381.5,evehicle,99.71,2026-01-01 00:12:41.500000
ev1,0.0,E103,2597.97,E21,381.5,evehicle,99.71,2026-01-01 00:12:42
ev1,0.0,E103,2597.97,E21,381.5,evehicle,99.71,2026-01-01 00:12:42.500000
ev1,0.0,E103,2597.97,E21,381.5,evehicle,99.71,2026-01-01 00:12:43
ev1,0.0,E103,2597.97,E21,381.5,evehicle,99.71,2026-01-01 00:12:43.500000
ev1,0.0,E103,2597.97,E21,381.5,evehicle,99.71,2026-01-01 00:12:44
ev1,0.0,E103,2597.97,E21,381.5,evehicle,99.71,2026-01-01 00:12:44.500000
ev1,0.0,E103,2597.97,E21,381.5,evehicle,99.71,2026-01-01 00:12:45
ev1,0.0,E103,2597.97,E21,381.5,evehicle,99.71,2026-01-01 00:12:45.500000
ev1,0.0,E103,2597.97,E21,381.5,evehicle,99.71,2026-01-01 00:12:46
ev1,0.0,E103,2597.97,E21,381.5,evehicle,99.71,2026-01-01 00:12:46.500000
ev1,0.0,E103,2597.97,E21,381.5,evehicle,99.71,2026-01-01 00:12:47
ev1,0.0,E103,2597.97,E21,381.5,evehicle,99.71,2026-01-01 00:12:47.500000
ev1,0.0,E103,2597.97,E21,381.5,evehicle,99.71,2026-01-01 00:12:48
ev1,0.0,E103,2597.97,E21,381.5,evehicle,99.71,2026-01-01 00:12:48.500000
ev1,0.0,E103,2597.97,E21,381.5,evehicle,99.71,2026-01-01 00:12:49
ev1,0.0,E103,2597.97,E21,381.5,evehicle,99.71,2026-01-01 00:12:49.500000
ev1,0.0,E103,2597.97,E21,381.5,evehicle,99.71,2026-01-01 00:12:50
ev1,0.0,E103,2597.97,E21,381.5,evehicle,99.71,2026-01-01 00:12:50.500000
ev1,0.0,E103,2597.97,E21,381.5,evehicle,99.71,2026-01-01 00:12:51
ev1,0.0,E103,2597.97,E21,381.5,evehicle,99.71,2026-01-01 00:12:51.500000
ev1,0.0,E103,2597.97,E21,381.5,evehicle,99.71,2026-01-01 00:12:52
ev1,0.0,E103,2597.97,E21,381.5,evehicle,99.71,2026-01-01 00:12:52.500000
ev1,0.0,E103,2597.97,E21,381.5,evehicle,99.71,2026-01-01 00:12:53
ev1,0.0,E103,2597.97,E21,381.5,evehicle,99.71,2026-01-01 00:12:53.500000
ev1,0.0,E103,2597.97,E21,381.5,evehicle,99.71,2026-01-01 00:12:54
ev1,0.0,E103,2597.97,E21,381.5,evehicle,99.71,2026-01-01 00:12:54.500000
ev1,4.28,E103,2598.57,E21,380.9,evehicle,99.71,2026-01-01 00:12:55
ev1,8.06,E103,2599.69,E21,379.78,evehicle,99.71,2026-01-01 00:12:55.500000
ev1,10.51,E103,2601.14,E21,378.33,evehicle,99.71,2026-01-01 00:12:56
ev1,14.8,E103,2603.2,E21,376.27,evehicle,99.69,2026-01-01 00:12:56.500000
ev1,17.32,E103,2605.6,E21,373.87,evehicle,99.69,2026-01-01 00:12:57
ev1,17.35,:J70_9,2605.6,E21,373.87,evehicle,99.69,2026-01-01 00:12:57.500000
ev1,17.21,:J70_9,2605.6,E21,373.87,evehicle,99.69,2026-01-01 00:12:58
ev1,16.92,:J70_9,2605.6,E21,373.87,evehicle,99.69,2026-01-01 00:12:58.500000
ev1,17.57,:J70_9,2605.6,E21,373.87,evehicle,99.69,2026-01-01 00:12:59
ev1,16.99,:J70_9,2605.6,E21,373.87,evehicle,99.69,2026-01-01 00:12:59.500000
ev1,17.03,-E104,2619.91,E21,359.56,evehicle,99.69,2026-01-01 00:13:00
ev1,21.35,-E104,2622.88,E21,356.59,evehicle,99.69,2026-01-01 00:13:00.500000
ev1,25.74,-E104,2626.45,E21,353.02,evehicle,99.66,2026-01-01 00:13:01
ev1,29.88,-E104,2630.6,E21,348.87,evehicle,99.66,2026-01-01 00:13:01.500000
ev1,32.72,-E104,2635.15,E21,344.32,evehicle,99.63,2026-01-01 00:13:02
ev1,35.53,-E104,2640.08,E21,339.39,evehicle,99.63,2026-01-01 00:13:02.500000
ev1,39.2,-E104,2645.52,E21,333.95,evehicle,99.6,2026-01-01 00:13:03
ev1,43.16,-E104,2651.52,E21,327.95,evehicle,99.6,2026-01-01 00:13:03.500000
ev1,46.51,-E104,2657.98,E21,321.49,evehicle,99.57,2026-01-01 00:13:04
ev1,46.98,-E104,2664.5,E21,314.97,evehicle,99.57,2026-01-01 00:13:04.500000
ev1,45.07,-E104,2670.77,E21,308.7,evehicle,99.57,2026-01-01 00:13:05
ev1,45.61,-E104,2677.1,E21,302.37,evehicle,99.57,2026-01-01 00:13:05.500000
ev1,47.2,-E104,2683.66,E21,295.81,evehicle,99.57,2026-01-01 00:13:06
ev1,46.48,-E104,2690.11,E21,289.36,evehicle,99.57,2026-01-01 00:13:06.500000
ev1,46.01,:J24_7,2690.11,E21,289.36,evehicle,99.57,2026-01-01 00:13:07
ev1,47.16,:J24_7,2690.11,E21,289.36,evehicle,99.54,2026-01-01 00:13:07.500000
ev1,45.07,:J24_7,2690.11,E21,289.36,evehicle,99.57,2026-01-01 00:13:08
ev1,45.83,:J24_7,2690.11,E21,289.36,evehicle,99.57,2026-01-01 00:13:08.500000
ev1,46.44,-E13,2722.13,E21,257.34,evehicle,99.54,2026-01-01 00:13:09
ev1,46.8,-E13,2728.63,E21,250.84,evehicle,99.54,2026-01-01 00:13:09.500000
ev1,38.7,-E13,2734.01,E21,245.46,evehicle,99.6,2026-01-01 00:13:10
ev1,30.6,-E13,2738.26,E21,241.21,evehicle,99.63,2026-01-01 00:13:10.500000
ev1,22.5,-E13,2741.38,E21,238.09,evehicle,99.63,2026-01-01 00:13:11
ev1,25.67,:J23_1,2741.38,E21,238.09,evehicle,99.63,2026-01-01 00:13:11.500000
ev1,27.86,:J23_1,2741.38,E21,238.09,evehicle,99.63,2026-01-01 00:13:12
ev1,28.66,:J23_1,2741.38,E21,238.09,evehicle,99.63,2026-01-01 00:13:12.500000
ev1,28.37,:J23_1,2741.38,E21,238.09,evehicle,99.63,2026-01-01 00:13:13
ev1,28.73,:J23_1,2741.38,E21,238.09,evehicle,99.63,2026-01-01 00:13:13.500000
ev1,27.43,-E12,2764.53,E21,214.94,evehicle,99.63,2026-01-01 00:13:14
ev1,29.92,-E12,2768.69,E21,210.78,evehicle,99.6,2026-01-01 00:13:14.500000
ev1,33.34,-E12,2773.32,E21,206.15,evehicle,99.6,2026-01-01 00:13:15
ev1,36.07,-E12,2778.33,E21,201.14,evehicle,99.57,2026-01-01 00:13:15.500000
ev1,35.96,-E12,2783.33,E21,196.14,evehicle,99.57,2026-01-01 00:13:16
ev1,27.86,-E12,2787.2,E21,192.27,evehicle,99.6,2026-01-01 00:13:16.500000
ev1,19.76,-E12,2789.95,E21,189.52,evehicle,99.63,2026-01-01 00:13:17
ev1,11.77,-E12,2791.58,E21,187.89,evehicle,99.66,2026-01-01 00:13:17.500000
ev1,7.02,-E12,2792.55,E21,186.92,evehicle,99.66,2026-01-01 00:13:18
ev1,0.97,-E12,2792.69,E21,186.78,evehicle,99.66,2026-01-01 00:13:18.500000
ev1,0.14,-E12,2792.71,E21,186.76,evehicle,99.66,2026-01-01 00:13:19
ev1,0.04,-E12,2792.71,E21,186.76,evehicle,99.66,2026-01-01 00:13:19.500000
ev1,0.0,-E12,2792.71,E21,186.76,evehicle,99.66,2026-01-01 00:13:20
ev1,0.0,-E12,2792.71,E21,186.76,evehicle,99.66,2026-01-01 00:13:20.500000
ev1,0.0,-E12,2792.71,E21,186.76,evehicle,99.66,2026-01-01 00:13:21
ev1,0.0,-E12,2792.71,E21,186.76,evehicle,99.66,2026-01-01 00:13:21.500000
ev1,0.0,-E12,2792.71,E21,186.76,evehicle,99.66,2026-01-01 00:13:22
ev1,0.0,-E12,2792.71,E21,186.76,evehicle,99.66,2026-01-01 00:13:22.500000
ev1,0.0,-E12,2792.71,E21,186.76,evehicle,99.66,2026-01-01 00:13:23
ev1,0.0,-E12,2792.71,E21,186.76,evehicle,99.66,2026-01-01 00:13:23.500000
ev1,0.0,-E12,2792.71,E21,186.76,evehicle,99.66,2026-01-01 00:13:24
ev1,0.0,-E12,2792.71,E21,186.76,evehicle,99.66,2026-01-01 00:13:24.500000
ev1,0.0,-E12,2792.71,E21,186.76,evehicle,99.66,2026-01-01 00:13:25
ev1,0.0,-E12,2792.71,E21,186.76,evehicle,99.66,2026-01-01 00:13:25.500000
ev1,0.0,-E12,2792.71,E21,186.76,evehicle,99.66,2026-01-01 00:13:26
ev1,0.0,-E12,2792.71,E21,186.76,evehicle,99.66,2026-01-01 00:13:26.500000
ev1,0.0,-E12,2792.71,E21,186.76,evehicle,99.66,2026-01-01 00:13:27
ev1,0.0,-E12,2792.71,E21,186.76,evehicle,99.66,2026-01-01 00:13:27.500000
ev1,0.0,-E12,2792.71,E21,186.76,evehicle,99.66,2026-01-01 00:13:28
ev1,0.0,-E12,2792.71,E21,186.76,evehicle,99.66,2026-01-01 00:13:28.500000
ev1,0.0,-E12,2792.71,E21,186.76,evehicle,99.66,2026-01-01 00:13:29
ev1,0.0,-E12,2792.71,E21,186.76,evehicle,99.66,2026-01-01 00:13:29.500000
ev1,0.0,-E12,2792.71,E21,186.76,evehicle,99.66,2026-01-01 00:13:30
ev1,3.89,-E12,2793.25,E21,186.22,evehicle,99.66,2026-01-01 00:13:30.500000
ev1,8.1,:J8_1,2793.25,E21,186.22,evehicle,99.66,2026-01-01 00:13:31
ev1,11.56,:J8_1,2793.25,E21,186.22,evehicle,99.63,2026-01-01 00:13:31.500000
ev1,14.72,:J8_1,2793.25,E21,186.22,evehicle,99.63,2026-01-01 00:13:32
ev1,18.4,:J8_1,2793.25,E21,186.22,evehicle,99.63,2026-01-01 00:13:32.500000
ev1,22.28,:J8_1,2793.25,E21,186.22,evehicle,99.63,2026-01-01 00:13:33
ev1,26.82,:J8_1,2793.25,E21,186.22,evehicle,99.6,2026-01-01 00:13:33.500000
ev1,29.99,:J8_1,2793.25,E21,186.22,evehicle,99.6,2026-01-01 00:13:34
ev1,32.58,-maxwell,2816.09,E21,163.38,evehicle,99.57,2026-01-01 00:13:34.500000
ev1,35.17,-maxwell,2820.97,E21,158.5,evehicle,99.57,2026-01-01 00:13:35
ev1,37.8,-maxwell,2826.22,E21,153.25,evehicle,99.57,2026-01-01 00:13:35.500000
ev1,36.5,-maxwell,2831.29,E21,148.18,evehicle,99.57,2026-01-01 00:13:36
ev1,28.55,-maxwell,2835.26,E21,144.21,evehicle,99.6,2026-01-01 00:13:36.500000
ev1,20.45,-maxwell,2838.1,E21,141.37,evehicle,99.6,2026-01-01 00:13:37
ev1,20.27,:J1_1,2838.1,E21,141.37,evehicle,99.6,2026-01-01 00:13:37.500000
ev1,20.05,:J1_1,2838.1,E21,141.37,evehicle,99.6,2026-01-01 00:13:38
ev1,19.87,:J1_1,2838.1,E21,141.37,evehicle,99.6,2026-01-01 00:13:38.500000
ev1,19.66,:J1_1,2838.1,E21,141.37,evehicle,99.6,2026-01-01 00:13:39
ev1,19.48,:J1_1,2838.1,E21,141.37,evehicle,99.6,2026-01-01 00:13:39.500000
ev1,19.3,:J1_1,2838.1,E21,141.37,evehicle,99.6,2026-01-01 00:13:40
ev1,19.12,:J1_1,2838.1,E21,141.37,evehicle,99.6,2026-01-01 00:13:40.500000
ev1,18.94,:J1_1,2838.1,E21,141.37,evehicle,99.6,2026-01-01 00:13:41
ev1,18.76,:J1_1,2838.1,E21,141.37,evehicle,99.6,2026-01-01 00:13:41.500000
ev1,18.58,:J1_1,2838.1,E21,141.37,evehicle,99.6,2026-01-01 00:13:42
ev1,18.4,-joulesD,2867.59,E21,111.88,evehicle,99.6,2026-01-01 00:13:42.500000
ev1,18.18,-joulesD,2870.12,E21,109.35,evehicle,99.6,2026-01-01 00:13:43
ev1,18.0,-joulesD,2872.62,E21,106.85,evehicle,99.6,2026-01-01 00:13:43.500000
ev1,17.78,-joulesD,2875.09,E21,104.38,evehicle,99.6,2026-01-01 00:13:44
ev1,17.57,-joulesD,2877.53,E21,101.94,evehicle,99.6,2026-01-01 00:13:44.500000
ev1,17.35,-joulesD,2879.94,E21,99.53,evehicle,99.6,2026-01-01 00:13:45
ev1,17.14,-joulesD,2882.32,E21,97.15,evehicle,99.6,2026-01-01 00:13:45.500000
ev1,16.92,-joulesD,2884.67,E21,94.8,evehicle,99.6,2026-01-01 00:13:46
ev1,16.74,-joulesD,2887.0,E21,92.47,evehicle,99.6,2026-01-01 00:13:46.500000
ev1,16.52,-joulesD,2889.29,E21,90.18,evehicle,99.6,2026-01-01 00:13:47
ev1,16.31,-joulesD,2891.55,E21,87.92,evehicle,99.6,2026-01-01 00:13:47.500000
ev1,16.09,-joulesD,2893.79,E21,85.68,evehicle,99.6,2026-01-01 00:13:48
ev1,15.88,:J3_8,2893.79,E21,85.68,evehicle,99.6,2026-01-01 00:13:48.500000
ev1,15.7,:J3_8,2893.79,E21,85.68,evehicle,99.6,2026-01-01 00:13:49
ev1,15.48,:J3_8,2893.79,E21,85.68,evehicle,99.6,2026-01-01 00:13:49.500000
ev1,15.3,:J3_8,2893.79,E21,85.68,evehicle,99.6,2026-01-01 00:13:50
ev1,15.08,newton,2904.54,E21,74.93,evehicle,99.6,2026-01-01 00:13:50.500000
ev1,14.9,newton,2906.61,E21,72.86,evehicle,99.6,2026-01-01 00:13:51
ev1,14.69,newton,2908.65,E21,70.82,evehicle,99.6,2026-01-01 00:13:51.500000
ev1,14.47,newton,2910.66,E21,68.81,evehicle,99.6,2026-01-01 00:13:52
ev1,14.26,newton,2912.64,E21,66.83,evehicle,99.6,2026-01-01 00:13:52.500000
ev1,14.04,newton,2914.59,E21,64.88,evehicle,99.6,2026-01-01 00:13:53
ev1,13.82,newton,2916.51,E21,62.96,evehicle,99.6,2026-01-01 00:13:53.500000
ev1,13.61,newton,2918.4,E21,61.07,evehicle,99.6,2026-01-01 00:13:54
ev1,13.39,newton,2920.26,E21,59.21,evehicle,99.6,2026-01-01 00:13:54.500000
ev1,13.21,newton,2922.1,E21,57.37,evehicle,99.6,2026-01-01 00:13:55
ev1,13.0,newton,2923.9,E21,55.57,evehicle,99.6,2026-01-01 00:13:55.500000
ev1,12.78,newton,2925.67,E21,53.8,evehicle,99.6,2026-01-01 00:13:56
ev1,12.56,newton,2927.42,E21,52.05,evehicle,99.6,2026-01-01 00:13:56.500000
ev1,12.35,newton,2929.14,E21,50.33,evehicle,99.6,2026-01-01 00:13:57
ev1,12.13,newton,2930.82,E21,48.65,evehicle,99.6,2026-01-01 00:13:57.500000
ev1,11.92,newton,2932.48,E21,46.99,evehicle,99.6,2026-01-01 00:13:58
ev1,11.74,:J9_1,2932.48,E21,46.99,evehicle,99.6,2026-01-01 00:13:58.500000
ev1,11.52,:J9_1,2932.48,E21,46.99,evehicle,99.6,2026-01-01 00:13:59
ev1,11.34,:J9_1,2932.48,E21,46.99,evehicle,99.6,2026-01-01 00:13:59.500000
ev1,11.12,:J9_1,2932.48,E21,46.99,evehicle,99.6,2026-01-01 00:14:00
ev1,10.94,:J9_1,2932.48,E21,46.99,evehicle,99.6,2026-01-01 00:14:00.500000
ev1,10.76,:J9_1,2932.48,E21,46.99,evehicle,99.6,2026-01-01 00:14:01
ev1,10.62,:J9_1,2932.48,E21,46.99,evehicle,99.6,2026-01-01 00:14:01.500000
ev1,10.44,:J9_1,2932.48,E21,46.99,evehicle,99.6,2026-01-01 00:14:02
ev1,10.26,:J9_1,2932.48,E21,46.99,evehicle,99.6,2026-01-01 00:14:02.500000
ev1,10.12,E21,2947.6,E21,31.87,evehicle,99.6,2026-01-01 00:14:03
ev1,9.9,E21,2948.97,E21,30.5,evehicle,99.6,2026-01-01 00:14:03.500000
ev1,9.68,E21,2950.32,E21,29.15,evehicle,99.6,2026-01-01 00:14:04
ev1,9.47,E21,2951.63,E21,27.84,evehicle,99.6,2026-01-01 00:14:04.500000
ev1,9.22,E21,2952.91,E21,26.56,evehicle,99.6,2026-01-01 00:14:05
ev1,9.0,E21,2954.16,E21,25.31,evehicle,99.6,2026-01-01 00:14:05.500000
ev1,8.78,E21,2955.38,E21,24.09,evehicle,99.6,2026-01-01 00:14:06
ev1,8.57,E21,2956.57,E21,22.9,evehicle,99.6,2026-01-01 00:14:06.500000
ev1,8.35,E21,2957.73,E21,21.74,evehicle,99.6,2026-01-01 00:14:07
ev1,8.1,E21,2958.86,E21,20.61,evehicle,99.6,2026-01-01 00:14:07.500000
ev1,7.88,E21,2959.95,E21,19.52,evehicle,99.6,2026-01-01 00:14:08
ev1,7.67,E21,2961.02,E21,18.45,evehicle,99.6,2026-01-01 00:14:08.500000
ev1,7.45,E21,2962.05,E21,17.42,evehicle,99.6,2026-01-01 00:14:09
ev1,7.24,E21,2963.06,E21,16.41,evehicle,99.6,2026-01-01 00:14:09.500000
ev1,7.02,E21,2964.03,E21,15.44,evehicle,99.6,2026-01-01 00:14:10
ev1,6.8,E21,2964.97,E21,14.5,evehicle,99.6,2026-01-01 00:14:10.500000
ev1,6.55,E21,2965.89,E21,13.58,evehicle,99.6,2026-01-01 00:14:11
ev1,6.34,E21,2966.77,E21,12.7,evehicle,99.6,2026-01-01 00:14:11.500000
ev1,6.12,E21,2967.62,E21,11.85,evehicle,99.6,2026-01-01 00:14:12
ev1,5.9,E21,2968.44,E21,11.03,evehicle,99.6,2026-01-01 00:14:12.500000
ev1,5.69,E21,2969.23,E21,10.24,evehicle,99.6,2026-01-01 00:14:13
ev1,5.47,E21,2969.99,E21,9.48,evehicle,99.6,2026-01-01 00:14:13.500000
ev1,0.0,E21,2969.99,-E15,639.16,evehicle,99.6,2026-01-01 00:14:14
ev1,0.0,E21,2969.99,-E15,639.16,evehicle,99.6,2026-01-01 00:14:14.500000
ev1,0.0,E21,2969.99,-E15,639.16,evehicle,99.6,2026-01-01 00:14:15
ev1,0.0,E21,2969.99,-E15,639.16,evehicle,99.6,2026-01-01 00:14:15.500000
ev1,0.0,E21,2969.99,-E15,639.16,evehicle,99.6,2026-01-01 00:14:16
ev1,0.0,E21,2969.99,-E15,639.16,evehicle,99.6,2026-01-01 00:14:16.500000
ev1,0.0,E21,2969.99,-E15,639.16,evehicle,99.6,2026-01-01 00:14:17
ev1,0.0,E21,2969.99,-E15,639.16,evehicle,99.6,2026-01-01 00:14:17.500000
ev1,0.0,E21,2969.99,-E15,639.16,evehicle,99.6,2026-01-01 00:14:18
ev1,0.0,E21,2969.99,-E15,639.16,evehicle,99.6,2026-01-01 00:14:18.500000
ev1,0.0,E21,2969.99,-E15,639.16,evehicle,99.6,2026-01-01 00:14:19
ev1,0.0,E21,2969.99,-E15,639.16,evehicle,99.6,2026-01-01 00:14:19.500000
ev1,0.0,E21,2969.99,-E15,639.16,evehicle,99.6,2026-01-01 00:14:20
ev1,0.0,E21,2969.99,-E15,639.16,evehicle,99.6,2026-01-01 00:14:20.500000
ev1,0.0,E21,2969.99,-E15,639.16,evehicle,99.6,2026-01-01 00:14:21
ev1,0.0,E21,2969.99,-E15,639.16,evehicle,99.6,2026-01-01 00:14:21.500000
ev1,0.0,E21,2969.99,-E15,639.16,evehicle,99.6,2026-01-01 00:14:22
ev1,0.0,E21,2969.99,-E15,639.16,evehicle,99.6,2026-01-01 00:14:22.500000
ev1,0.0,E21,2969.99,-E15,639.16,evehicle,99.6,2026-01-01 00:14:23
ev1,0.0,E21,2969.99,-E15,639.16,evehicle,99.6,2026-01-01 00:14:23.500000
ev1,0.0,E21,2969.99,-E15,639.16,evehicle,99.6,2026-01-01 00:14:24
ev1,0.0,E21,2969.99,-E15,639.16,evehicle,99.6,2026-01-01 00:14:24.500000
ev1,0.0,E21,2969.99,-E15,639.16,evehicle,99.6,2026-01-01 00:14:25
ev1,0.0,E21,2969.99,-E15,639.16,evehicle,99.6,2026-01-01 00:14:25.500000
ev1,0.0,E21,2969.99,-E15,639.16,evehicle,99.6,2026-01-01 00:14:26
ev1,0.0,E21,2969.99,-E15,639.16,evehicle,99.6,2026-01-01 00:14:26.500000
ev1,0.0,E21,2969.99,-E15,639.16,evehicle,99.6,2026-01-01 00:14:27
ev1,0.0,E21,2969.99,-E15,639.16,evehicle,99.6,2026-01-01 00:14:27.500000
ev1,0.0,E21,2969.99,-E15,639.16,evehicle,99.6,2026-01-01 00:14:28
ev1,0.0,E21,2969.99,-E15,639.16,evehicle,99.6,2026-01-01 00:14:28.500000
ev1,0.0,E21,2969.99,-E15,639.16,evehicle,99.6,2026-01-01 00:14:29
ev1,0.0,E21,2969.99,-E15,639.16,evehicle,99.6,2026-01-01 00:14:29.500000
ev1,0.0,E21,2969.99,-E15,639.16,evehicle,99.6,2026-01-01 00:14:30
ev1,0.0,E21,2969.99,-E15,639.16,evehicle,99.6,2026-01-01 00:14:30.500000
ev1,0.0,E21,2969.99,-E15,639.16,evehicle,99.6,2026-01-01 00:14:31
ev1,0.0,E21,2969.99,-E15,639.16,evehicle,99.6,2026-01-01 00:14:31.500000
ev1,0.0,E21,2969.99,-E15,639.16,evehicle,99.6,2026-01-01 00:14:32
ev1,0.0,E21,2969.99,-E15,639.16,evehicle,99.6,2026-01-01 00:14:32.500000
ev1,0.0,E21,2969.99,-E15,639.16,evehicle,99.6,2026-01-01 00:14:33
ev1,0.0,E21,2969.99,-E15,639.16,evehicle,99.6,2026-01-01 00:14:33.500000
ev1,0.0,E21,2969.99,-E15,639.16,evehicle,99.6,2026-01-01 00:14:34
ev1,0.0,E21,2969.99,-E15,639.16,evehicle,99.6,2026-01-01 00:14:34.500000
ev1,0.0,E21,2969.99,-E15,639.16,evehicle,99.6,2026-01-01 00:14:35
ev1,0.0,E21,2969.99,-E15,639.16,evehicle,99.6,2026-01-01 00:14:35.500000
ev1,0.0,E21,2969.99,-E15,639.16,evehicle,99.6,2026-01-01 00:14:36
ev1,0.0,E21,2969.99,-E15,639.16,evehicle,99.6,2026-01-01 00:14:36.500000
ev1,0.0,E21,2969.99,-E15,639.16,evehicle,99.6,2026-01-01 00:14:37
ev1,0.0,E21,2969.99,-E15,639.16,evehicle,99.6,2026-01-01 00:14:37.500000
ev1,0.0,E21,2969.99,-E15,639.16,evehicle,99.6,2026-01-01 00:14:38
ev1,0.0,E21,2969.99,-E15,639.16,evehicle,99.6,2026-01-01 00:14:38.500000
ev1,0.0,E21,2969.99,-E15,639.16,evehicle,99.6,2026-01-01 00:14:39
ev1,0.0,E21,2969.99,-E15,639.16,evehicle,99.6,2026-01-01 00:14:39.500000
ev1,0.0,E21,2969.99,-E15,639.16,evehicle,99.6,2026-01-01 00:14:40
ev1,0.0,E21,2969.99,-E15,639.16,evehicle,99.6,2026-01-01 00:14:40.500000
ev1,0.0,E21,2969.99,-E15,639.16,evehicle,99.6,2026-01-01 00:14:41
ev1,0.0,E21,2969.99,-E15,639.16,evehicle,99.6,2026-01-01 00:14:41.500000
ev1,0.0,E21,2969.99,-E15,639.16,evehicle,99.6,2026-01-01 00:14:42
ev1,0.0,E21,2969.99,-E15,639.16,evehicle,99.6,2026-01-01 00:14:42.500000
ev1,0.0,E21,2969.99,-E15,639.16,evehicle,99.6,2026-01-01 00:14:43
ev1,0.0,E21,2969.99,-E15,639.16,evehicle,99.6,2026-01-01 00:14:43.500000
ev1,0.0,E21,2969.99,-E15,639.16,evehicle,99.6,2026-01-01 00:14:44
ev1,0.0,E21,2969.99,-E15,639.16,evehicle,99.6,2026-01-01 00:14:44.500000
ev1,0.0,E21,2969.99,-E15,639.16,evehicle,99.6,2026-01-01 00:14:45
ev1,0.0,E21,2969.99,-E15,639.16,evehicle,99.6,2026-01-01 00:14:45.500000
ev1,0.0,E21,2969.99,-E15,639.16,evehicle,99.6,2026-01-01 00:14:46
ev1,0.0,E21,2969.99,-E15,639.16,evehicle,99.6,2026-01-01 00:14:46.500000
ev1,0.0,E21,2969.99,-E15,639.16,evehicle,99.6,2026-01-01 00:14:47
ev1,0.0,E21,2969.99,-E15,639.16,evehicle,99.6,2026-01-01 00:14:47.500000
ev1,0.0,E21,2969.99,-E15,639.16,evehicle,99.6,2026-01-01 00:14:48
ev1,0.0,E21,2969.99,-E15,639.16,evehicle,99.6,2026-01-01 00:14:48.500000
ev1,0.0,E21,2969.99,-E15,639.16,evehicle,99.6,2026-01-01 00:14:49
ev1,0.0,E21,2969.99,-E15,639.16,evehicle,99.6,2026-01-01 00:14:49.500000
ev1,0.0,E21,2969.99,-E15,639.16,evehicle,99.6,2026-01-01 00:14:50
ev1,0.0,E21,2969.99,-E15,639.16,evehicle,99.6,2026-01-01 00:14:50.500000
ev1,0.0,E21,2969.99,-E15,639.16,evehicle,99.6,2026-01-01 00:14:51
ev1,0.0,E21,2969.99,-E15,639.16,evehicle,99.6,2026-01-01 00:14:51.500000
ev1,0.0,E21,2969.99,-E15,639.16,evehicle,99.6,2026-01-01 00:14:52
ev1,0.0,E21,2969.99,-E15,639.16,evehicle,99.6,2026-01-01 00:14:52.500000
ev1,0.0,E21,2969.99,-E15,639.16,evehicle,99.6,2026-01-01 00:14:53
ev1,0.0,E21,2969.99,-E15,639.16,evehicle,99.6,2026-01-01 00:14:53.500000
ev1,0.0,E21,2969.99,-E15,639.16,evehicle,99.6,2026-01-01 00:14:54
ev1,0.0,E21,2969.99,-E15,639.16,evehicle,99.6,2026-01-01 00:14:54.500000
ev1,0.0,E21,2969.99,-E15,639.16,evehicle,99.6,2026-01-01 00:14:55
ev1,0.0,E21,2969.99,-E15,639.16,evehicle,99.6,2026-01-01 00:14:55.500000
ev1,0.0,E21,2969.99,-E15,639.16,evehicle,99.6,2026-01-01 00:14:56
ev1,0.0,E21,2969.99,-E15,639.16,evehicle,99.6,2026-01-01 00:14:56.500000
ev1,0.0,E21,2969.99,-E15,639.16,evehicle,99.6,2026-01-01 00:14:57
ev1,0.0,E21,2969.99,-E15,639.16,evehicle,99.6,2026-01-01 00:14:57.500000
ev1,0.0,E21,2969.99,-E15,639.16,evehicle,99.6,2026-01-01 00:14:58
ev1,0.0,E21,2969.99,-E15,639.16,evehicle,99.6,2026-01-01 00:14:58.500000
ev1,0.0,E21,2969.99,-E15,639.16,evehicle,99.6,2026-01-01 00:14:59
ev1,0.0,E21,2969.99,-E15,639.16,evehicle,99.6,2026-01-01 00:14:59.500000
ev1,0.0,E21,2969.99,-E15,639.16,evehicle,99.6,2026-01-01 00:15:00
ev1,0.0,E21,2969.99,-E15,639.16,evehicle,99.6,2026-01-01 00:15:00.500000
ev1,0.0,E21,2969.99,-E15,639.16,evehicle,99.6,2026-01-01 00:15:01
ev1,0.0,E21,2969.99,-E15,639.16,evehicle,99.6,2026-01-01 00:15:01.500000
ev1,0.0,E21,2969.99,-E15,639.16,evehicle,99.6,2026-01-01 00:15:02
ev1,0.0,E21,2969.99,-E15,639.16,evehicle,99.6,2026-01-01 00:15:02.500000
ev1,0.0,E21,2969.99,-E15,639.16,evehicle,99.6,2026-01-01 00:15:03
ev1,0.0,E21,2969.99,-E15,639.16,evehicle,99.6,2026-01-01 00:15:03.500000
ev1,0.0,E21,2969.99,-E15,639.16,evehicle,99.6,2026-01-01 00:15:04
ev1,0.0,E21,2969.99,-E15,639.16,evehicle,99.6,2026-01-01 00:15:04.500000
ev1,0.0,E21,2969.99,-E15,639.16,evehicle,99.6,2026-01-01 00:15:05
ev1,0.0,E21,2969.99,-E15,639.16,evehicle,99.6,2026-01-01 00:15:05.500000
ev1,0.0,E21,2969.99,-E15,639.16,evehicle,99.6,2026-01-01 00:15:06
ev1,0.0,E21,2969.99,-E15,639.16,evehicle,99.6,2026-01-01 00:15:06.500000
ev1,0.0,E21,2969.99,-E15,639.16,evehicle,99.6,2026-01-01 00:15:07
ev1,0.0,E21,2969.99,-E15,639.16,evehicle,99.6,2026-01-01 00:15:07.500000
ev1,0.0,E21,2969.99,-E15,639.16,evehicle,99.6,2026-01-01 00:15:08
ev1,0.0,E21,2969.99,-E15,639.16,evehicle,99.6,2026-01-01 00:15:08.500000
ev1,0.0,E21,2969.99,-E15,639.16,evehicle,99.6,2026-01-01 00:15:09
ev1,0.0,E21,2969.99,-E15,639.16,evehicle,99.6,2026-01-01 00:15:09.500000
ev1,0.0,E21,2969.99,-E15,639.16,evehicle,99.6,2026-01-01 00:15:10
ev1,0.0,E21,2969.99,-E15,639.16,evehicle,99.6,2026-01-01 00:15:10.500000
ev1,0.0,E21,2969.99,-E15,639.16,evehicle,99.6,2026-01-01 00:15:11
ev1,0.0,E21,2969.99,-E15,639.16,evehicle,99.6,2026-01-01 00:15:11.500000
ev1,0.0,E21,2969.99,-E15,639.16,evehicle,99.6,2026-01-01 00:15:12
ev1,0.0,E21,2969.99,-E15,639.16,evehicle,99.6,2026-01-01 00:15:12.500000
ev1,0.0,E21,2969.99,-E15,639.16,evehicle,99.6,2026-01-01 00:15:13
ev1,0.0,E21,2969.99,-E15,639.16,evehicle,99.6,2026-01-01 00:15:13.500000
ev1,0.0,E21,2969.99,-E15,639.16,evehicle,99.6,2026-01-01 00:15:14
ev1,4.43,E21,2970.6,-E15,638.55,evehicle,99.6,2026-01-01 00:15:14.500000
ev1,7.06,E21,2971.58,-E15,637.57,evehicle,99.6,2026-01-01 00:15:15
ev1,10.15,E21,2972.99,-E15,636.16,evehicle,99.6,2026-01-01 00:15:15.500000
ev1,14.04,E21,2974.95,-E15,634.2,evehicle,99.6,2026-01-01 00:15:16
ev1,17.28,E21,2977.34,-E15,631.81,evehicle,99.57,2026-01-01 00:15:16.500000
ev1,21.92,:J32_0,2977.34,-E15,631.81,evehicle,99.57,2026-01-01 00:15:17
ev1,22.21,:J32_0,2977.34,-E15,631.81,evehicle,99.57,2026-01-01 00:15:17.500000
ev1,20.59,:J32_0,2977.34,-E15,631.81,evehicle,99.57,2026-01-01 00:15:18
ev1,21.82,E23,2989.36,-E15,619.79,evehicle,99.57,2026-01-01 00:15:18.500000
ev1,26.35,E23,2993.02,-E15,616.13,evehicle,99.54,2026-01-01 00:15:19
ev1,30.85,E23,2997.31,-E15,611.84,evehicle,99.54,2026-01-01 00:15:19.500000
ev1,34.74,E23,3002.13,-E15,607.02,evehicle,99.51,2026-01-01 00:15:20
ev1,37.69,E23,3007.37,-E15,601.78,evehicle,99.51,2026-01-01 00:15:20.500000
ev1,40.21,E23,3012.95,-E15,596.2,evehicle,99.49,2026-01-01 00:15:21
ev1,44.53,E23,3019.14,-E15,590.01,evehicle,99.49,2026-01-01 00:15:21.500000
ev1,46.84,:J34_4,3019.14,-E15,590.01,evehicle,99.46,2026-01-01 00:15:22
ev1,46.22,:J34_4,3019.14,-E15,590.01,evehicle,99.46,2026-01-01 00:15:22.500000
ev1,45.29,E54,3038.36,-E15,570.79,evehicle,99.46,2026-01-01 00:15:23
ev1,47.02,E54,3044.89,-E15,564.26,evehicle,99.46,2026-01-01 00:15:23.500000
ev1,46.01,E54,3051.27,-E15,557.88,evehicle,99.46,2026-01-01 00:15:24
ev1,46.19,E54,3057.69,-E15,551.46,evehicle,99.46,2026-01-01 00:15:24.500000
ev1,46.26,E54,3064.12,-E15,545.03,evehicle,99.46,2026-01-01 00:15:25
ev1,46.69,E54,3070.6,-E15,538.55,evehicle,99.46,2026-01-01 00:15:25.500000
ev1,46.91,:J58_4,3070.6,-E15,538.55,evehicle,99.46,2026-01-01 00:15:26
ev1,46.69,:J58_4,3070.6,-E15,538.55,evehicle,99.46,2026-01-01 00:15:26.500000
ev1,45.94,-E48,3089.98,-E15,519.17,evehicle,99.46,2026-01-01 00:15:27
ev1,45.29,-E48,3096.28,-E15,512.87,evehicle,99.46,2026-01-01 00:15:27.500000
ev1,45.61,-E48,3102.61,-E15,506.54,evehicle,99.46,2026-01-01 00:15:28
ev1,46.76,-E48,3109.11,-E15,500.04,evehicle,99.43,2026-01-01 00:15:28.500000
ev1,45.47,-E48,3115.42,-E15,493.73,evehicle,99.46,2026-01-01 00:15:29
ev1,47.23,:J57_1,3115.42,-E15,493.73,evehicle,99.43,2026-01-01 00:15:29.500000
ev1,46.44,:J57_1,3115.42,-E15,493.73,evehicle,99.43,2026-01-01 00:15:30
ev1,46.69,:J57_1,3115.42,-E15,493.73,evehicle,99.43,2026-01-01 00:15:30.500000
ev1,46.08,:J57_1,3115.42,-E15,493.73,evehicle,99.43,2026-01-01 00:15:31
ev1,44.89,-E47,3147.56,-E15,461.59,evehicle,99.43,2026-01-01 00:15:31.500000
ev1,36.79,-E47,3152.67,-E15,456.48,evehicle,99.49,2026-01-01 00:15:32
ev1,28.98,-E47,3156.69,-E15,452.46,evehicle,99.51,2026-01-01 00:15:32.500000
ev1,21.13,-E47,3159.63,-E15,449.52,evehicle,99.51,2026-01-01 00:15:33
ev1,13.18,-E47,3161.46,-E15,447.69,evehicle,99.54,2026-01-01 00:15:33.500000
ev1,5.08,-E47,3162.16,-E15,446.99,evehicle,99.54,2026-01-01 00:15:34
ev1,0.11,-E47,3162.18,-E15,446.97,evehicle,99.54,2026-01-01 00:15:34.500000
ev1,0.0,-E47,3162.18,-E15,446.97,evehicle,99.54,2026-01-01 00:15:35
ev1,0.0,-E47,3162.18,-E15,446.97,evehicle,99.54,2026-01-01 00:15:35.500000
ev1,0.0,-E47,3162.18,-E15,446.97,evehicle,99.54,2026-01-01 00:15:36
ev1,0.0,-E47,3162.18,-E15,446.97,evehicle,99.54,2026-01-01 00:15:36.500000
ev1,0.0,-E47,3162.18,-E15,446.97,evehicle,99.54,2026-01-01 00:15:37
ev1,0.0,-E47,3162.18,-E15,446.97,evehicle,99.54,2026-01-01 00:15:37.500000
ev1,0.0,-E47,3162.18,-E15,446.97,evehicle,99.54,2026-01-01 00:15:38
ev1,0.0,-E47,3162.18,-E15,446.97,evehicle,99.54,2026-01-01 00:15:38.500000
ev1,0.0,-E47,3162.18,-E15,446.97,evehicle,99.54,2026-01-01 00:15:39
ev1,0.0,-E47,3162.18,-E15,446.97,evehicle,99.54,2026-01-01 00:15:39.500000
ev1,0.0,-E47,3162.18,-E15,446.97,evehicle,99.54,2026-01-01 00:15:40
ev1,0.0,-E47,3162.18,-E15,446.97,evehicle,99.54,2026-01-01 00:15:40.500000
ev1,0.0,-E47,3162.18,-E15,446.97,evehicle,99.54,2026-01-01 00:15:41
ev1,0.0,-E47,3162.18,-E15,446.97,evehicle,99.54,2026-01-01 00:15:41.500000
ev1,0.0,-E47,3162.18,-E15,446.97,evehicle,99.54,2026-01-01 00:15:42
ev1,0.0,-E47,3162.18,-E15,446.97,evehicle,99.54,2026-01-01 00:15:42.500000
ev1,0.0,-E47,3162.18,-E15,446.97,evehicle,99.54,2026-01-01 00:15:43
ev1,0.0,-E47,3162.18,-E15,446.97,evehicle,99.54,2026-01-01 00:15:43.500000
ev1,0.0,-E47,3162.18,-E15,446.97,evehicle,99.54,2026-01-01 00:15:44
ev1,0.0,-E47,3162.18,-E15,446.97,evehicle,99.54,2026-01-01 00:15:44.500000
ev1,0.0,-E47,3162.18,-E15,446.97,evehicle,99.54,2026-01-01 00:15:45
ev1,0.0,-E47,3162.18,-E15,446.97,evehicle,99.54,2026-01-01 00:15:45.500000
ev1,0.0,-E47,3162.18,-E15,446.97,evehicle,99.54,2026-01-01 00:15:46
ev1,0.0,-E47,3162.18,-E15,446.97,evehicle,99.54,2026-01-01 00:15:46.500000
ev1,0.0,-E47,3162.18,-E15,446.97,evehicle,99.54,2026-01-01 00:15:47
ev1,0.0,-E47,3162.18,-E15,446.97,evehicle,99.54,2026-01-01 00:15:47.500000
ev1,0.0,-E47,3162.18,-E15,446.97,evehicle,99.54,2026-01-01 00:15:48
ev1,0.0,-E47,3162.18,-E15,446.97,evehicle,99.54,2026-01-01 00:15:48.500000
ev1,0.0,-E47,3162.18,-E15,446.97,evehicle,99.54,2026-01-01 00:15:49
ev1,0.0,-E47,3162.18,-E15,446.97,evehicle,99.54,2026-01-01 00:15:49.500000
ev1,0.0,-E47,3162.18,-E15,446.97,evehicle,99.54,2026-01-01 00:15:50
ev1,0.0,-E47,3162.18,-E15,446.97,evehicle,99.54,2026-01-01 00:15:50.500000
ev1,0.0,-E47,3162.18,-E15,446.97,evehicle,99.54,2026-01-01 00:15:51
ev1,0.0,-E47,3162.18,-E15,446.97,evehicle,99.54,2026-01-01 00:15:51.500000
ev1,0.0,-E47,3162.18,-E15,446.97,evehicle,99.54,2026-01-01 00:15:52
ev1,0.0,-E47,3162.18,-E15,446.97,evehicle,99.54,2026-01-01 00:15:52.500000
ev1,0.0,-E47,3162.18,-E15,446.97,evehicle,99.54,2026-01-01 00:15:53
ev1,0.0,-E47,3162.18,-E15,446.97,evehicle,99.54,2026-01-01 00:15:53.500000
ev1,0.0,-E47,3162.18,-E15,446.97,evehicle,99.54,2026-01-01 00:15:54
ev1,0.0,-E47,3162.18,-E15,446.97,evehicle,99.54,2026-01-01 00:15:54.500000
ev1,0.0,-E47,3162.18,-E15,446.97,evehicle,99.54,2026-01-01 00:15:55
ev1,0.0,-E47,3162.18,-E15,446.97,evehicle,99.54,2026-01-01 00:15:55.500000
ev1,0.0,-E47,3162.18,-E15,446.97,evehicle,99.54,2026-01-01 00:15:56
ev1,0.0,-E47,3162.18,-E15,446.97,evehicle,99.54,2026-01-01 00:15:56.500000
ev1,0.0,-E47,3162.18,-E15,446.97,evehicle,99.54,2026-01-01 00:15:57
ev1,0.0,-E47,3162.18,-E15,446.97,evehicle,99.54,2026-01-01 00:15:57.500000
ev1,0.0,-E47,3162.18,-E15,446.97,evehicle,99.54,2026-01-01 00:15:58
ev1,0.0,-E47,3162.18,-E15,446.97,evehicle,99.54,2026-01-01 00:15:58.500000
ev1,0.0,-E47,3162.18,-E15,446.97,evehicle,99.54,2026-01-01 00:15:59
ev1,0.0,-E47,3162.18,-E15,446.97,evehicle,99.54,2026-01-01 00:15:59.500000
ev1,0.0,-E47,3162.18,-E15,446.97,evehicle,99.54,2026-01-01 00:16:00
ev1,0.0,-E47,3162.18,-E15,446.97,evehicle,99.54,2026-01-01 00:16:00.500000
ev1,0.0,-E47,3162.18,-E15,446.97,evehicle,99.54,2026-01-01 00:16:01
ev1,0.0,-E47,3162.18,-E15,446.97,evehicle,99.54,2026-01-01 00:16:01.500000
ev1,0.0,-E47,3162.18,-E15,446.97,evehicle,99.54,2026-01-01 00:16:02
ev1,0.0,-E47,3162.18,-E15,446.97,evehicle,99.54,2026-01-01 00:16:02.500000
ev1,0.0,-E47,3162.18,-E15,446.97,evehicle,99.54,2026-01-01 00:16:03
ev1,0.0,-E47,3162.18,-E15,446.97,evehicle,99.54,2026-01-01 00:16:03.500000
ev1,0.0,-E47,3162.18,-E15,446.97,evehicle,99.54,2026-01-01 00:16:04
ev1,0.0,-E47,3162.18,-E15,446.97,evehicle,99.54,2026-01-01 00:16:04.500000
ev1,0.0,-E47,3162.18,-E15,446.97,evehicle,99.54,2026-01-01 00:16:05
ev1,0.0,-E47,3162.18,-E15,446.97,evehicle,99.54,2026-01-01 00:16:05.500000
ev1,0.0,-E47,3162.18,-E15,446.97,evehicle,99.54,2026-01-01 00:16:06
ev1,0.0,-E47,3162.18,-E15,446.97,evehicle,99.54,2026-01-01 00:16:06.500000
ev1,0.0,-E47,3162.18,-E15,446.97,evehicle,99.54,2026-01-01 00:16:07
ev1,0.0,-E47,3162.18,-E15,446.97,evehicle,99.54,2026-01-01 00:16:07.500000
ev1,0.0,-E47,3162.18,-E15,446.97,evehicle,99.54,2026-01-01 00:16:08
ev1,0.0,-E47,3162.18,-E15,446.97,evehicle,99.54,2026-01-01 00:16:08.500000
ev1,0.0,-E47,3162.18,-E15,446.97,evehicle,99.54,2026-01-01 00:16:09
ev1,0.0,-E47,3162.18,-E15,446.97,evehicle,99.54,2026-01-01 00:16:09.500000
ev1,0.0,-E47,3162.18,-E15,446.97,evehicle,99.54,2026-01-01 00:16:10
ev1,0.0,-E47,3162.18,-E15,446.97,evehicle,99.54,2026-01-01 00:16:10.500000
ev1,0.0,-E47,3162.18,-E15,446.97,evehicle,99.54,2026-01-01 00:16:11
ev1,0.0,-E47,3162.18,-E15,446.97,evehicle,99.54,2026-01-01 00:16:11.500000
ev1,0.0,-E47,3162.18,-E15,446.97,evehicle,99.54,2026-01-01 00:16:12
ev1,0.0,-E47,3162.18,-E15,446.97,evehicle,99.54,2026-01-01 00:16:12.500000
ev1,0.0,-E47,3162.18,-E15,446.97,evehicle,99.54,2026-01-01 00:16:13
ev1,0.0,-E47,3162.18,-E15,446.97,evehicle,99.54,2026-01-01 00:16:13.500000
ev1,0.0,-E47,3162.18,-E15,446.97,evehicle,99.54,2026-01-01 00:16:14
ev1,0.0,-E47,3162.18,-E15,446.97,evehicle,99.54,2026-01-01 00:16:14.500000
ev1,0.0,-E47,3162.18,-E15,446.97,evehicle,99.54,2026-01-01 00:16:15
ev1,0.0,-E47,3162.18,-E15,446.97,evehicle,99.54,2026-01-01 00:16:15.500000
ev1,0.0,-E47,3162.18,-E15,446.97,evehicle,99.54,2026-01-01 00:16:16
ev1,0.0,-E47,3162.18,-E15,446.97,evehicle,99.54,2026-01-01 00:16:16.500000
ev1,0.0,-E47,3162.18,-E15,446.97,evehicle,99.54,2026-01-01 00:16:17
ev1,0.0,-E47,3162.18,-E15,446.97,evehicle,99.54,2026-01-01 00:16:17.500000
ev1,0.0,-E47,3162.18,-E15,446.97,evehicle,99.54,2026-01-01 00:16:18
ev1,0.0,-E47,3162.18,-E15,446.97,evehicle,99.54,2026-01-01 00:16:18.500000
ev1,0.0,-E47,3162.18,-E15,446.97,evehicle,99.54,2026-01-01 00:16:19
ev1,0.0,-E47,3162.18,-E15,446.97,evehicle,99.54,2026-01-01 00:16:19.500000
ev1,0.0,-E47,3162.18,-E15,446.97,evehicle,99.54,2026-01-01 00:16:20
ev1,0.0,-E47,3162.18,-E15,446.97,evehicle,99.54,2026-01-01 00:16:20.500000
ev1,0.0,-E47,3162.18,-E15,446.97,evehicle,99.54,2026-01-01 00:16:21
ev1,0.0,-E47,3162.18,-E15,446.97,evehicle,99.54,2026-01-01 00:16:21.500000
ev1,0.0,-E47,3162.18,-E15,446.97,evehicle,99.54,2026-01-01 00:16:22
ev1,0.0,-E47,3162.18,-E15,446.97,evehicle,99.54,2026-01-01 00:16:22.500000
ev1,0.0,-E47,3162.18,-E15,446.97,evehicle,99.54,2026-01-01 00:16:23
ev1,0.0,-E47,3162.18,-E15,446.97,evehicle,99.54,2026-01-01 00:16:23.500000
ev1,0.0,-E47,3162.18,-E15,446.97,evehicle,99.54,2026-01-01 00:16:24
ev1,0.0,-E47,3162.18,-E15,446.97,evehicle,99.54,2026-01-01 00:16:24.500000
ev1,0.0,-E47,3162.18,-E15,446.97,evehicle,99.54,2026-01-01 00:16:25
ev1,0.0,-E47,3162.18,-E15,446.97,evehicle,99.54,2026-01-01 00:16:25.500000
ev1,0.0,-E47,3162.18,-E15,446.97,evehicle,99.54,2026-01-01 00:16:26
ev1,0.0,-E47,3162.18,-E15,446.97,evehicle,99.54,2026-01-01 00:16:26.500000
ev1,0.0,-E47,3162.18,-E15,446.97,evehicle,99.54,2026-01-01 00:16:27
ev1,0.0,-E47,3162.18,-E15,446.97,evehicle,99.54,2026-01-01 00:16:27.500000
ev1,0.0,-E47,3162.18,-E15,446.97,evehicle,99.54,2026-01-01 00:16:28
ev1,0.0,-E47,3162.18,-E15,446.97,evehicle,99.54,2026-01-01 00:16:28.500000
ev1,0.0,-E47,3162.18,-E15,446.97,evehicle,99.54,2026-01-01 00:16:29
ev1,0.0,-E47,3162.18,-E15,446.97,evehicle,99.54,2026-01-01 00:16:29.500000
ev1,0.0,-E47,3162.18,-E15,446.97,evehicle,99.54,2026-01-01 00:16:30
ev1,4.39,-E47,3162.79,-E15,446.36,evehicle,99.54,2026-01-01 00:16:30.500000
ev1,8.1,:J56_5,3162.79,-E15,446.36,evehicle,99.54,2026-01-01 00:16:31
ev1,10.73,:J56_5,3162.79,-E15,446.36,evehicle,99.54,2026-01-01 00:16:31.500000
ev1,14.11,:J56_5,3162.79,-E15,446.36,evehicle,99.54,2026-01-01 00:16:32
ev1,18.29,:J56_5,3162.79,-E15,446.36,evehicle,99.51,2026-01-01 00:16:32.500000
ev1,21.42,:J56_5,3162.79,-E15,446.36,evehicle,99.51,2026-01-01 00:16:33
ev1,25.16,:J56_5,3162.79,-E15,446.36,evehicle,99.51,2026-01-01 00:16:33.500000
ev1,28.48,:J56_5,3162.79,-E15,446.36,evehicle,99.49,2026-01-01 00:16:34
ev1,32.44,:J56_5,3162.79,-E15,446.36,evehicle,99.49,2026-01-01 00:16:34.500000
ev1,36.72,:J56_5,3162.79,-E15,446.36,evehicle,99.46,2026-01-01 00:16:35
ev1,41.22,-E46,3195.66,-E15,413.49,evehicle,99.43,2026-01-01 00:16:35.500000
ev1,45.86,-E46,3202.03,-E15,407.12,evehicle,99.43,2026-01-01 00:16:36
ev1,47.38,-E46,3208.61,-E15,400.54,evehicle,99.4,2026-01-01 00:16:36.500000
ev1,46.87,:J55_4,3208.61,-E15,400.54,evehicle,99.4,2026-01-01 00:16:37
ev1,46.19,:J55_4,3208.61,-E15,400.54,evehicle,99.4,2026-01-01 00:16:37.500000
ev1,45.9,:J55_4,3208.61,-E15,400.54,evehicle,99.4,2026-01-01 00:16:38
ev1,45.32,:J55_4,3208.61,-E15,400.54,evehicle,99.4,2026-01-01 00:16:38.500000
ev1,45.72,-E45,3240.55,-E15,368.6,evehicle,99.4,2026-01-01 00:16:39
ev1,47.09,-E45,3247.09,-E15,362.06,evehicle,99.4,2026-01-01 00:16:39.500000
ev1,45.54,-E45,3253.42,-E15,355.73,evehicle,99.4,2026-01-01 00:16:40
ev1,47.23,-E45,3259.97,-E15,349.18,evehicle,99.4,2026-01-01 00:16:40.500000
ev1,46.62,-E45,3266.45,-E15,342.7,evehicle,99.4,2026-01-01 00:16:41
ev1,45.58,:J49_4,3266.45,-E15,342.7,evehicle,99.4,2026-01-01 00:16:41.500000
ev1,46.48,:J49_4,3266.45,-E15,342.7,evehicle,99.4,2026-01-01 00:16:42
ev1,45.97,-E39,3285.62,-E15,323.53,evehicle,99.4,2026-01-01 00:16:42.500000
ev1,45.58,-E39,3291.95,-E15,317.2,evehicle,99.4,2026-01-01 00:16:43
ev1,45.4,-E39,3298.25,-E15,310.9,evehicle,99.4,2026-01-01 00:16:43.500000
ev1,46.12,-E39,3304.66,-E15,304.49,evehicle,99.4,2026-01-01 00:16:44
ev1,47.09,-E39,3311.2,-E15,297.95,evehicle,99.37,2026-01-01 00:16:44.500000
ev1,46.84,-E39,3317.7,-E15,291.45,evehicle,99.37,2026-01-01 00:16:45
ev1,46.76,:J46_1,3317.7,-E15,291.45,evehicle,99.37,2026-01-01 00:16:45.500000
ev1,46.37,:J46_1,3317.7,-E15,291.45,evehicle,99.37,2026-01-01 00:16:46
ev1,45.36,:J46_1,3317.7,-E15,291.45,evehicle,99.37,2026-01-01 00:16:46.500000
ev1,46.08,-E36,3343.33,-E15,265.82,evehicle,99.37,2026-01-01 00:16:47
ev1,45.9,-E36,3349.71,-E15,259.44,evehicle,99.37,2026-01-01 00:16:47.500000
ev1,45.79,-E36,3356.07,-E15,253.08,evehicle,99.37,2026-01-01 00:16:48
ev1,47.16,-E36,3362.61,-E15,246.54,evehicle,99.37,2026-01-01 00:16:48.500000
ev1,45.61,:J43_5,3362.61,-E15,246.54,evehicle,99.37,2026-01-01 00:16:49
ev1,47.23,:J43_5,3362.61,-E15,246.54,evehicle,99.37,2026-01-01 00:16:49.500000
ev1,45.76,:J43_5,3362.61,-E15,246.54,evehicle,99.37,2026-01-01 00:16:50
ev1,45.07,:J43_5,3362.61,-E15,246.54,evehicle,99.37,2026-01-01 00:16:50.500000
ev1,45.5,-E33,3394.45,-E15,214.7,evehicle,99.37,2026-01-01 00:16:51
ev1,47.2,-E33,3401.0,-E15,208.15,evehicle,99.37,2026-01-01 00:16:51.500000
ev1,45.76,-E33,3407.35,-E15,201.8,evehicle,99.37,2026-01-01 00:16:52
ev1,45.61,:J40_4,3407.35,-E15,201.8,evehicle,99.37,2026-01-01 00:16:52.500000
ev1,45.25,:J40_4,3407.35,-E15,201.8,evehicle,99.37,2026-01-01 00:16:53
ev1,46.58,:J40_4,3407.35,-E15,201.8,evehicle,99.34,2026-01-01 00:16:53.500000
ev1,45.83,:J40_4,3407.35,-E15,201.8,evehicle,99.37,2026-01-01 00:16:54
ev1,46.19,-E30,3439.22,-E15,169.93,evehicle,99.34,2026-01-01 00:16:54.500000
ev1,46.12,-E30,3445.62,-E15,163.53,evehicle,99.34,2026-01-01 00:16:55
ev1,45.25,-E30,3451.91,-E15,157.24,evehicle,99.37,2026-01-01 00:16:55.500000
ev1,46.37,-E30,3458.35,-E15,150.8,evehicle,99.34,2026-01-01 00:16:56
ev1,47.05,-E30,3464.88,-E15,144.27,evehicle,99.34,2026-01-01 00:16:56.500000
ev1,45.97,:J18_4,3464.88,-E15,144.27,evehicle,99.34,2026-01-01 00:16:57
ev1,44.96,:J18_4,3464.88,-E15,144.27,evehicle,99.34,2026-01-01 00:16:57.500000
ev1,43.99,:J18_4,3464.88,-E15,144.27,evehicle,99.34,2026-01-01 00:16:58
ev1,43.06,-E27,3489.6,-E15,119.55,evehicle,99.37,2026-01-01 00:16:58.500000
ev1,41.98,-E27,3495.43,-E15,113.72,evehicle,99.37,2026-01-01 00:16:59
ev1,40.9,-E27,3501.11,-E15,108.04,evehicle,99.37,2026-01-01 00:16:59.500000
ev1,39.82,-E27,3506.65,-E15,102.5,evehicle,99.37,2026-01-01 00:17:00
ev1,38.74,-E27,3512.03,-E15,97.12,evehicle,99.37,2026-01-01 00:17:00.500000
ev1,37.69,-E27,3517.26,-E15,91.89,evehicle,99.37,2026-01-01 00:17:01
ev1,36.61,:J27_4,3517.26,-E15,91.89,evehicle,99.37,2026-01-01 00:17:01.500000
ev1,35.6,:J27_4,3517.26,-E15,91.89,evehicle,99.37,2026-01-01 00:17:02
ev1,34.63,:J27_4,3517.26,-E15,91.89,evehicle,99.4,2026-01-01 00:17:02.500000
ev1,33.73,-E16,3536.78,-E15,72.37,evehicle,99.4,2026-01-01 00:17:03
ev1,32.65,-E16,3541.32,-E15,67.83,evehicle,99.4,2026-01-01 00:17:03.500000
ev1,31.54,-E16,3545.7,-E15,63.45,evehicle,99.4,2026-01-01 00:17:04
ev1,30.46,-E16,3549.93,-E15,59.22,evehicle,99.4,2026-01-01 00:17:04.500000
ev1,29.38,-E16,3554.01,-E15,55.14,evehicle,99.4,2026-01-01 00:17:05
ev1,28.3,-E16,3557.94,-E15,51.21,evehicle,99.4,2026-01-01 00:17:05.500000
ev1,27.18,-E16,3561.71,-E15,47.44,evehicle,99.4,2026-01-01 00:17:06
ev1,22.28,-E16,3564.81,-E15,44.34,evehicle,99.43,2026-01-01 00:17:06.500000
ev1,21.49,:J26_4,3564.81,-E15,44.34,evehicle,99.43,2026-01-01 00:17:07
ev1,20.77,:J26_4,3564.81,-E15,44.34,evehicle,99.43,2026-01-01 00:17:07.500000
ev1,20.09,:J26_4,3564.81,-E15,44.34,evehicle,99.43,2026-01-01 00:17:08
ev1,19.48,:J26_4,3564.81,-E15,44.34,evehicle,99.43,2026-01-01 00:17:08.500000
ev1,18.86,-E15,3578.79,-E15,30.36,evehicle,99.43,2026-01-01 00:17:09
ev1,18.07,-E15,3581.3,-E15,27.85,evehicle,99.43,2026-01-01 00:17:09.500000
ev1,17.24,-E15,3583.7,-E15,25.45,evehicle,99.43,2026-01-01 00:17:10
ev1,16.42,-E15,3585.98,-E15,23.17,evehicle,99.43,2026-01-01 00:17:10.500000
ev1,15.62,-E15,3588.15,-E15,21.0,evehicle,99.43,2026-01-01 00:17:11
ev1,14.83,-E15,3590.21,-E15,18.94,evehicle,99.43,2026-01-01 00:17:11.500000
ev1,14.0,-E15,3592.15,-E15,17.0,evehicle,99.43,2026-01-01 00:17:12
ev1,13.21,-E15,3593.99,-E15,15.16,evehicle,99.43,2026-01-01 00:17:12.500000
ev1,12.42,-E15,3595.71,-E15,13.44,evehicle,99.43,2026-01-01 00:17:13
ev1,11.63,-E15,3597.33,-E15,11.82,evehicle,99.43,2026-01-01 00:17:13.500000
ev1,10.84,-E15,3598.83,-E15,10.32,evehicle,99.43,2026-01-01 00:17:14
ev1,10.04,-E15,3600.22,-E15,8.93,evehicle,99.43,2026-01-01 00:17:14.500000
ev1,1.94,-E15,3600.49,-E15,8.66,evehicle,99.43,2026-01-01 00:17:15
ev1,0.0,-E15,3600.49,-E109,669.56,evehicle,99.43,2026-01-01 00:17:15.500000
ev1,0.0,-E15,3600.49,-E109,669.56,evehicle,99.43,2026-01-01 00:17:16
ev1,0.0,-E15,3600.49,-E109,669.56,evehicle,99.43,2026-01-01 00:17:16.500000
ev1,0.0,-E15,3600.49,-E109,669.56,evehicle,99.43,2026-01-01 00:17:17
ev1,0.0,-E15,3600.49,-E109,669.56,evehicle,99.43,2026-01-01 00:17:17.500000
ev1,0.0,-E15,3600.49,-E109,669.56,evehicle,99.43,2026-01-01 00:17:18
ev1,0.0,-E15,3600.49,-E109,669.56,evehicle,99.43,2026-01-01 00:17:18.500000
ev1,0.0,-E15,3600.49,-E109,669.56,evehicle,99.43,2026-01-01 00:17:19
ev1,0.0,-E15,3600.49,-E109,669.56,evehicle,99.43,2026-01-01 00:17:19.500000
ev1,0.0,-E15,3600.49,-E109,669.56,evehicle,99.43,2026-01-01 00:17:20
ev1,0.0,-E15,3600.49,-E109,669.56,evehicle,99.43,2026-01-01 00:17:20.500000
ev1,0.0,-E15,3600.49,-E109,669.56,evehicle,99.43,2026-01-01 00:17:21
ev1,0.0,-E15,3600.49,-E109,669.56,evehicle,99.43,2026-01-01 00:17:21.500000
ev1,0.0,-E15,3600.49,-E109,669.56,evehicle,99.43,2026-01-01 00:17:22
ev1,0.0,-E15,3600.49,-E109,669.56,evehicle,99.43,2026-01-01 00:17:22.500000
ev1,0.0,-E15,3600.49,-E109,669.56,evehicle,99.43,2026-01-01 00:17:23
ev1,0.0,-E15,3600.49,-E109,669.56,evehicle,99.43,2026-01-01 00:17:23.500000
ev1,0.0,-E15,3600.49,-E109,669.56,evehicle,99.43,2026-01-01 00:17:24
ev1,0.0,-E15,3600.49,-E109,669.56,evehicle,99.43,2026-01-01 00:17:24.500000
ev1,0.0,-E15,3600.49,-E109,669.56,evehicle,99.43,2026-01-01 00:17:25
ev1,0.0,-E15,3600.49,-E109,669.56,evehicle,99.43,2026-01-01 00:17:25.500000
ev1,0.0,-E15,3600.49,-E109,669.56,evehicle,99.43,2026-01-01 00:17:26
ev1,0.0,-E15,3600.49,-E109,669.56,evehicle,99.43,2026-01-01 00:17:26.500000
ev1,0.0,-E15,3600.49,-E109,669.56,evehicle,99.43,2026-01-01 00:17:27
ev1,0.0,-E15,3600.49,-E109,669.56,evehicle,99.43,2026-01-01 00:17:27.500000
ev1,0.0,-E15,3600.49,-E109,669.56,evehicle,99.43,2026-01-01 00:17:28
ev1,0.0,-E15,3600.49,-E109,669.56,evehicle,99.43,2026-01-01 00:17:28.500000
ev1,0.0,-E15,3600.49,-E109,669.56,evehicle,99.43,2026-01-01 00:17:29
ev1,0.0,-E15,3600.49,-E109,669.56,evehicle,99.43,2026-01-01 00:17:29.500000
ev1,0.0,-E15,3600.49,-E109,669.56,evehicle,99.43,2026-01-01 00:17:30
ev1,0.0,-E15,3600.49,-E109,669.56,evehicle,99.43,2026-01-01 00:17:30.500000
ev1,0.0,-E15,3600.49,-E109,669.56,evehicle,99.43,2026-01-01 00:17:31
ev1,0.0,-E15,3600.49,-E109,669.56,evehicle,99.43,2026-01-01 00:17:31.500000
ev1,0.0,-E15,3600.49,-E109,669.56,evehicle,99.43,2026-01-01 00:17:32
ev1,0.0,-E15,3600.49,-E109,669.56,evehicle,99.43,2026-01-01 00:17:32.500000
ev1,0.0,-E15,3600.49,-E109,669.56,evehicle,99.43,2026-01-01 00:17:33
ev1,0.0,-E15,3600.49,-E109,669.56,evehicle,99.43,2026-01-01 00:17:33.500000
ev1,0.0,-E15,3600.49,-E109,669.56,evehicle,99.43,2026-01-01 00:17:34
ev1,0.0,-E15,3600.49,-E109,669.56,evehicle,99.43,2026-01-01 00:17:34.500000
ev1,0.0,-E15,3600.49,-E109,669.56,evehicle,99.43,2026-01-01 00:17:35
ev1,0.0,-E15,3600.49,-E109,669.56,evehicle,99.43,2026-01-01 00:17:35.500000
ev1,0.0,-E15,3600.49,-E109,669.56,evehicle,99.43,2026-01-01 00:17:36
ev1,0.0,-E15,3600.49,-E109,669.56,evehicle,99.43,2026-01-01 00:17:36.500000
ev1,0.0,-E15,3600.49,-E109,669.56,evehicle,99.43,2026-01-01 00:17:37
ev1,0.0,-E15,3600.49,-E109,669.56,evehicle,99.43,2026-01-01 00:17:37.500000
ev1,0.0,-E15,3600.49,-E109,669.56,evehicle,99.43,2026-01-01 00:17:38
ev1,0.0,-E15,3600.49,-E109,669.56,evehicle,99.43,2026-01-01 00:17:38.500000
ev1,0.0,-E15,3600.49,-E109,669.56,evehicle,99.43,2026-01-01 00:17:39
ev1,0.0,-E15,3600.49,-E109,669.56,evehicle,99.43,2026-01-01 00:17:39.500000
ev1,0.0,-E15,3600.49,-E109,669.56,evehicle,99.43,2026-01-01 00:17:40
ev1,0.0,-E15,3600.49,-E109,669.56,evehicle,99.43,2026-01-01 00:17:40.500000
ev1,0.0,-E15,3600.49,-E109,669.56,evehicle,99.43,2026-01-01 00:17:41
ev1,0.0,-E15,3600.49,-E109,669.56,evehicle,99.43,2026-01-01 00:17:41.500000
ev1,0.0,-E15,3600.49,-E109,669.56,evehicle,99.43,2026-01-01 00:17:42
ev1,0.0,-E15,3600.49,-E109,669.56,evehicle,99.43,2026-01-01 00:17:42.500000
ev1,0.0,-E15,3600.49,-E109,669.56,evehicle,99.43,2026-01-01 00:17:43
ev1,0.0,-E15,3600.49,-E109,669.56,evehicle,99.43,2026-01-01 00:17:43.500000
ev1,0.0,-E15,3600.49,-E109,669.56,evehicle,99.43,2026-01-01 00:17:44
ev1,0.0,-E15,3600.49,-E109,669.56,evehicle,99.43,2026-01-01 00:17:44.500000
ev1,0.0,-E15,3600.49,-E109,669.56,evehicle,99.43,2026-01-01 00:17:45
ev1,0.0,-E15,3600.49,-E109,669.56,evehicle,99.43,2026-01-01 00:17:45.500000
ev1,0.0,-E15,3600.49,-E109,669.56,evehicle,99.43,2026-01-01 00:17:46
ev1,0.0,-E15,3600.49,-E109,669.56,evehicle,99.43,2026-01-01 00:17:46.500000
ev1,0.0,-E15,3600.49,-E109,669.56,evehicle,99.43,2026-01-01 00:17:47
ev1,0.0,-E15,3600.49,-E109,669.56,evehicle,99.43,2026-01-01 00:17:47.500000
ev1,0.0,-E15,3600.49,-E109,669.56,evehicle,99.43,2026-01-01 00:17:48
ev1,0.0,-E15,3600.49,-E109,669.56,evehicle,99.43,2026-01-01 00:17:48.500000
ev1,0.0,-E15,3600.49,-E109,669.56,evehicle,99.43,2026-01-01 00:17:49
ev1,0.0,-E15,3600.49,-E109,669.56,evehicle,99.43,2026-01-01 00:17:49.500000
ev1,0.0,-E15,3600.49,-E109,669.56,evehicle,99.43,2026-01-01 00:17:50
ev1,0.0,-E15,3600.49,-E109,669.56,evehicle,99.43,2026-01-01 00:17:50.500000
ev1,0.0,-E15,3600.49,-E109,669.56,evehicle,99.43,2026-01-01 00:17:51
ev1,0.0,-E15,3600.49,-E109,669.56,evehicle,99.43,2026-01-01 00:17:51.500000
ev1,0.0,-E15,3600.49,-E109,669.56,evehicle,99.43,2026-01-01 00:17:52
ev1,0.0,-E15,3600.49,-E109,669.56,evehicle,99.43,2026-01-01 00:17:52.500000
ev1,0.0,-E15,3600.49,-E109,669.56,evehicle,99.43,2026-01-01 00:17:53
ev1,0.0,-E15,3600.49,-E109,669.56,evehicle,99.43,2026-01-01 00:17:53.500000
ev1,0.0,-E15,3600.49,-E109,669.56,evehicle,99.43,2026-01-01 00:17:54
ev1,0.0,-E15,3600.49,-E109,669.56,evehicle,99.43,2026-01-01 00:17:54.500000
ev1,0.0,-E15,3600.49,-E109,669.56,evehicle,99.43,2026-01-01 00:17:55
ev1,0.0,-E15,3600.49,-E109,669.56,evehicle,99.43,2026-01-01 00:17:55.500000
ev1,0.0,-E15,3600.49,-E109,669.56,evehicle,99.43,2026-01-01 00:17:56
ev1,0.0,-E15,3600.49,-E109,669.56,evehicle,99.43,2026-01-01 00:17:56.500000
ev1,0.0,-E15,3600.49,-E109,669.56,evehicle,99.43,2026-01-01 00:17:57
ev1,0.0,-E15,3600.49,-E109,669.56,evehicle,99.43,2026-01-01 00:17:57.500000
ev1,0.0,-E15,3600.49,-E109,669.56,evehicle,99.43,2026-01-01 00:17:58
ev1,0.0,-E15,3600.49,-E109,669.56,evehicle,99.43,2026-01-01 00:17:58.500000
ev1,0.0,-E15,3600.49,-E109,669.56,evehicle,99.43,2026-01-01 00:17:59
ev1,0.0,-E15,3600.49,-E109,669.56,evehicle,99.43,2026-01-01 00:17:59.500000
ev1,0.0,-E15,3600.49,-E109,669.56,evehicle,99.43,2026-01-01 00:18:00
ev1,0.0,-E15,3600.49,-E109,669.56,evehicle,99.43,2026-01-01 00:18:00.500000
ev1,0.0,-E15,3600.49,-E109,669.56,evehicle,99.43,2026-01-01 00:18:01
ev1,0.0,-E15,3600.49,-E109,669.56,evehicle,99.43,2026-01-01 00:18:01.500000
ev1,0.0,-E15,3600.49,-E109,669.56,evehicle,99.43,2026-01-01 00:18:02
ev1,0.0,-E15,3600.49,-E109,669.56,evehicle,99.43,2026-01-01 00:18:02.500000
ev1,0.0,-E15,3600.49,-E109,669.56,evehicle,99.43,2026-01-01 00:18:03
ev1,0.0,-E15,3600.49,-E109,669.56,evehicle,99.43,2026-01-01 00:18:03.500000
ev1,0.0,-E15,3600.49,-E109,669.56,evehicle,99.43,2026-01-01 00:18:04
ev1,0.0,-E15,3600.49,-E109,669.56,evehicle,99.43,2026-01-01 00:18:04.500000
ev1,0.0,-E15,3600.49,-E109,669.56,evehicle,99.43,2026-01-01 00:18:05
ev1,0.0,-E15,3600.49,-E109,669.56,evehicle,99.43,2026-01-01 00:18:05.500000
ev1,0.0,-E15,3600.49,-E109,669.56,evehicle,99.43,2026-01-01 00:18:06
ev1,0.0,-E15,3600.49,-E109,669.56,evehicle,99.43,2026-01-01 00:18:06.500000
ev1,0.0,-E15,3600.49,-E109,669.56,evehicle,99.43,2026-01-01 00:18:07
ev1,0.0,-E15,3600.49,-E109,669.56,evehicle,99.43,2026-01-01 00:18:07.500000
ev1,0.0,-E15,3600.49,-E109,669.56,evehicle,99.43,2026-01-01 00:18:08
ev1,0.0,-E15,3600.49,-E109,669.56,evehicle,99.43,2026-01-01 00:18:08.500000
ev1,0.0,-E15,3600.49,-E109,669.56,evehicle,99.43,2026-01-01 00:18:09
ev1,0.0,-E15,3600.49,-E109,669.56,evehicle,99.43,2026-01-01 00:18:09.500000
ev1,0.0,-E15,3600.49,-E109,669.56,evehicle,99.43,2026-01-01 00:18:10
ev1,0.0,-E15,3600.49,-E109,669.56,evehicle,99.43,2026-01-01 00:18:10.500000
ev1,0.0,-E15,3600.49,-E109,669.56,evehicle,99.43,2026-01-01 00:18:11
ev1,0.0,-E15,3600.49,-E109,669.56,evehicle,99.43,2026-01-01 00:18:11.500000
ev1,0.0,-E15,3600.49,-E109,669.56,evehicle,99.43,2026-01-01 00:18:12
ev1,0.0,-E15,3600.49,-E109,669.56,evehicle,99.43,2026-01-01 00:18:12.500000
ev1,0.0,-E15,3600.49,-E109,669.56,evehicle,99.43,2026-01-01 00:18:13
ev1,0.0,-E15,3600.49,-E109,669.56,evehicle,99.43,2026-01-01 00:18:13.500000
ev1,0.0,-E15,3600.49,-E109,669.56,evehicle,99.43,2026-01-01 00:18:14
ev1,0.0,-E15,3600.49,-E109,669.56,evehicle,99.43,2026-01-01 00:18:14.500000
ev1,0.0,-E15,3600.49,-E109,669.56,evehicle,99.43,2026-01-01 00:18:15
ev1,0.0,-E15,3600.49,-E109,669.56,evehicle,99.43,2026-01-01 00:18:15.500000
ev1,4.1,-E15,3601.06,-E109,668.99,evehicle,99.43,2026-01-01 00:18:16
ev1,7.7,-E15,3602.13,-E109,667.92,evehicle,99.43,2026-01-01 00:18:16.500000
ev1,11.45,-E15,3603.72,-E109,666.33,evehicle,99.43,2026-01-01 00:18:17
ev1,13.9,-E15,3605.65,-E109,664.4,evehicle,99.43,2026-01-01 00:18:17.500000
ev1,17.75,-E15,3608.12,-E109,661.93,evehicle,99.43,2026-01-01 00:18:18
ev1,19.91,:J0_7,3608.12,-E109,661.93,evehicle,99.4,2026-01-01 00:18:18.500000
ev1,21.53,:J0_7,3608.12,-E109,661.93,evehicle,99.4,2026-01-01 00:18:19
ev1,21.82,:J0_7,3608.12,-E109,661.93,evehicle,99.4,2026-01-01 00:18:19.500000
ev1,21.17,E3,3619.84,-E109,650.21,evehicle,99.4,2026-01-01 00:18:20
ev1,24.55,E3,3623.25,-E109,646.8,evehicle,99.4,2026-01-01 00:18:20.500000
ev1,29.05,E3,3627.29,-E109,642.76,evehicle,99.37,2026-01-01 00:18:21
ev1,32.94,E3,3631.86,-E109,638.19,evehicle,99.37,2026-01-01 00:18:21.500000
ev1,35.68,E3,3636.82,-E109,633.23,evehicle,99.34,2026-01-01 00:18:22
ev1,39.92,E3,3642.36,-E109,627.69,evehicle,99.34,2026-01-01 00:18:22.500000
ev1,44.53,E3,3648.55,-E109,621.5,evehicle,99.31,2026-01-01 00:18:23
ev1,45.58,:J13_5,3648.55,-E109,621.5,evehicle,99.29,2026-01-01 00:18:23.500000
ev1,46.15,:J13_5,3648.55,-E109,621.5,evehicle,99.29,2026-01-01 00:18:24
ev1,46.22,E4,3667.72,-E109,602.33,evehicle,99.29,2026-01-01 00:18:24.500000
ev1,47.3,E4,3674.29,-E109,595.76,evehicle,99.29,2026-01-01 00:18:25
ev1,45.47,E4,3680.6,-E109,589.45,evehicle,99.29,2026-01-01 00:18:25.500000
ev1,45.18,E4,3686.87,-E109,583.18,evehicle,99.29,2026-01-01 00:18:26
ev1,40.93,E4,3692.56,-E109,577.49,evehicle,99.31,2026-01-01 00:18:26.500000
ev1,32.83,E4,3697.11,-E109,572.94,evehicle,99.34,2026-01-01 00:18:27
ev1,24.77,E4,3700.56,-E109,569.49,evehicle,99.37,2026-01-01 00:18:27.500000
ev1,20.99,:J14_4,3700.56,-E109,569.49,evehicle,99.37,2026-01-01 00:18:28
ev1,22.03,:J14_4,3700.56,-E109,569.49,evehicle,99.37,2026-01-01 00:18:28.500000
ev1,21.64,:J14_4,3700.56,-E109,569.49,evehicle,99.37,2026-01-01 00:18:29
ev1,21.38,E60,3712.51,-E109,557.54,evehicle,99.37,2026-01-01 00:18:29.500000
ev1,25.42,E60,3716.04,-E109,554.01,evehicle,99.37,2026-01-01 00:18:30
ev1,29.66,E60,3720.16,-E109,549.89,evehicle,99.34,2026-01-01 00:18:30.500000
ev1,34.09,E60,3724.9,-E109,545.15,evehicle,99.34,2026-01-01 00:18:31
ev1,38.2,E60,3730.2,-E109,539.85,evehicle,99.31,2026-01-01 00:18:31.500000
ev1,30.89,E60,3734.49,-E109,535.56,evehicle,99.34,2026-01-01 00:18:32
ev1,24.52,E60,3737.9,-E109,532.15,evehicle,99.37,2026-01-01 00:18:32.500000
ev1,29.2,E60,3741.95,-E109,528.1,evehicle,99.34,2026-01-01 00:18:33
ev1,29.3,:J18_2,3741.95,-E109,528.1,evehicle,99.34,2026-01-01 00:18:33.500000
ev1,29.2,:J18_2,3741.95,-E109,528.1,evehicle,99.34,2026-01-01 00:18:34
ev1,28.26,:J18_2,3741.95,-E109,528.1,evehicle,99.34,2026-01-01 00:18:34.500000
ev1,29.2,:J18_2,3741.95,-E109,528.1,evehicle,99.34,2026-01-01 00:18:35
ev1,27.83,E30,3761.92,-E109,508.13,evehicle,99.34,2026-01-01 00:18:35.500000
ev1,31.36,E30,3766.28,-E109,503.77,evehicle,99.31,2026-01-01 00:18:36
ev1,35.17,E30,3771.17,-E109,498.88,evehicle,99.31,2026-01-01 00:18:36.500000
ev1,39.78,E30,3776.69,-E109,493.36,evehicle,99.29,2026-01-01 00:18:37
ev1,43.56,E30,3782.75,-E109,487.3,evehicle,99.26,2026-01-01 00:18:37.500000
ev1,37.91,E30,3788.01,-E109,482.04,evehicle,99.29,2026-01-01 00:18:38
ev1,29.81,E30,3792.15,-E109,477.9,evehicle,99.31,2026-01-01 00:18:38.500000
ev1,21.92,:J40_10,3792.15,-E109,477.9,evehicle,99.34,2026-01-01 00:18:39
ev1,20.27,:J40_10,3792.15,-E109,477.9,evehicle,99.34,2026-01-01 00:18:39.500000
ev1,21.06,:J40_10,3792.15,-E109,477.9,evehicle,99.34,2026-01-01 00:18:40
ev1,21.74,E63,3803.95,-E109,466.1,evehicle,99.34,2026-01-01 00:18:40.500000
ev1,25.27,E63,3807.46,-E109,462.59,evehicle,99.34,2026-01-01 00:18:41
ev1,29.02,E63,3811.49,-E109,458.56,evehicle,99.31,2026-01-01 00:18:41.500000
ev1,33.12,E63,3816.09,-E109,453.96,evehicle,99.31,2026-01-01 00:18:42
ev1,35.17,E63,3820.97,-E109,449.08,evehicle,99.29,2026-01-01 00:18:42.500000
ev1,28.44,E63,3824.92,-E109,445.13,evehicle,99.31,2026-01-01 00:18:43
ev1,20.48,E63,3827.77,-E109,442.28,evehicle,99.34,2026-01-01 00:18:43.500000
ev1,13.14,E63,3829.59,-E109,440.46,evehicle,99.34,2026-01-01 00:18:44
ev1,5.04,E63,3830.3,-E109,439.75,evehicle,99.37,2026-01-01 00:18:44.500000
ev1,0.4,E63,3830.35,-E109,439.7,evehicle,99.37,2026-01-01 00:18:45
ev1,0.07,E63,3830.36,-E109,439.69,evehicle,99.37,2026-01-01 00:18:45.500000
ev1,0.0,E63,3830.36,-E109,439.69,evehicle,99.37,2026-01-01 00:18:46
ev1,0.0,E63,3830.36,-E109,439.69,evehicle,99.37,2026-01-01 00:18:46.500000
ev1,0.0,E63,3830.36,-E109,439.69,evehicle,99.37,2026-01-01 00:18:47
ev1,0.0,E63,3830.36,-E109,439.69,evehicle,99.37,2026-01-01 00:18:47.500000
ev1,0.0,E63,3830.36,-E109,439.69,evehicle,99.37,2026-01-01 00:18:48
ev1,0.0,E63,3830.36,-E109,439.69,evehicle,99.37,2026-01-01 00:18:48.500000
ev1,0.0,E63,3830.36,-E109,439.69,evehicle,99.37,2026-01-01 00:18:49
ev1,0.0,E63,3830.36,-E109,439.69,evehicle,99.37,2026-01-01 00:18:49.500000
ev1,0.0,E63,3830.36,-E109,439.69,evehicle,99.37,2026-01-01 00:18:50
ev1,0.0,E63,3830.36,-E109,439.69,evehicle,99.37,2026-01-01 00:18:50.500000
ev1,0.0,E63,3830.36,-E109,439.69,evehicle,99.37,2026-01-01 00:18:51
ev1,0.0,E63,3830.36,-E109,439.69,evehicle,99.37,2026-01-01 00:18:51.500000
ev1,0.0,E63,3830.36,-E109,439.69,evehicle,99.37,2026-01-01 00:18:52
ev1,0.0,E63,3830.36,-E109,439.69,evehicle,99.37,2026-01-01 00:18:52.500000
ev1,0.0,E63,3830.36,-E109,439.69,evehicle,99.37,2026-01-01 00:18:53
ev1,0.0,E63,3830.36,-E109,439.69,evehicle,99.37,2026-01-01 00:18:53.500000
ev1,0.0,E63,3830.36,-E109,439.69,evehicle,99.37,2026-01-01 00:18:54
ev1,0.0,E63,3830.36,-E109,439.69,evehicle,99.37,2026-01-01 00:18:54.500000
ev1,0.0,E63,3830.36,-E109,439.69,evehicle,99.37,2026-01-01 00:18:55
ev1,0.0,E63,3830.36,-E109,439.69,evehicle,99.37,2026-01-01 00:18:55.500000
ev1,0.0,E63,3830.36,-E109,439.69,evehicle,99.37,2026-01-01 00:18:56
ev1,0.0,E63,3830.36,-E109,439.69,evehicle,99.37,2026-01-01 00:18:56.500000
ev1,0.0,E63,3830.36,-E109,439.69,evehicle,99.37,2026-01-01 00:18:57
ev1,0.0,E63,3830.36,-E109,439.69,evehicle,99.37,2026-01-01 00:18:57.500000
ev1,0.0,E63,3830.36,-E109,439.69,evehicle,99.37,2026-01-01 00:18:58
ev1,0.0,E63,3830.36,-E109,439.69,evehicle,99.37,2026-01-01 00:18:58.500000
ev1,0.0,E63,3830.36,-E109,439.69,evehicle,99.37,2026-01-01 00:18:59
ev1,0.0,E63,3830.36,-E109,439.69,evehicle,99.37,2026-01-01 00:18:59.500000
ev1,0.0,E63,3830.36,-E109,439.69,evehicle,99.37,2026-01-01 00:19:00
ev1,0.0,E63,3830.36,-E109,439.69,evehicle,99.37,2026-01-01 00:19:00.500000
ev1,0.0,E63,3830.36,-E109,439.69,evehicle,99.37,2026-01-01 00:19:01
ev1,0.0,E63,3830.36,-E109,439.69,evehicle,99.37,2026-01-01 00:19:01.500000
ev1,0.0,E63,3830.36,-E109,439.69,evehicle,99.37,2026-01-01 00:19:02
ev1,0.0,E63,3830.36,-E109,439.69,evehicle,99.37,2026-01-01 00:19:02.500000
ev1,0.0,E63,3830.36,-E109,439.69,evehicle,99.37,2026-01-01 00:19:03
ev1,0.0,E63,3830.36,-E109,439.69,evehicle,99.37,2026-01-01 00:19:03.500000
ev1,0.0,E63,3830.36,-E109,439.69,evehicle,99.37,2026-01-01 00:19:04
ev1,0.0,E63,3830.36,-E109,439.69,evehicle,99.37,2026-01-01 00:19:04.500000
ev1,0.0,E63,3830.36,-E109,439.69,evehicle,99.37,2026-01-01 00:19:05
ev1,0.0,E63,3830.36,-E109,439.69,evehicle,99.37,2026-01-01 00:19:05.500000
ev1,0.0,E63,3830.36,-E109,439.69,evehicle,99.37,2026-01-01 00:19:06
ev1,0.0,E63,3830.36,-E109,439.69,evehicle,99.37,2026-01-01 00:19:06.500000
ev1,0.0,E63,3830.36,-E109,439.69,evehicle,99.37,2026-01-01 00:19:07
ev1,0.0,E63,3830.36,-E109,439.69,evehicle,99.37,2026-01-01 00:19:07.500000
ev1,0.0,E63,3830.36,-E109,439.69,evehicle,99.37,2026-01-01 00:19:08
ev1,0.0,E63,3830.36,-E109,439.69,evehicle,99.37,2026-01-01 00:19:08.500000
ev1,0.0,E63,3830.36,-E109,439.69,evehicle,99.37,2026-01-01 00:19:09
ev1,0.0,E63,3830.36,-E109,439.69,evehicle,99.37,2026-01-01 00:19:09.500000
ev1,0.0,E63,3830.36,-E109,439.69,evehicle,99.37,2026-01-01 00:19:10
ev1,0.0,E63,3830.36,-E109,439.69,evehicle,99.37,2026-01-01 00:19:10.500000
ev1,0.0,E63,3830.36,-E109,439.69,evehicle,99.37,2026-01-01 00:19:11
ev1,0.0,E63,3830.36,-E109,439.69,evehicle,99.37,2026-01-01 00:19:11.500000
ev1,0.0,E63,3830.36,-E109,439.69,evehicle,99.37,2026-01-01 00:19:12
ev1,0.0,E63,3830.36,-E109,439.69,evehicle,99.37,2026-01-01 00:19:12.500000
ev1,0.0,E63,3830.36,-E109,439.69,evehicle,99.37,2026-01-01 00:19:13
ev1,0.0,E63,3830.36,-E109,439.69,evehicle,99.37,2026-01-01 00:19:13.500000
ev1,0.0,E63,3830.36,-E109,439.69,evehicle,99.37,2026-01-01 00:19:14
ev1,0.0,E63,3830.36,-E109,439.69,evehicle,99.37,2026-01-01 00:19:14.500000
ev1,0.0,E63,3830.36,-E109,439.69,evehicle,99.37,2026-01-01 00:19:15
ev1,0.0,E63,3830.36,-E109,439.69,evehicle,99.37,2026-01-01 00:19:15.500000
ev1,0.0,E63,3830.36,-E109,439.69,evehicle,99.37,2026-01-01 00:19:16
ev1,0.0,E63,3830.36,-E109,439.69,evehicle,99.37,2026-01-01 00:19:16.500000
ev1,0.0,E63,3830.36,-E109,439.69,evehicle,99.37,2026-01-01 00:19:17
ev1,0.0,E63,3830.36,-E109,439.69,evehicle,99.37,2026-01-01 00:19:17.500000
ev1,0.0,E63,3830.36,-E109,439.69,evehicle,99.37,2026-01-01 00:19:18
ev1,0.0,E63,3830.36,-E109,439.69,evehicle,99.34,2026-01-01 00:19:18.500000
ev1,0.0,E63,3830.36,-E109,439.69,evehicle,99.34,2026-01-01 00:19:19
ev1,0.0,E63,3830.36,-E109,439.69,evehicle,99.34,2026-01-01 00:19:19.500000
ev1,0.0,E63,3830.36,-E109,439.69,evehicle,99.34,2026-01-01 00:19:20
ev1,0.0,E63,3830.36,-E109,439.69,evehicle,99.34,2026-01-01 00:19:20.500000
ev1,0.0,E63,3830.36,-E109,439.69,evehicle,99.34,2026-01-01 00:19:21
ev1,0.0,E63,3830.36,-E109,439.69,evehicle,99.34,2026-01-01 00:19:21.500000
ev1,0.0,E63,3830.36,-E109,439.69,evehicle,99.34,2026-01-01 00:19:22
ev1,0.0,E63,3830.36,-E109,439.69,evehicle,99.34,2026-01-01 00:19:22.500000
ev1,0.0,E63,3830.36,-E109,439.69,evehicle,99.34,2026-01-01 00:19:23
ev1,0.0,E63,3830.36,-E109,439.69,evehicle,99.34,2026-01-01 00:19:23.500000
ev1,0.0,E63,3830.36,-E109,439.69,evehicle,99.34,2026-01-01 00:19:24
ev1,0.0,E63,3830.36,-E109,439.69,evehicle,99.34,2026-01-01 00:19:24.500000
ev1,0.0,E63,3830.36,-E109,439.69,evehicle,99.34,2026-01-01 00:19:25
ev1,0.0,E63,3830.36,-E109,439.69,evehicle,99.34,2026-01-01 00:19:25.500000
ev1,0.0,E63,3830.36,-E109,439.69,evehicle,99.34,2026-01-01 00:19:26
ev1,0.0,E63,3830.36,-E109,439.69,evehicle,99.34,2026-01-01 00:19:26.500000
ev1,0.0,E63,3830.36,-E109,439.69,evehicle,99.34,2026-01-01 00:19:27
ev1,0.0,E63,3830.36,-E109,439.69,evehicle,99.34,2026-01-01 00:19:27.500000
ev1,0.0,E63,3830.36,-E109,439.69,evehicle,99.34,2026-01-01 00:19:28
ev1,0.0,E63,3830.36,-E109,439.69,evehicle,99.34,2026-01-01 00:19:28.500000
ev1,0.0,E63,3830.36,-E109,439.69,evehicle,99.34,2026-01-01 00:19:29
ev1,0.0,E63,3830.36,-E109,439.69,evehicle,99.34,2026-01-01 00:19:29.500000
ev1,0.0,E63,3830.36,-E109,439.69,evehicle,99.34,2026-01-01 00:19:30
ev1,3.78,E63,3830.89,-E109,439.16,evehicle,99.34,2026-01-01 00:19:30.500000
ev1,7.85,:J41_1,3830.89,-E109,439.16,evehicle,99.34,2026-01-01 00:19:31
ev1,10.91,:J41_1,3830.89,-E109,439.16,evehicle,99.34,2026-01-01 00:19:31.500000
ev1,15.05,:J41_1,3830.89,-E109,439.16,evehicle,99.34,2026-01-01 00:19:32
ev1,18.04,:J41_1,3830.89,-E109,439.16,evehicle,99.34,2026-01-01 00:19:32.500000
ev1,22.43,:J41_1,3830.89,-E109,439.16,evehicle,99.31,2026-01-01 00:19:33
ev1,25.42,:J41_1,3830.89,-E109,439.16,evehicle,99.31,2026-01-01 00:19:33.500000
ev1,28.12,:J41_1,3830.89,-E109,439.16,evehicle,99.31,2026-01-01 00:19:34
ev1,32.26,E108,3853.12,-E109,416.93,evehicle,99.29,2026-01-01 00:19:34.500000
ev1,34.67,E108,3857.94,-E109,412.11,evehicle,99.29,2026-01-01 00:19:35
ev1,38.95,E108,3863.35,-E109,406.7,evehicle,99.26,2026-01-01 00:19:35.500000
ev1,43.24,E108,3869.35,-E109,400.7,evehicle,99.23,2026-01-01 00:19:36
ev1,46.33,E108,3875.79,-E109,394.26,evehicle,99.23,2026-01-01 00:19:36.500000
ev1,41.51,E108,3881.55,-E109,388.5,evehicle,99.23,2026-01-01 00:19:37
ev1,33.41,E108,3886.19,-E109,383.86,evehicle,99.29,2026-01-01 00:19:37.500000
ev1,27.04,E108,3889.95,-E109,380.1,evehicle,99.29,2026-01-01 00:19:38
ev1,19.51,E108,3892.66,-E109,377.39,evehicle,99.31,2026-01-01 00:19:38.500000
ev1,23.47,:J73_2,3892.66,-E109,377.39,evehicle,99.31,2026-01-01 00:19:39
ev1,27.86,:J73_2,3892.66,-E109,377.39,evehicle,99.29,2026-01-01 00:19:39.500000
ev1,32.15,:J73_2,3892.66,-E109,377.39,evehicle,99.29,2026-01-01 00:19:40
ev1,33.41,:J73_2,3892.66,-E109,377.39,evehicle,99.26,2026-01-01 00:19:40.500000
ev1,31.68,:J73_2,3892.66,-E109,377.39,evehicle,99.29,2026-01-01 00:19:41
ev1,32.87,watt,3917.86,-E109,352.19,evehicle,99.26,2026-01-01 00:19:41.500000
ev1,37.04,watt,3923.0,-E109,347.05,evehicle,99.26,2026-01-01 00:19:42
ev1,40.21,watt,3928.59,-E109,341.46,evehicle,99.23,2026-01-01 00:19:42.500000
ev1,43.27,watt,3934.6,-E109,335.45,evehicle,99.2,2026-01-01 00:19:43
ev1,46.19,watt,3941.01,-E109,329.04,evehicle,99.2,2026-01-01 00:19:43.500000
ev1,50.69,watt,3948.05,-E109,322.0,evehicle,99.17,2026-01-01 00:19:44
ev1,53.57,watt,3955.5,-E109,314.55,evehicle,99.14,2026-01-01 00:19:44.500000
ev1,56.7,watt,3963.37,-E109,306.68,evehicle,99.11,2026-01-01 00:19:45
ev1,60.41,watt,3971.76,-E109,298.29,evehicle,99.09,2026-01-01 00:19:45.500000
ev1,63.9,watt,3980.64,-E109,289.41,evehicle,99.06,2026-01-01 00:19:46
ev1,66.78,watt,3989.91,-E109,280.14,evehicle,99.06,2026-01-01 00:19:46.500000
ev1,70.31,watt,3999.68,-E109,270.37,evehicle,99.0,2026-01-01 00:19:47
ev1,74.02,watt,4009.96,-E109,260.09,evehicle,98.97,2026-01-01 00:19:47.500000
ev1,77.69,watt,4020.75,-E109,249.3,evehicle,98.94,2026-01-01 00:19:48
ev1,80.21,watt,4031.88,-E109,238.17,evehicle,98.91,2026-01-01 00:19:48.500000
ev1,84.28,watt,4043.59,-E109,226.46,evehicle,98.86,2026-01-01 00:19:49
ev1,87.34,watt,4055.72,-E109,214.33,evehicle,98.83,2026-01-01 00:19:49.500000
ev1,90.94,watt,4068.35,-E109,201.7,evehicle,98.8,2026-01-01 00:19:50
ev1,94.75,watt,4081.51,-E109,188.54,evehicle,98.74,2026-01-01 00:19:50.500000
ev1,98.68,watt,4095.22,-E109,174.83,evehicle,98.69,2026-01-01 00:19:51
ev1,101.34,watt,4109.29,-E109,160.76,evehicle,98.66,2026-01-01 00:19:51.500000
ev1,97.99,watt,4122.9,-E109,147.15,evehicle,98.69,2026-01-01 00:19:52
ev1,90.76,watt,4135.51,-E109,134.54,evehicle,98.74,2026-01-01 00:19:52.500000
ev1,82.66,watt,4146.98,-E109,123.07,evehicle,98.83,2026-01-01 00:19:53
ev1,74.56,watt,4157.34,-E109,112.71,evehicle,98.89,2026-01-01 00:19:53.500000
ev1,66.46,watt,4166.57,-E109,103.48,evehicle,98.94,2026-01-01 00:19:54
ev1,58.36,watt,4174.67,-E109,95.38,evehicle,99.0,2026-01-01 00:19:54.500000
ev1,50.26,watt,4181.65,-E109,88.4,evehicle,99.06,2026-01-01 00:19:55
ev1,42.16,watt,4187.51,-E109,82.54,evehicle,99.09,2026-01-01 00:19:55.500000
ev1,34.06,watt,4192.24,-E109,77.81,evehicle,99.14,2026-01-01 00:19:56
ev1,25.96,watt,4195.84,-E109,74.21,evehicle,99.17,2026-01-01 00:19:56.500000
ev1,25.31,:J74_13,4195.84,-E109,74.21,evehicle,99.17,2026-01-01 00:19:57
ev1,24.73,:J74_17,4195.84,-E109,74.21,evehicle,99.17,2026-01-01 00:19:57.500000
ev1,24.16,:J74_17,4195.84,-E109,74.21,evehicle,99.17,2026-01-01 00:19:58
ev1,23.62,:J74_17,4195.84,-E109,74.21,evehicle,99.17,2026-01-01 00:19:58.500000
ev1,23.08,:J74_17,4195.84,-E109,74.21,evehicle,99.17,2026-01-01 00:19:59
ev1,22.57,:J74_17,4195.84,-E109,74.21,evehicle,99.17,2026-01-01 00:19:59.500000
ev1,22.1,-E109,4218.84,-E109,43.35,evehicle,99.17,2026-01-01 00:20:00
ev1,21.31,-E109,4221.81,-E109,40.38,evehicle,99.17,2026-01-01 00:20:00.500000
ev1,20.56,-E109,4224.66,-E109,37.53,evehicle,99.17,2026-01-01 00:20:01
ev1,19.76,-E109,4227.4,-E109,34.79,evehicle,99.17,2026-01-01 00:20:01.500000
ev1,18.97,-E109,4230.04,-E109,32.15,evehicle,99.17,2026-01-01 00:20:02
ev1,18.22,-E109,4232.57,-E109,29.62,evehicle,99.17,2026-01-01 00:20:02.500000
ev1,17.42,-E109,4234.99,-E109,27.2,evehicle,99.17,2026-01-01 00:20:03
ev1,16.67,-E109,4237.3,-E109,24.89,evehicle,99.17,2026-01-01 00:20:03.500000
ev1,15.88,-E109,4239.51,-E109,22.68,evehicle,99.17,2026-01-01 00:20:04
ev1,15.12,-E109,4241.61,-E109,20.58,evehicle,99.17,2026-01-01 00:20:04.500000
ev1,14.33,-E109,4243.6,-E109,18.59,evehicle,99.17,2026-01-01 00:20:05
ev1,13.57,-E109,4245.48,-E109,16.71,evehicle,99.17,2026-01-01 00:20:05.500000
ev1,12.82,-E109,4247.26,-E109,14.93,evehicle,99.17,2026-01-01 00:20:06
ev1,12.02,-E109,4248.93,-E109,13.26,evehicle,99.17,2026-01-01 00:20:06.500000
ev1,11.27,-E109,4250.5,-E109,11.69,evehicle,99.17,2026-01-01 00:20:07
ev1,10.51,-E109,4251.96,-E109,10.23,evehicle,99.17,2026-01-01 00:20:07.500000
ev1,9.79,-E109,4253.32,-E109,8.87,evehicle,99.17,2026-01-01 00:20:08
ev1,1.69,-E109,4253.55,-E109,8.64,evehicle,99.17,2026-01-01 00:20:08.500000
ev1,0.0,-E109,4253.55,E60,443.02,evehicle,99.17,2026-01-01 00:20:09
ev1,0.0,-E109,4253.55,E60,443.02,evehicle,99.17,2026-01-01 00:20:09.500000
ev1,0.0,-E109,4253.55,E60,443.02,evehicle,99.17,2026-01-01 00:20:10
ev1,0.0,-E109,4253.55,E60,443.02,evehicle,99.17,2026-01-01 00:20:10.500000
ev1,0.0,-E109,4253.55,E60,443.02,evehicle,99.17,2026-01-01 00:20:11
ev1,0.0,-E109,4253.55,E60,443.02,evehicle,99.17,2026-01-01 00:20:11.500000
ev1,0.0,-E109,4253.55,E60,443.02,evehicle,99.17,2026-01-01 00:20:12
ev1,0.0,-E109,4253.55,E60,443.02,evehicle,99.17,2026-01-01 00:20:12.500000
ev1,0.0,-E109,4253.55,E60,443.02,evehicle,99.17,2026-01-01 00:20:13
ev1,0.0,-E109,4253.55,E60,443.02,evehicle,99.17,2026-01-01 00:20:13.500000
ev1,0.0,-E109,4253.55,E60,443.02,evehicle,99.17,2026-01-01 00:20:14
ev1,0.0,-E109,4253.55,E60,443.02,evehicle,99.17,2026-01-01 00:20:14.500000
ev1,0.0,-E109,4253.55,E60,443.02,evehicle,99.17,2026-01-01 00:20:15
ev1,0.0,-E109,4253.55,E60,443.02,evehicle,99.17,2026-01-01 00:20:15.500000
ev1,0.0,-E109,4253.55,E60,443.02,evehicle,99.17,2026-01-01 00:20:16
ev1,0.0,-E109,4253.55,E60,443.02,evehicle,99.17,2026-01-01 00:20:16.500000
ev1,0.0,-E109,4253.55,E60,443.02,evehicle,99.17,2026-01-01 00:20:17
ev1,0.0,-E109,4253.55,E60,443.02,evehicle,99.17,2026-01-01 00:20:17.500000
ev1,0.0,-E109,4253.55,E60,443.02,evehicle,99.17,2026-01-01 00:20:18
ev1,0.0,-E109,4253.55,E60,443.02,evehicle,99.17,2026-01-01 00:20:18.500000
ev1,0.0,-E109,4253.55,E60,443.02,evehicle,99.17,2026-01-01 00:20:19
ev1,0.0,-E109,4253.55,E60,443.02,evehicle,99.17,2026-01-01 00:20:19.500000
ev1,0.0,-E109,4253.55,E60,443.02,evehicle,99.17,2026-01-01 00:20:20
ev1,0.0,-E109,4253.55,E60,443.02,evehicle,99.17,2026-01-01 00:20:20.500000
ev1,0.0,-E109,4253.55,E60,443.02,evehicle,99.17,2026-01-01 00:20:21
ev1,0.0,-E109,4253.55,E60,443.02,evehicle,99.17,2026-01-01 00:20:21.500000
ev1,0.0,-E109,4253.55,E60,443.02,evehicle,99.17,2026-01-01 00:20:22
ev1,0.0,-E109,4253.55,E60,443.02,evehicle,99.17,2026-01-01 00:20:22.500000
ev1,0.0,-E109,4253.55,E60,443.02,evehicle,99.17,2026-01-01 00:20:23
ev1,0.0,-E109,4253.55,E60,443.02,evehicle,99.17,2026-01-01 00:20:23.500000
ev1,0.0,-E109,4253.55,E60,443.02,evehicle,99.17,2026-01-01 00:20:24
ev1,0.0,-E109,4253.55,E60,443.02,evehicle,99.17,2026-01-01 00:20:24.500000
ev1,0.0,-E109,4253.55,E60,443.02,evehicle,99.17,2026-01-01 00:20:25
ev1,0.0,-E109,4253.55,E60,443.02,evehicle,99.17,2026-01-01 00:20:25.500000
ev1,0.0,-E109,4253.55,E60,443.02,evehicle,99.17,2026-01-01 00:20:26
ev1,0.0,-E109,4253.55,E60,443.02,evehicle,99.17,2026-01-01 00:20:26.500000
ev1,0.0,-E109,4253.55,E60,443.02,evehicle,99.17,2026-01-01 00:20:27
ev1,0.0,-E109,4253.55,E60,443.02,evehicle,99.17,2026-01-01 00:20:27.500000
ev1,0.0,-E109,4253.55,E60,443.02,evehicle,99.17,2026-01-01 00:20:28
ev1,0.0,-E109,4253.55,E60,443.02,evehicle,99.17,2026-01-01 00:20:28.500000
ev1,0.0,-E109,4253.55,E60,443.02,evehicle,99.17,2026-01-01 00:20:29
ev1,0.0,-E109,4253.55,E60,443.02,evehicle,99.17,2026-01-01 00:20:29.500000
ev1,0.0,-E109,4253.55,E60,443.02,evehicle,99.17,2026-01-01 00:20:30
ev1,0.0,-E109,4253.55,E60,443.02,evehicle,99.17,2026-01-01 00:20:30.500000
ev1,0.0,-E109,4253.55,E60,443.02,evehicle,99.17,2026-01-01 00:20:31
ev1,0.0,-E109,4253.55,E60,443.02,evehicle,99.17,2026-01-01 00:20:31.500000
ev1,0.0,-E109,4253.55,E60,443.02,evehicle,99.17,2026-01-01 00:20:32
ev1,0.0,-E109,4253.55,E60,443.02,evehicle,99.17,2026-01-01 00:20:32.500000
ev1,0.0,-E109,4253.55,E60,443.02,evehicle,99.17,2026-01-01 00:20:33
ev1,0.0,-E109,4253.55,E60,443.02,evehicle,99.17,2026-01-01 00:20:33.500000
ev1,0.0,-E109,4253.55,E60,443.02,evehicle,99.17,2026-01-01 00:20:34
ev1,0.0,-E109,4253.55,E60,443.02,evehicle,99.17,2026-01-01 00:20:34.500000
ev1,0.0,-E109,4253.55,E60,443.02,evehicle,99.17,2026-01-01 00:20:35
ev1,0.0,-E109,4253.55,E60,443.02,evehicle,99.17,2026-01-01 00:20:35.500000
ev1,0.0,-E109,4253.55,E60,443.02,evehicle,99.17,2026-01-01 00:20:36
ev1,0.0,-E109,4253.55,E60,443.02,evehicle,99.17,2026-01-01 00:20:36.500000
ev1,0.0,-E109,4253.55,E60,443.02,evehicle,99.17,2026-01-01 00:20:37
ev1,0.0,-E109,4253.55,E60,443.02,evehicle,99.17,2026-01-01 00:20:37.500000
ev1,0.0,-E109,4253.55,E60,443.02,evehicle,99.17,2026-01-01 00:20:38
ev1,0.0,-E109,4253.55,E60,443.02,evehicle,99.17,2026-01-01 00:20:38.500000
ev1,0.0,-E109,4253.55,E60,443.02,evehicle,99.17,2026-01-01 00:20:39
ev1,0.0,-E109,4253.55,E60,443.02,evehicle,99.17,2026-01-01 00:20:39.500000
ev1,0.0,-E109,4253.55,E60,443.02,evehicle,99.17,2026-01-01 00:20:40
ev1,0.0,-E109,4253.55,E60,443.02,evehicle,99.17,2026-01-01 00:20:40.500000
ev1,0.0,-E109,4253.55,E60,443.02,evehicle,99.17,2026-01-01 00:20:41
ev1,0.0,-E109,4253.55,E60,443.02,evehicle,99.17,2026-01-01 00:20:41.500000
ev1,0.0,-E109,4253.55,E60,443.02,evehicle,99.17,2026-01-01 00:20:42
ev1,0.0,-E109,4253.55,E60,443.02,evehicle,99.17,2026-01-01 00:20:42.500000
ev1,0.0,-E109,4253.55,E60,443.02,evehicle,99.17,2026-01-01 00:20:43
ev1,0.0,-E109,4253.55,E60,443.02,evehicle,99.17,2026-01-01 00:20:43.500000
ev1,0.0,-E109,4253.55,E60,443.02,evehicle,99.17,2026-01-01 00:20:44
ev1,0.0,-E109,4253.55,E60,443.02,evehicle,99.17,2026-01-01 00:20:44.500000
ev1,0.0,-E109,4253.55,E60,443.02,evehicle,99.17,2026-01-01 00:20:45
ev1,0.0,-E109,4253.55,E60,443.02,evehicle,99.17,2026-01-01 00:20:45.500000
ev1,0.0,-E109,4253.55,E60,443.02,evehicle,99.17,2026-01-01 00:20:46
ev1,0.0,-E109,4253.55,E60,443.02,evehicle,99.17,2026-01-01 00:20:46.500000
ev1,0.0,-E109,4253.55,E60,443.02,evehicle,99.17,2026-01-01 00:20:47
ev1,0.0,-E109,4253.55,E60,443.02,evehicle,99.17,2026-01-01 00:20:47.500000
ev1,0.0,-E109,4253.55,E60,443.02,evehicle,99.17,2026-01-01 00:20:48
ev1,0.0,-E109,4253.55,E60,443.02,evehicle,99.17,2026-01-01 00:20:48.500000
ev1,0.0,-E109,4253.55,E60,443.02,evehicle,99.17,2026-01-01 00:20:49
ev1,0.0,-E109,4253.55,E60,443.02,evehicle,99.17,2026-01-01 00:20:49.500000
ev1,0.0,-E109,4253.55,E60,443.02,evehicle,99.17,2026-01-01 00:20:50
ev1,0.0,-E109,4253.55,E60,443.02,evehicle,99.17,2026-01-01 00:20:50.500000
ev1,0.0,-E109,4253.55,E60,443.02,evehicle,99.17,2026-01-01 00:20:51
ev1,0.0,-E109,4253.55,E60,443.02,evehicle,99.17,2026-01-01 00:20:51.500000
ev1,0.0,-E109,4253.55,E60,443.02,evehicle,99.17,2026-01-01 00:20:52
ev1,0.0,-E109,4253.55,E60,443.02,evehicle,99.17,2026-01-01 00:20:52.500000
ev1,0.0,-E109,4253.55,E60,443.02,evehicle,99.17,2026-01-01 00:20:53
ev1,0.0,-E109,4253.55,E60,443.02,evehicle,99.17,2026-01-01 00:20:53.500000
ev1,0.0,-E109,4253.55,E60,443.02,evehicle,99.17,2026-01-01 00:20:54
ev1,0.0,-E109,4253.55,E60,443.02,evehicle,99.17,2026-01-01 00:20:54.500000
ev1,0.0,-E109,4253.55,E60,443.02,evehicle,99.17,2026-01-01 00:20:55
ev1,0.0,-E109,4253.55,E60,443.02,evehicle,99.17,2026-01-01 00:20:55.500000
ev1,0.0,-E109,4253.55,E60,443.02,evehicle,99.17,2026-01-01 00:20:56
ev1,0.0,-E109,4253.55,E60,443.02,evehicle,99.17,2026-01-01 00:20:56.500000
ev1,0.0,-E109,4253.55,E60,443.02,evehicle,99.17,2026-01-01 00:20:57
ev1,0.0,-E109,4253.55,E60,443.02,evehicle,99.17,2026-01-01 00:20:57.500000
ev1,0.0,-E109,4253.55,E60,443.02,evehicle,99.17,2026-01-01 00:20:58
ev1,0.0,-E109,4253.55,E60,443.02,evehicle,99.17,2026-01-01 00:20:58.500000
ev1,0.0,-E109,4253.55,E60,443.02,evehicle,99.17,2026-01-01 00:20:59
ev1,0.0,-E109,4253.55,E60,443.02,evehicle,99.17,2026-01-01 00:20:59.500000
ev1,0.0,-E109,4253.55,E60,443.02,evehicle,99.17,2026-01-01 00:21:00
ev1,0.0,-E109,4253.55,E60,443.02,evehicle,99.17,2026-01-01 00:21:00.500000
ev1,0.0,-E109,4253.55,E60,443.02,evehicle,99.17,2026-01-01 00:21:01
ev1,0.0,-E109,4253.55,E60,443.02,evehicle,99.17,2026-01-01 00:21:01.500000
ev1,0.0,-E109,4253.55,E60,443.02,evehicle,99.17,2026-01-01 00:21:02
ev1,0.0,-E109,4253.55,E60,443.02,evehicle,99.17,2026-01-01 00:21:02.500000
ev1,0.0,-E109,4253.55,E60,443.02,evehicle,99.17,2026-01-01 00:21:03
ev1,0.0,-E109,4253.55,E60,443.02,evehicle,99.17,2026-01-01 00:21:03.500000
ev1,0.0,-E109,4253.55,E60,443.02,evehicle,99.17,2026-01-01 00:21:04
ev1,0.0,-E109,4253.55,E60,443.02,evehicle,99.17,2026-01-01 00:21:04.500000
ev1,0.0,-E109,4253.55,E60,443.02,evehicle,99.17,2026-01-01 00:21:05
ev1,0.0,-E109,4253.55,E60,443.02,evehicle,99.17,2026-01-01 00:21:05.500000
ev1,0.0,-E109,4253.55,E60,443.02,evehicle,99.17,2026-01-01 00:21:06
ev1,0.0,-E109,4253.55,E60,443.02,evehicle,99.17,2026-01-01 00:21:06.500000
ev1,0.0,-E109,4253.55,E60,443.02,evehicle,99.17,2026-01-01 00:21:07
ev1,0.0,-E109,4253.55,E60,443.02,evehicle,99.17,2026-01-01 00:21:07.500000
ev1,0.0,-E109,4253.55,E60,443.02,evehicle,99.17,2026-01-01 00:21:08
ev1,0.0,-E109,4253.55,E60,443.02,evehicle,99.17,2026-01-01 00:21:08.500000
ev1,0.0,-E109,4253.55,E60,443.02,evehicle,99.17,2026-01-01 00:21:09
ev1,4.61,-E109,4254.19,E60,442.38,evehicle,99.17,2026-01-01 00:21:09.500000
ev1,7.42,-E109,4255.22,E60,441.35,evehicle,99.17,2026-01-01 00:21:10
ev1,10.8,-E109,4256.72,E60,439.85,evehicle,99.17,2026-01-01 00:21:10.500000
ev1,14.15,-E109,4258.69,E60,437.88,evehicle,99.17,2026-01-01 00:21:11
ev1,17.82,-E109,4261.16,E60,435.41,evehicle,99.17,2026-01-01 00:21:11.500000
ev1,18.68,:J61_10,4261.16,E60,435.41,evehicle,99.14,2026-01-01 00:21:12
ev1,22.1,:J61_22,4261.16,E60,435.41,evehicle,99.14,2026-01-01 00:21:12.500000
ev1,26.32,:J61_22,4261.16,E60,435.41,evehicle,99.14,2026-01-01 00:21:13
ev1,30.02,:J61_22,4261.16,E60,435.41,evehicle,99.11,2026-01-01 00:21:13.500000
ev1,32.87,:J61_22,4261.16,E60,435.41,evehicle,99.11,2026-01-01 00:21:14
ev1,35.35,-E81,4284.13,E60,412.44,evehicle,99.09,2026-01-01 00:21:14.500000
ev1,39.2,-E81,4289.58,E60,406.99,evehicle,99.09,2026-01-01 00:21:15
ev1,43.27,-E81,4295.59,E60,400.98,evehicle,99.06,2026-01-01 00:21:15.500000
ev1,47.12,-E81,4302.13,E60,394.44,evehicle,99.03,2026-01-01 00:21:16
ev1,44.1,-E81,4308.25,E60,388.32,evehicle,99.06,2026-01-01 00:21:16.500000
ev1,36.43,-E81,4313.31,E60,383.26,evehicle,99.09,2026-01-01 00:21:17
ev1,29.16,-E81,4317.36,E60,379.21,evehicle,99.11,2026-01-01 00:21:17.500000
ev1,21.64,-E81,4320.37,E60,376.2,evehicle,99.14,2026-01-01 00:21:18
ev1,14.0,-E81,4322.31,E60,374.26,evehicle,99.14,2026-01-01 00:21:18.500000
ev1,5.9,-E81,4323.13,E60,373.44,evehicle,99.14,2026-01-01 00:21:19
ev1,0.18,-E81,4323.15,E60,373.42,evehicle,99.14,2026-01-01 00:21:19.500000
ev1,0.04,-E81,4323.16,E60,373.41,evehicle,99.14,2026-01-01 00:21:20
ev1,0.0,-E81,4323.16,E60,373.41,evehicle,99.14,2026-01-01 00:21:20.500000
ev1,0.0,-E81,4323.16,E60,373.41,evehicle,99.14,2026-01-01 00:21:21
ev1,0.0,-E81,4323.16,E60,373.41,evehicle,99.14,2026-01-01 00:21:21.500000
ev1,0.0,-E81,4323.16,E60,373.41,evehicle,99.14,2026-01-01 00:21:22
ev1,0.0,-E81,4323.16,E60,373.41,evehicle,99.14,2026-01-01 00:21:22.500000
ev1,0.0,-E81,4323.16,E60,373.41,evehicle,99.14,2026-01-01 00:21:23
ev1,0.0,-E81,4323.16,E60,373.41,evehicle,99.14,2026-01-01 00:21:23.500000
ev1,0.0,-E81,4323.16,E60,373.41,evehicle,99.14,2026-01-01 00:21:24
ev1,0.0,-E81,4323.16,E60,373.41,evehicle,99.14,2026-01-01 00:21:24.500000
ev1,0.0,-E81,4323.16,E60,373.41,evehicle,99.14,2026-01-01 00:21:25
ev1,0.0,-E81,4323.16,E60,373.41,evehicle,99.14,2026-01-01 00:21:25.500000
ev1,0.0,-E81,4323.16,E60,373.41,evehicle,99.14,2026-01-01 00:21:26
ev1,0.0,-E81,4323.16,E60,373.41,evehicle,99.14,2026-01-01 00:21:26.500000
ev1,0.0,-E81,4323.16,E60,373.41,evehicle,99.14,2026-01-01 00:21:27
ev1,0.0,-E81,4323.16,E60,373.41,evehicle,99.14,2026-01-01 00:21:27.500000
ev1,0.0,-E81,4323.16,E60,373.41,evehicle,99.14,2026-01-01 00:21:28
ev1,0.0,-E81,4323.16,E60,373.41,evehicle,99.14,2026-01-01 00:21:28.500000
ev1,0.0,-E81,4323.16,E60,373.41,evehicle,99.14,2026-01-01 00:21:29
ev1,0.0,-E81,4323.16,E60,373.41,evehicle,99.14,2026-01-01 00:21:29.500000
ev1,0.0,-E81,4323.16,E60,373.41,evehicle,99.14,2026-01-01 00:21:30
ev1,0.0,-E81,4323.16,E60,373.41,evehicle,99.14,2026-01-01 00:21:30.500000
ev1,0.0,-E81,4323.16,E60,373.41,evehicle,99.14,2026-01-01 00:21:31
ev1,0.0,-E81,4323.16,E60,373.41,evehicle,99.14,2026-01-01 00:21:31.500000
ev1,0.0,-E81,4323.16,E60,373.41,evehicle,99.14,2026-01-01 00:21:32
ev1,0.0,-E81,4323.16,E60,373.41,evehicle,99.14,2026-01-01 00:21:32.500000
ev1,0.0,-E81,4323.16,E60,373.41,evehicle,99.14,2026-01-01 00:21:33
ev1,0.0,-E81,4323.16,E60,373.41,evehicle,99.14,2026-01-01 00:21:33.500000
ev1,0.0,-E81,4323.16,E60,373.41,evehicle,99.14,2026-01-01 00:21:34
ev1,0.0,-E81,4323.16,E60,373.41,evehicle,99.14,2026-01-01 00:21:34.500000
ev1,0.0,-E81,4323.16,E60,373.41,evehicle,99.14,2026-01-01 00:21:35
ev1,0.0,-E81,4323.16,E60,373.41,evehicle,99.14,2026-01-01 00:21:35.500000
ev1,0.0,-E81,4323.16,E60,373.41,evehicle,99.14,2026-01-01 00:21:36
ev1,0.0,-E81,4323.16,E60,373.41,evehicle,99.14,2026-01-01 00:21:36.500000
ev1,0.0,-E81,4323.16,E60,373.41,evehicle,99.14,2026-01-01 00:21:37
ev1,0.0,-E81,4323.16,E60,373.41,evehicle,99.14,2026-01-01 00:21:37.500000
ev1,0.0,-E81,4323.16,E60,373.41,evehicle,99.14,2026-01-01 00:21:38
ev1,0.0,-E81,4323.16,E60,373.41,evehicle,99.14,2026-01-01 00:21:38.500000
ev1,0.0,-E81,4323.16,E60,373.41,evehicle,99.14,2026-01-01 00:21:39
ev1,0.0,-E81,4323.16,E60,373.41,evehicle,99.14,2026-01-01 00:21:39.500000
ev1,0.0,-E81,4323.16,E60,373.41,evehicle,99.14,2026-01-01 00:21:40
ev1,0.0,-E81,4323.16,E60,373.41,evehicle,99.14,2026-01-01 00:21:40.500000
ev1,0.0,-E81,4323.16,E60,373.41,evehicle,99.14,2026-01-01 00:21:41
ev1,0.0,-E81,4323.16,E60,373.41,evehicle,99.14,2026-01-01 00:21:41.500000
ev1,0.0,-E81,4323.16,E60,373.41,evehicle,99.14,2026-01-01 00:21:42
ev1,0.0,-E81,4323.16,E60,373.41,evehicle,99.14,2026-01-01 00:21:42.500000
ev1,0.0,-E81,4323.16,E60,373.41,evehicle,99.14,2026-01-01 00:21:43
ev1,0.0,-E81,4323.16,E60,373.41,evehicle,99.14,2026-01-01 00:21:43.500000
ev1,0.0,-E81,4323.16,E60,373.41,evehicle,99.14,2026-01-01 00:21:44
ev1,0.0,-E81,4323.16,E60,373.41,evehicle,99.14,2026-01-01 00:21:44.500000
ev1,0.0,-E81,4323.16,E60,373.41,evehicle,99.14,2026-01-01 00:21:45
ev1,0.0,-E81,4323.16,E60,373.41,evehicle,99.14,2026-01-01 00:21:45.500000
ev1,0.0,-E81,4323.16,E60,373.41,evehicle,99.14,2026-01-01 00:21:46
ev1,0.0,-E81,4323.16,E60,373.41,evehicle,99.14,2026-01-01 00:21:46.500000
ev1,0.0,-E81,4323.16,E60,373.41,evehicle,99.14,2026-01-01 00:21:47
ev1,0.0,-E81,4323.16,E60,373.41,evehicle,99.14,2026-01-01 00:21:47.500000
ev1,0.0,-E81,4323.16,E60,373.41,evehicle,99.14,2026-01-01 00:21:48
ev1,0.0,-E81,4323.16,E60,373.41,evehicle,99.14,2026-01-01 00:21:48.500000
ev1,0.0,-E81,4323.16,E60,373.41,evehicle,99.14,2026-01-01 00:21:49
ev1,0.0,-E81,4323.16,E60,373.41,evehicle,99.14,2026-01-01 00:21:49.500000
ev1,0.0,-E81,4323.16,E60,373.41,evehicle,99.14,2026-01-01 00:21:50
ev1,0.0,-E81,4323.16,E60,373.41,evehicle,99.14,2026-01-01 00:21:50.500000
ev1,0.0,-E81,4323.16,E60,373.41,evehicle,99.14,2026-01-01 00:21:51
ev1,0.0,-E81,4323.16,E60,373.41,evehicle,99.14,2026-01-01 00:21:51.500000
ev1,0.0,-E81,4323.16,E60,373.41,evehicle,99.14,2026-01-01 00:21:52
ev1,0.0,-E81,4323.16,E60,373.41,evehicle,99.14,2026-01-01 00:21:52.500000
ev1,0.0,-E81,4323.16,E60,373.41,evehicle,99.14,2026-01-01 00:21:53
ev1,0.0,-E81,4323.16,E60,373.41,evehicle,99.14,2026-01-01 00:21:53.500000
ev1,0.0,-E81,4323.16,E60,373.41,evehicle,99.14,2026-01-01 00:21:54
ev1,0.0,-E81,4323.16,E60,373.41,evehicle,99.14,2026-01-01 00:21:54.500000
ev1,0.0,-E81,4323.16,E60,373.41,evehicle,99.14,2026-01-01 00:21:55
ev1,0.0,-E81,4323.16,E60,373.41,evehicle,99.14,2026-01-01 00:21:55.500000
ev1,0.0,-E81,4323.16,E60,373.41,evehicle,99.14,2026-01-01 00:21:56
ev1,0.0,-E81,4323.16,E60,373.41,evehicle,99.14,2026-01-01 00:21:56.500000
ev1,0.0,-E81,4323.16,E60,373.41,evehicle,99.14,2026-01-01 00:21:57
ev1,0.0,-E81,4323.16,E60,373.41,evehicle,99.14,2026-01-01 00:21:57.500000
ev1,0.0,-E81,4323.16,E60,373.41,evehicle,99.14,2026-01-01 00:21:58
ev1,0.0,-E81,4323.16,E60,373.41,evehicle,99.14,2026-01-01 00:21:58.500000
ev1,0.0,-E81,4323.16,E60,373.41,evehicle,99.14,2026-01-01 00:21:59
ev1,0.0,-E81,4323.16,E60,373.41,evehicle,99.14,2026-01-01 00:21:59.500000
ev1,0.0,-E81,4323.16,E60,373.41,evehicle,99.14,2026-01-01 00:22:00
ev1,0.0,-E81,4323.16,E60,373.41,evehicle,99.14,2026-01-01 00:22:00.500000
ev1,0.0,-E81,4323.16,E60,373.41,evehicle,99.14,2026-01-01 00:22:01
ev1,0.0,-E81,4323.16,E60,373.41,evehicle,99.14,2026-01-01 00:22:01.500000
ev1,0.0,-E81,4323.16,E60,373.41,evehicle,99.14,2026-01-01 00:22:02
ev1,0.0,-E81,4323.16,E60,373.41,evehicle,99.14,2026-01-01 00:22:02.500000
ev1,0.0,-E81,4323.16,E60,373.41,evehicle,99.14,2026-01-01 00:22:03
ev1,3.56,-E81,4323.66,E60,372.91,evehicle,99.14,2026-01-01 00:22:03.500000
ev1,7.63,:J56_11,4323.66,E60,372.91,evehicle,99.14,2026-01-01 00:22:04
ev1,10.62,:J56_11,4323.66,E60,372.91,evehicle,99.14,2026-01-01 00:22:04.500000
ev1,15.16,:J56_11,4323.66,E60,372.91,evehicle,99.14,2026-01-01 00:22:05
ev1,18.72,:J56_11,4323.66,E60,372.91,evehicle,99.14,2026-01-01 00:22:05.500000
ev1,21.64,:J56_11,4323.66,E60,372.91,evehicle,99.11,2026-01-01 00:22:06
ev1,25.34,:J56_11,4323.66,E60,372.91,evehicle,99.11,2026-01-01 00:22:06.500000
ev1,28.33,:J56_11,4323.66,E60,372.91,evehicle,99.11,2026-01-01 00:22:07
ev1,32.94,:J56_11,4323.66,E60,372.91,evehicle,99.09,2026-01-01 00:22:07.500000
ev1,36.29,:J56_11,4323.66,E60,372.91,evehicle,99.06,2026-01-01 00:22:08
ev1,40.86,-E46,4356.65,E60,339.92,evehicle,99.06,2026-01-01 00:22:08.500000
ev1,44.46,-E46,4362.82,E60,333.75,evehicle,99.03,2026-01-01 00:22:09
ev1,46.12,-E46,4369.23,E60,327.34,evehicle,99.03,2026-01-01 00:22:09.500000
ev1,45.07,:J55_4,4369.23,E60,327.34,evehicle,99.03,2026-01-01 00:22:10
ev1,47.2,:J55_4,4369.23,E60,327.34,evehicle,99.0,2026-01-01 00:22:10.500000
ev1,45.86,:J55_4,4369.23,E60,327.34,evehicle,99.0,2026-01-01 00:22:11
ev1,45.43,:J55_4,4369.23,E60,327.34,evehicle,99.0,2026-01-01 00:22:11.500000
ev1,46.73,-E45,4401.22,E60,295.35,evehicle,99.0,2026-01-01 00:22:12
ev1,46.15,-E45,4407.62,E60,288.95,evehicle,99.0,2026-01-01 00:22:12.500000
ev1,45.4,-E45,4413.93,E60,282.64,evehicle,99.0,2026-01-01 00:22:13
ev1,40.82,-E45,4419.6,E60,276.97,evehicle,99.03,2026-01-01 00:22:13.500000
ev1,32.87,-E45,4424.16,E60,272.41,evehicle,99.06,2026-01-01 00:22:14
ev1,24.77,-E45,4427.6,E60,268.97,evehicle,99.09,2026-01-01 00:22:14.500000
ev1,17.86,-E45,4430.08,E60,266.49,evehicle,99.11,2026-01-01 00:22:15
ev1,9.76,-E45,4431.44,E60,265.13,evehicle,99.11,2026-01-01 00:22:15.500000
ev1,2.45,-E45,4431.78,E60,264.79,evehicle,99.11,2026-01-01 00:22:16
ev1,0.5,-E45,4431.85,E60,264.72,evehicle,99.11,2026-01-01 00:22:16.500000
ev1,0.07,-E45,4431.86,E60,264.71,evehicle,99.11,2026-01-01 00:22:17
ev1,0.0,-E45,4431.86,E60,264.71,evehicle,99.11,2026-01-01 00:22:17.500000
ev1,0.0,-E45,4431.86,E60,264.71,evehicle,99.11,2026-01-01 00:22:18
ev1,0.0,-E45,4431.86,E60,264.71,evehicle,99.11,2026-01-01 00:22:18.500000
ev1,0.0,-E45,4431.86,E60,264.71,evehicle,99.11,2026-01-01 00:22:19
ev1,0.0,-E45,4431.86,E60,264.71,evehicle,99.11,2026-01-01 00:22:19.500000
ev1,0.0,-E45,4431.86,E60,264.71,evehicle,99.11,2026-01-01 00:22:20
ev1,0.0,-E45,4431.86,E60,264.71,evehicle,99.11,2026-01-01 00:22:20.500000
ev1,0.0,-E45,4431.86,E60,264.71,evehicle,99.11,2026-01-01 00:22:21
ev1,0.0,-E45,4431.86,E60,264.71,evehicle,99.11,2026-01-01 00:22:21.500000
ev1,0.0,-E45,4431.86,E60,264.71,evehicle,99.11,2026-01-01 00:22:22
ev1,0.0,-E45,4431.86,E60,264.71,evehicle,99.11,2026-01-01 00:22:22.500000
ev1,0.0,-E45,4431.86,E60,264.71,evehicle,99.11,2026-01-01 00:22:23
ev1,0.0,-E45,4431.86,E60,264.71,evehicle,99.11,2026-01-01 00:22:23.500000
ev1,0.0,-E45,4431.86,E60,264.71,evehicle,99.11,2026-01-01 00:22:24
ev1,0.0,-E45,4431.86,E60,264.71,evehicle,99.11,2026-01-01 00:22:24.500000
ev1,0.0,-E45,4431.86,E60,264.71,evehicle,99.11,2026-01-01 00:22:25
ev1,0.0,-E45,4431.86,E60,264.71,evehicle,99.11,2026-01-01 00:22:25.500000
ev1,0.0,-E45,4431.86,E60,264.71,evehicle,99.11,2026-01-01 00:22:26
ev1,0.0,-E45,4431.86,E60,264.71,evehicle,99.11,2026-01-01 00:22:26.500000
ev1,0.0,-E45,4431.86,E60,264.71,evehicle,99.11,2026-01-01 00:22:27
ev1,0.0,-E45,4431.86,E60,264.71,evehicle,99.11,2026-01-01 00:22:27.500000
ev1,0.0,-E45,4431.86,E60,264.71,evehicle,99.11,2026-01-01 00:22:28
ev1,0.0,-E45,4431.86,E60,264.71,evehicle,99.11,2026-01-01 00:22:28.500000
ev1,0.0,-E45,4431.86,E60,264.71,evehicle,99.11,2026-01-01 00:22:29
ev1,0.0,-E45,4431.86,E60,264.71,evehicle,99.11,2026-01-01 00:22:29.500000
ev1,0.0,-E45,4431.86,E60,264.71,evehicle,99.11,2026-01-01 00:22:30
ev1,4.18,-E45,4432.44,E60,264.13,evehicle,99.11,2026-01-01 00:22:30.500000
ev1,8.1,:J49_4,4432.44,E60,264.13,evehicle,99.11,2026-01-01 00:22:31
ev1,11.05,:J49_4,4432.44,E60,264.13,evehicle,99.11,2026-01-01 00:22:31.500000
ev1,15.41,:J49_4,4432.44,E60,264.13,evehicle,99.11,2026-01-01 00:22:32
ev1,18.61,:J49_4,4432.44,E60,264.13,evehicle,99.09,2026-01-01 00:22:32.500000
ev1,21.85,:J49_4,4432.44,E60,264.13,evehicle,99.09,2026-01-01 00:22:33
ev1,25.2,:J49_4,4432.44,E60,264.13,evehicle,99.09,2026-01-01 00:22:33.500000
ev1,28.51,-E39,4450.33,E60,246.24,evehicle,99.06,2026-01-01 00:22:34
ev1,32.94,-E39,4454.9,E60,241.67,evehicle,99.06,2026-01-01 00:22:34.500000
ev1,36.07,-E39,4459.91,E60,236.66,evehicle,99.03,2026-01-01 00:22:35
ev1,40.61,-E39,4465.55,E60,231.02,evehicle,99.0,2026-01-01 00:22:35.500000
ev1,44.71,-E39,4471.76,E60,224.81,evehicle,99.0,2026-01-01 00:22:36
ev1,45.83,-E39,4478.13,E60,218.44,evehicle,98.97,2026-01-01 00:22:36.500000
ev1,45.94,:J46_0,4478.13,E60,218.44,evehicle,98.97,2026-01-01 00:22:37
ev1,47.41,:J46_0,4478.13,E60,218.44,evehicle,98.97,2026-01-01 00:22:37.500000
ev1,46.87,:J46_0,4478.13,E60,218.44,evehicle,98.97,2026-01-01 00:22:38
ev1,45.72,-E138,4503.95,E60,192.62,evehicle,98.97,2026-01-01 00:22:38.500000
ev1,46.3,-E138,4510.38,E60,186.19,evehicle,98.97,2026-01-01 00:22:39
ev1,46.98,-E138,4516.9,E60,179.67,evehicle,98.97,2026-01-01 00:22:39.500000
ev1,45.36,-E138,4523.2,E60,173.37,evehicle,98.97,2026-01-01 00:22:40
ev1,44.35,-E138,4529.36,E60,167.21,evehicle,98.97,2026-01-01 00:22:40.500000
ev1,38.3,-E138,4534.68,E60,161.89,evehicle,99.0,2026-01-01 00:22:41
ev1,31.07,-E138,4539.0,E60,157.57,evehicle,99.03,2026-01-01 00:22:41.500000
ev1,22.97,-E138,4542.19,E60,154.38,evehicle,99.06,2026-01-01 00:22:42
ev1,27.29,:J42_5,4542.19,E60,154.38,evehicle,99.03,2026-01-01 00:22:42.500000
ev1,29.84,:J42_5,4542.19,E60,154.38,evehicle,99.03,2026-01-01 00:22:43
ev1,32.83,:J42_5,4542.19,E60,154.38,evehicle,99.03,2026-01-01 00:22:43.500000
ev1,35.24,:J42_5,4542.19,E60,154.38,evehicle,99.0,2026-01-01 00:22:44
ev1,39.82,:J42_5,4542.19,E60,154.38,evehicle,99.0,2026-01-01 00:22:44.500000
ev1,43.99,-E32,4571.22,E60,125.35,evehicle,98.97,2026-01-01 00:22:45
ev1,42.95,-E32,4577.19,E60,119.38,evehicle,98.97,2026-01-01 00:22:45.500000
ev1,41.87,-E32,4583.0,E60,113.57,evehicle,98.97,2026-01-01 00:22:46
ev1,40.79,-E32,4588.66,E60,107.91,evehicle,98.97,2026-01-01 00:22:46.500000
ev1,39.71,-E32,4594.18,E60,102.39,evehicle,98.97,2026-01-01 00:22:47
ev1,38.66,-E32,4599.55,E60,97.02,evehicle,98.97,2026-01-01 00:22:47.500000
ev1,37.58,-E32,4604.77,E60,91.8,evehicle,98.97,2026-01-01 00:22:48
ev1,36.5,-E29,4609.84,E60,86.73,evehicle,99.0,2026-01-01 00:22:48.500000
ev1,35.46,-E29,4614.76,E60,81.81,evehicle,99.0,2026-01-01 00:22:49
ev1,34.38,-E29,4619.54,E60,77.03,evehicle,99.0,2026-01-01 00:22:49.500000
ev1,33.3,-E29,4624.16,E60,72.41,evehicle,99.0,2026-01-01 00:22:50
ev1,32.26,-E29,4628.64,E60,67.93,evehicle,99.0,2026-01-01 00:22:50.500000
ev1,31.18,-E29,4632.97,E60,63.6,evehicle,99.0,2026-01-01 00:22:51
ev1,30.13,-E29,4637.16,E60,59.41,evehicle,99.0,2026-01-01 00:22:51.500000
ev1,29.05,-E29,4641.19,E60,55.38,evehicle,99.0,2026-01-01 00:22:52
ev1,28.01,-E29,4645.08,E60,51.49,evehicle,99.0,2026-01-01 00:22:52.500000
ev1,26.93,-E29,4648.82,E60,47.75,evehicle,99.03,2026-01-01 00:22:53
ev1,20.38,:J14_1,4648.82,E60,47.75,evehicle,99.03,2026-01-01 00:22:53.500000
ev1,19.76,:J14_6,4648.82,E60,47.75,evehicle,99.03,2026-01-01 00:22:54
ev1,19.22,:J14_6,4648.82,E60,47.75,evehicle,99.03,2026-01-01 00:22:54.500000
ev1,18.68,:J14_6,4648.82,E60,47.75,evehicle,99.03,2026-01-01 00:22:55
ev1,18.14,:J14_6,4648.82,E60,47.75,evehicle,99.03,2026-01-01 00:22:55.500000
ev1,17.68,E60,4664.64,E60,31.93,evehicle,99.03,2026-01-01 00:22:56
ev1,16.99,E60,4667.0,E60,29.57,evehicle,99.03,2026-01-01 00:22:56.500000
ev1,16.31,E60,4669.27,E60,27.3,evehicle,99.03,2026-01-01 00:22:57
ev1,15.66,E60,4671.44,E60,25.13,evehicle,99.03,2026-01-01 00:22:57.500000
ev1,14.98,E60,4673.52,E60,23.05,evehicle,99.03,2026-01-01 00:22:58
ev1,14.29,E60,4675.51,E60,21.06,evehicle,99.03,2026-01-01 00:22:58.500000
ev1,13.61,E60,4677.4,E60,19.17,evehicle,99.03,2026-01-01 00:22:59
ev1,12.96,E60,4679.2,E60,17.37,evehicle,99.03,2026-01-01 00:22:59.500000
ev1,12.28,E60,4680.9,E60,15.67,evehicle,99.03,2026-01-01 00:23:00
ev1,11.63,E60,4682.52,E60,14.05,evehicle,99.03,2026-01-01 00:23:00.500000
ev1,10.94,E60,4684.03,E60,12.54,evehicle,99.03,2026-01-01 00:23:01
ev1,10.3,E60,4685.46,E60,11.11,evehicle,99.03,2026-01-01 00:23:01.500000
ev1,9.61,E60,4686.8,E60,9.77,evehicle,99.03,2026-01-01 00:23:02
ev1,1.51,E60,4687.01,E60,9.56,evehicle,99.06,2026-01-01 00:23:02.500000
ev1,0.0,E60,4687.01,-E41,428.86,evehicle,99.06,2026-01-01 00:23:03
ev1,0.0,E60,4687.01,-E41,428.86,evehicle,99.06,2026-01-01 00:23:03.500000
ev1,0.0,E60,4687.01,-E41,428.86,evehicle,99.06,2026-01-01 00:23:04
ev1,0.0,E60,4687.01,-E41,428.86,evehicle,99.06,2026-01-01 00:23:04.500000
ev1,0.0,E60,4687.01,-E41,428.86,evehicle,99.06,2026-01-01 00:23:05
ev1,0.0,E60,4687.01,-E41,428.86,evehicle,99.06,2026-01-01 00:23:05.500000
ev1,0.0,E60,4687.01,-E41,428.86,evehicle,99.06,2026-01-01 00:23:06
ev1,0.0,E60,4687.01,-E41,428.86,evehicle,99.06,2026-01-01 00:23:06.500000
ev1,0.0,E60,4687.01,-E41,428.86,evehicle,99.06,2026-01-01 00:23:07
ev1,0.0,E60,4687.01,-E41,428.86,evehicle,99.06,2026-01-01 00:23:07.500000
ev1,0.0,E60,4687.01,-E41,428.86,evehicle,99.06,2026-01-01 00:23:08
ev1,0.0,E60,4687.01,-E41,428.86,evehicle,99.06,2026-01-01 00:23:08.500000
ev1,0.0,E60,4687.01,-E41,428.86,evehicle,99.06,2026-01-01 00:23:09
ev1,0.0,E60,4687.01,-E41,428.86,evehicle,99.06,2026-01-01 00:23:09.500000
ev1,0.0,E60,4687.01,-E41,428.86,evehicle,99.06,2026-01-01 00:23:10
ev1,0.0,E60,4687.01,-E41,428.86,evehicle,99.06,2026-01-01 00:23:10.500000
ev1,0.0,E60,4687.01,-E41,428.86,evehicle,99.06,2026-01-01 00:23:11
ev1,0.0,E60,4687.01,-E41,428.86,evehicle,99.06,2026-01-01 00:23:11.500000
ev1,0.0,E60,4687.01,-E41,428.86,evehicle,99.06,2026-01-01 00:23:12
ev1,0.0,E60,4687.01,-E41,428.86,evehicle,99.06,2026-01-01 00:23:12.500000
ev1,0.0,E60,4687.01,-E41,428.86,evehicle,99.06,2026-01-01 00:23:13
ev1,0.0,E60,4687.01,-E41,428.86,evehicle,99.06,2026-01-01 00:23:13.500000
ev1,0.0,E60,4687.01,-E41,428.86,evehicle,99.06,2026-01-01 00:23:14
ev1,0.0,E60,4687.01,-E41,428.86,evehicle,99.06,2026-01-01 00:23:14.500000
ev1,0.0,E60,4687.01,-E41,428.86,evehicle,99.06,2026-01-01 00:23:15
ev1,0.0,E60,4687.01,-E41,428.86,evehicle,99.06,2026-01-01 00:23:15.500000
ev1,0.0,E60,4687.01,-E41,428.86,evehicle,99.06,2026-01-01 00:23:16
ev1,0.0,E60,4687.01,-E41,428.86,evehicle,99.06,2026-01-01 00:23:16.500000
ev1,0.0,E60,4687.01,-E41,428.86,evehicle,99.06,2026-01-01 00:23:17
ev1,0.0,E60,4687.01,-E41,428.86,evehicle,99.06,2026-01-01 00:23:17.500000
ev1,0.0,E60,4687.01,-E41,428.86,evehicle,99.06,2026-01-01 00:23:18
ev1,0.0,E60,4687.01,-E41,428.86,evehicle,99.06,2026-01-01 00:23:18.500000
ev1,0.0,E60,4687.01,-E41,428.86,evehicle,99.06,2026-01-01 00:23:19
ev1,0.0,E60,4687.01,-E41,428.86,evehicle,99.06,2026-01-01 00:23:19.500000
ev1,0.0,E60,4687.01,-E41,428.86,evehicle,99.06,2026-01-01 00:23:20
ev1,0.0,E60,4687.01,-E41,428.86,evehicle,99.06,2026-01-01 00:23:20.500000
ev1,0.0,E60,4687.01,-E41,428.86,evehicle,99.06,2026-01-01 00:23:21
ev1,0.0,E60,4687.01,-E41,428.86,evehicle,99.06,2026-01-01 00:23:21.500000
ev1,0.0,E60,4687.01,-E41,428.86,evehicle,99.06,2026-01-01 00:23:22
ev1,0.0,E60,4687.01,-E41,428.86,evehicle,99.06,2026-01-01 00:23:22.500000
ev1,0.0,E60,4687.01,-E41,428.86,evehicle,99.06,2026-01-01 00:23:23
ev1,0.0,E60,4687.01,-E41,428.86,evehicle,99.06,2026-01-01 00:23:23.500000
ev1,0.0,E60,4687.01,-E41,428.86,evehicle,99.06,2026-01-01 00:23:24
ev1,0.0,E60,4687.01,-E41,428.86,evehicle,99.06,2026-01-01 00:23:24.500000
ev1,0.0,E60,4687.01,-E41,428.86,evehicle,99.06,2026-01-01 00:23:25
ev1,0.0,E60,4687.01,-E41,428.86,evehicle,99.06,2026-01-01 00:23:25.500000
ev1,0.0,E60,4687.01,-E41,428.86,evehicle,99.06,2026-01-01 00:23:26
ev1,0.0,E60,4687.01,-E41,428.86,evehicle,99.06,2026-01-01 00:23:26.500000
ev1,0.0,E60,4687.01,-E41,428.86,evehicle,99.06,2026-01-01 00:23:27
ev1,0.0,E60,4687.01,-E41,428.86,evehicle,99.06,2026-01-01 00:23:27.500000
ev1,0.0,E60,4687.01,-E41,428.86,evehicle,99.06,2026-01-01 00:23:28
ev1,0.0,E60,4687.01,-E41,428.86,evehicle,99.06,2026-01-01 00:23:28.500000
ev1,0.0,E60,4687.01,-E41,428.86,evehicle,99.06,2026-01-01 00:23:29
ev1,0.0,E60,4687.01,-E41,428.86,evehicle,99.06,2026-01-01 00:23:29.500000
ev1,0.0,E60,4687.01,-E41,428.86,evehicle,99.06,2026-01-01 00:23:30
ev1,0.0,E60,4687.01,-E41,428.86,evehicle,99.06,2026-01-01 00:23:30.500000
ev1,0.0,E60,4687.01,-E41,428.86,evehicle,99.06,2026-01-01 00:23:31
ev1,0.0,E60,4687.01,-E41,428.86,evehicle,99.06,2026-01-01 00:23:31.500000
ev1,0.0,E60,4687.01,-E41,428.86,evehicle,99.06,2026-01-01 00:23:32
ev1,0.0,E60,4687.01,-E41,428.86,evehicle,99.06,2026-01-01 00:23:32.500000
ev1,0.0,E60,4687.01,-E41,428.86,evehicle,99.06,2026-01-01 00:23:33
ev1,0.0,E60,4687.01,-E41,428.86,evehicle,99.06,2026-01-01 00:23:33.500000
ev1,0.0,E60,4687.01,-E41,428.86,evehicle,99.06,2026-01-01 00:23:34
ev1,0.0,E60,4687.01,-E41,428.86,evehicle,99.06,2026-01-01 00:23:34.500000
ev1,0.0,E60,4687.01,-E41,428.86,evehicle,99.06,2026-01-01 00:23:35
ev1,0.0,E60,4687.01,-E41,428.86,evehicle,99.06,2026-01-01 00:23:35.500000
ev1,0.0,E60,4687.01,-E41,428.86,evehicle,99.06,2026-01-01 00:23:36
ev1,0.0,E60,4687.01,-E41,428.86,evehicle,99.06,2026-01-01 00:23:36.500000
ev1,0.0,E60,4687.01,-E41,428.86,evehicle,99.06,2026-01-01 00:23:37
ev1,0.0,E60,4687.01,-E41,428.86,evehicle,99.06,2026-01-01 00:23:37.500000
ev1,0.0,E60,4687.01,-E41,428.86,evehicle,99.06,2026-01-01 00:23:38
ev1,0.0,E60,4687.01,-E41,428.86,evehicle,99.06,2026-01-01 00:23:38.500000
ev1,0.0,E60,4687.01,-E41,428.86,evehicle,99.06,2026-01-01 00:23:39
ev1,0.0,E60,4687.01,-E41,428.86,evehicle,99.06,2026-01-01 00:23:39.500000
ev1,0.0,E60,4687.01,-E41,428.86,evehicle,99.06,2026-01-01 00:23:40
ev1,0.0,E60,4687.01,-E41,428.86,evehicle,99.06,2026-01-01 00:23:40.500000
ev1,0.0,E60,4687.01,-E41,428.86,evehicle,99.06,2026-01-01 00:23:41
ev1,0.0,E60,4687.01,-E41,428.86,evehicle,99.06,2026-01-01 00:23:41.500000
ev1,0.0,E60,4687.01,-E41,428.86,evehicle,99.06,2026-01-01 00:23:42
ev1,0.0,E60,4687.01,-E41,428.86,evehicle,99.06,2026-01-01 00:23:42.500000
ev1,0.0,E60,4687.01,-E41,428.86,evehicle,99.06,2026-01-01 00:23:43
ev1,0.0,E60,4687.01,-E41,428.86,evehicle,99.06,2026-01-01 00:23:43.500000
ev1,0.0,E60,4687.01,-E41,428.86,evehicle,99.06,2026-01-01 00:23:44
ev1,0.0,E60,4687.01,-E41,428.86,evehicle,99.06,2026-01-01 00:23:44.500000
ev1,0.0,E60,4687.01,-E41,428.86,evehicle,99.06,2026-01-01 00:23:45
ev1,0.0,E60,4687.01,-E41,428.86,evehicle,99.06,2026-01-01 00:23:45.500000
ev1,0.0,E60,4687.01,-E41,428.86,evehicle,99.06,2026-01-01 00:23:46
ev1,0.0,E60,4687.01,-E41,428.86,evehicle,99.06,2026-01-01 00:23:46.500000
ev1,0.0,E60,4687.01,-E41,428.86,evehicle,99.06,2026-01-01 00:23:47
ev1,0.0,E60,4687.01,-E41,428.86,evehicle,99.06,2026-01-01 00:23:47.500000
ev1,0.0,E60,4687.01,-E41,428.86,evehicle,99.06,2026-01-01 00:23:48
ev1,0.0,E60,4687.01,-E41,428.86,evehicle,99.06,2026-01-01 00:23:48.500000
ev1,0.0,E60,4687.01,-E41,428.86,evehicle,99.06,2026-01-01 00:23:49
ev1,0.0,E60,4687.01,-E41,428.86,evehicle,99.06,2026-01-01 00:23:49.500000
ev1,0.0,E60,4687.01,-E41,428.86,evehicle,99.06,2026-01-01 00:23:50
ev1,0.0,E60,4687.01,-E41,428.86,evehicle,99.06,2026-01-01 00:23:50.500000
ev1,0.0,E60,4687.01,-E41,428.86,evehicle,99.06,2026-01-01 00:23:51
ev1,0.0,E60,4687.01,-E41,428.86,evehicle,99.06,2026-01-01 00:23:51.500000
ev1,0.0,E60,4687.01,-E41,428.86,evehicle,99.06,2026-01-01 00:23:52
ev1,0.0,E60,4687.01,-E41,428.86,evehicle,99.06,2026-01-01 00:23:52.500000
ev1,0.0,E60,4687.01,-E41,428.86,evehicle,99.06,2026-01-01 00:23:53
ev1,0.0,E60,4687.01,-E41,428.86,evehicle,99.06,2026-01-01 00:23:53.500000
ev1,0.0,E60,4687.01,-E41,428.86,evehicle,99.06,2026-01-01 00:23:54
ev1,0.0,E60,4687.01,-E41,428.86,evehicle,99.06,2026-01-01 00:23:54.500000
ev1,0.0,E60,4687.01,-E41,428.86,evehicle,99.06,2026-01-01 00:23:55
ev1,0.0,E60,4687.01,-E41,428.86,evehicle,99.06,2026-01-01 00:23:55.500000
ev1,0.0,E60,4687.01,-E41,428.86,evehicle,99.06,2026-01-01 00:23:56
ev1,0.0,E60,4687.01,-E41,428.86,evehicle,99.06,2026-01-01 00:23:56.500000
ev1,0.0,E60,4687.01,-E41,428.86,evehicle,99.06,2026-01-01 00:23:57
ev1,0.0,E60,4687.01,-E41,428.86,evehicle,99.06,2026-01-01 00:23:57.500000
ev1,0.0,E60,4687.01,-E41,428.86,evehicle,99.06,2026-01-01 00:23:58
ev1,0.0,E60,4687.01,-E41,428.86,evehicle,99.06,2026-01-01 00:23:58.500000
ev1,0.0,E60,4687.01,-E41,428.86,evehicle,99.06,2026-01-01 00:23:59
ev1,0.0,E60,4687.01,-E41,428.86,evehicle,99.06,2026-01-01 00:23:59.500000
ev1,0.0,E60,4687.01,-E41,428.86,evehicle,99.06,2026-01-01 00:24:00
ev1,0.0,E60,4687.01,-E41,428.86,evehicle,99.06,2026-01-01 00:24:00.500000
ev1,0.0,E60,4687.01,-E41,428.86,evehicle,99.06,2026-01-01 00:24:01
ev1,0.0,E60,4687.01,-E41,428.86,evehicle,99.06,2026-01-01 00:24:01.500000
ev1,0.0,E60,4687.01,-E41,428.86,evehicle,99.03,2026-01-01 00:24:02
ev1,0.0,E60,4687.01,-E41,428.86,evehicle,99.03,2026-01-01 00:24:02.500000
ev1,0.0,E60,4687.01,-E41,428.86,evehicle,99.03,2026-01-01 00:24:03
ev1,4.68,E60,4687.66,-E41,428.21,evehicle,99.03,2026-01-01 00:24:03.500000
ev1,8.17,E60,4688.79,-E41,427.08,evehicle,99.03,2026-01-01 00:24:04
ev1,12.53,E60,4690.53,-E41,425.34,evehicle,99.03,2026-01-01 00:24:04.500000
ev1,16.56,E60,4692.83,-E41,423.04,evehicle,99.03,2026-01-01 00:24:05
ev1,21.24,E60,4695.78,-E41,420.09,evehicle,99.03,2026-01-01 00:24:05.500000
ev1,23.69,:J18_2,4695.78,-E41,420.09,evehicle,99.0,2026-01-01 00:24:06
ev1,27.76,:J18_2,4695.78,-E41,420.09,evehicle,99.0,2026-01-01 00:24:06.500000
ev1,28.84,:J18_2,4695.78,-E41,420.09,evehicle,99.0,2026-01-01 00:24:07
ev1,29.41,:J18_2,4695.78,-E41,420.09,evehicle,99.0,2026-01-01 00:24:07.500000
ev1,28.22,E30,4714.93,-E41,400.94,evehicle,99.0,2026-01-01 00:24:08
ev1,30.6,E30,4719.18,-E41,396.69,evehicle,98.97,2026-01-01 00:24:08.500000
ev1,34.16,E30,4723.92,-E41,391.95,evehicle,98.97,2026-01-01 00:24:09
ev1,38.38,E30,4729.26,-E41,386.61,evehicle,98.94,2026-01-01 00:24:09.500000
ev1,41.0,E30,4734.95,-E41,380.92,evehicle,98.94,2026-01-01 00:24:10
ev1,43.92,E30,4741.05,-E41,374.82,evehicle,98.91,2026-01-01 00:24:10.500000
ev1,45.65,E30,4747.39,-E41,368.48,evehicle,98.91,2026-01-01 00:24:11
ev1,46.8,:J40_11,4747.39,-E41,368.48,evehicle,98.89,2026-01-01 00:24:11.500000
ev1,46.33,:J40_11,4747.39,-E41,368.48,evehicle,98.89,2026-01-01 00:24:12
ev1,46.3,:J40_11,4747.39,-E41,368.48,evehicle,98.89,2026-01-01 00:24:12.500000
ev1,45.9,E33,4773.14,-E41,342.73,evehicle,98.89,2026-01-01 00:24:13
ev1,45.86,E33,4779.51,-E41,336.36,evehicle,98.89,2026-01-01 00:24:13.500000
ev1,47.09,E33,4786.05,-E41,329.82,evehicle,98.89,2026-01-01 00:24:14
ev1,47.23,:J43_19,4786.05,-E41,329.82,evehicle,98.89,2026-01-01 00:24:14.500000
ev1,47.12,:J43_19,4786.05,-E41,329.82,evehicle,98.89,2026-01-01 00:24:15
ev1,46.76,:J43_19,4786.05,-E41,329.82,evehicle,98.89,2026-01-01 00:24:15.500000
ev1,46.33,:J43_19,4786.05,-E41,329.82,evehicle,98.89,2026-01-01 00:24:16
ev1,45.61,:J43_19,4786.05,-E41,329.82,evehicle,98.89,2026-01-01 00:24:16.500000
ev1,46.87,E36,4824.92,-E41,290.95,evehicle,98.89,2026-01-01 00:24:17
ev1,46.73,E36,4831.41,-E41,284.46,evehicle,98.89,2026-01-01 00:24:17.500000
ev1,45.65,E36,4837.75,-E41,278.12,evehicle,98.89,2026-01-01 00:24:18
ev1,45.94,:J46_8,4837.75,-E41,278.12,evehicle,98.89,2026-01-01 00:24:18.500000
ev1,46.4,:J46_8,4837.75,-E41,278.12,evehicle,98.89,2026-01-01 00:24:19
ev1,46.62,:J46_8,4837.75,-E41,278.12,evehicle,98.89,2026-01-01 00:24:19.500000
ev1,47.09,E39,4863.59,-E41,252.28,evehicle,98.86,2026-01-01 00:24:20
ev1,45.76,E39,4869.94,-E41,245.93,evehicle,98.89,2026-01-01 00:24:20.500000
ev1,46.94,E39,4876.46,-E41,239.41,evehicle,98.86,2026-01-01 00:24:21
ev1,46.04,E39,4882.86,-E41,233.01,evehicle,98.86,2026-01-01 00:24:21.500000
ev1,47.38,E39,4889.44,-E41,226.43,evehicle,98.86,2026-01-01 00:24:22
ev1,45.94,E39,4895.81,-E41,220.06,evehicle,98.86,2026-01-01 00:24:22.500000
ev1,45.76,:J49_11,4895.81,-E41,220.06,evehicle,98.86,2026-01-01 00:24:23
ev1,45.43,:J49_11,4895.81,-E41,220.06,evehicle,98.86,2026-01-01 00:24:23.500000
ev1,46.15,E45,4914.89,-E41,200.98,evehicle,98.86,2026-01-01 00:24:24
ev1,47.05,E45,4921.42,-E41,194.45,evehicle,98.86,2026-01-01 00:24:24.500000
ev1,45.94,E45,4927.8,-E41,188.07,evehicle,98.86,2026-01-01 00:24:25
ev1,45.4,E45,4934.11,-E41,181.76,evehicle,98.86,2026-01-01 00:24:25.500000
ev1,40.61,E45,4939.75,-E41,176.12,evehicle,98.89,2026-01-01 00:24:26
ev1,35.06,E45,4944.62,-E41,171.25,evehicle,98.91,2026-01-01 00:24:26.500000
ev1,26.96,E45,4948.37,-E41,167.5,evehicle,98.94,2026-01-01 00:24:27
ev1,18.86,:J55_13,4948.37,-E41,167.5,evehicle,98.94,2026-01-01 00:24:27.500000
ev1,22.43,:J55_15,4948.37,-E41,167.5,evehicle,98.94,2026-01-01 00:24:28
ev1,24.84,:J55_15,4948.37,-E41,167.5,evehicle,98.94,2026-01-01 00:24:28.500000
ev1,28.44,:J55_15,4948.37,-E41,167.5,evehicle,98.91,2026-01-01 00:24:29
ev1,32.76,:J55_15,4948.37,-E41,167.5,evehicle,98.91,2026-01-01 00:24:29.500000
ev1,36.83,:J55_15,4948.37,-E41,167.5,evehicle,98.89,2026-01-01 00:24:30
ev1,39.64,E137,4976.67,-E41,139.2,evehicle,98.89,2026-01-01 00:24:30.500000
ev1,38.84,E137,4982.07,-E41,133.8,evehicle,98.89,2026-01-01 00:24:31
ev1,38.05,E137,4987.36,-E41,128.51,evehicle,98.89,2026-01-01 00:24:31.500000
ev1,37.3,E137,4992.54,-E41,123.33,evehicle,98.89,2026-01-01 00:24:32
ev1,36.5,E137,4997.61,-E41,118.26,evehicle,98.89,2026-01-01 00:24:32.500000
ev1,35.71,E137,5002.57,-E41,113.3,evehicle,98.89,2026-01-01 00:24:33
ev1,34.52,E137,5007.36,-E41,108.51,evehicle,98.89,2026-01-01 00:24:33.500000
ev1,26.42,E137,5011.03,-E41,104.84,evehicle,98.91,2026-01-01 00:24:34
ev1,25.96,E137,5014.64,-E41,101.23,evehicle,98.91,2026-01-01 00:24:34.500000
ev1,25.34,:J52_15,5014.64,-E41,101.23,evehicle,98.91,2026-01-01 00:24:35
ev1,24.88,:J52_15,5014.64,-E41,101.23,evehicle,98.91,2026-01-01 00:24:35.500000
ev1,24.48,:J52_15,5014.64,-E41,101.23,evehicle,98.91,2026-01-01 00:24:36
ev1,24.05,:J52_15,5014.64,-E41,101.23,evehicle,98.91,2026-01-01 00:24:36.500000
ev1,23.65,:J52_15,5014.64,-E41,101.23,evehicle,98.91,2026-01-01 00:24:37
ev1,23.29,-E42,5034.87,-E41,81.0,evehicle,98.91,2026-01-01 00:24:37.500000
ev1,22.82,-E42,5038.04,-E41,77.83,evehicle,98.91,2026-01-01 00:24:38
ev1,22.36,-E42,5041.14,-E41,74.73,evehicle,98.91,2026-01-01 00:24:38.500000
ev1,21.89,-E42,5044.18,-E41,71.69,evehicle,98.91,2026-01-01 00:24:39
ev1,21.42,-E42,5047.15,-E41,68.72,evehicle,98.91,2026-01-01 00:24:39.500000
ev1,20.95,-E42,5050.06,-E41,65.81,evehicle,98.91,2026-01-01 00:24:40
ev1,20.48,-E42,5052.91,-E41,62.96,evehicle,98.91,2026-01-01 00:24:40.500000
ev1,20.02,-E42,5055.69,-E41,60.18,evehicle,98.91,2026-01-01 00:24:41
ev1,19.55,-E42,5058.41,-E41,57.46,evehicle,98.91,2026-01-01 00:24:41.500000
ev1,19.12,-E42,5061.06,-E41,54.81,evehicle,98.91,2026-01-01 00:24:42
ev1,18.65,-E42,5063.65,-E41,52.22,evehicle,98.91,2026-01-01 00:24:42.500000
ev1,18.18,-E42,5066.17,-E41,49.7,evehicle,98.91,2026-01-01 00:24:43
ev1,17.71,-E42,5068.63,-E41,47.24,evehicle,98.91,2026-01-01 00:24:43.500000
ev1,17.24,-E42,5071.03,-E41,44.84,evehicle,98.91,2026-01-01 00:24:44
ev1,16.78,-E41,5073.36,-E41,42.51,evehicle,98.91,2026-01-01 00:24:44.500000
ev1,16.34,-E41,5075.63,-E41,40.24,evehicle,98.91,2026-01-01 00:24:45
ev1,15.88,-E41,5077.84,-E41,38.03,evehicle,98.91,2026-01-01 00:24:45.500000
ev1,15.41,-E41,5079.98,-E41,35.89,evehicle,98.91,2026-01-01 00:24:46
ev1,14.94,-E41,5082.05,-E41,33.82,evehicle,98.91,2026-01-01 00:24:46.500000
ev1,14.51,-E41,5084.07,-E41,31.8,evehicle,98.91,2026-01-01 00:24:47
ev1,14.04,-E41,5086.02,-E41,29.85,evehicle,98.91,2026-01-01 00:24:47.500000
ev1,13.57,-E41,5087.9,-E41,27.97,evehicle,98.91,2026-01-01 00:24:48
ev1,13.1,-E41,5089.72,-E41,26.15,evehicle,98.91,2026-01-01 00:24:48.500000
ev1,12.67,-E41,5091.48,-E41,24.39,evehicle,98.91,2026-01-01 00:24:49
ev1,12.2,-E41,5093.18,-E41,22.69,evehicle,98.91,2026-01-01 00:24:49.500000
ev1,11.74,-E41,5094.81,-E41,21.06,evehicle,98.91,2026-01-01 00:24:50
ev1,11.3,-E41,5096.38,-E41,19.49,evehicle,98.94,2026-01-01 00:24:50.500000
ev1,10.84,-E41,5097.88,-E41,17.99,evehicle,98.94,2026-01-01 00:24:51
ev1,10.4,-E41,5099.33,-E41,16.54,evehicle,98.94,2026-01-01 00:24:51.500000
ev1,9.94,-E41,5100.71,-E41,15.16,evehicle,98.94,2026-01-01 00:24:52
ev1,9.47,-E41,5102.02,-E41,13.85,evehicle,98.94,2026-01-01 00:24:52.500000
ev1,9.04,-E41,5103.28,-E41,12.59,evehicle,98.94,2026-01-01 00:24:53
ev1,8.57,-E41,5104.47,-E41,11.4,evehicle,98.94,2026-01-01 00:24:53.500000
ev1,8.14,-E41,5105.6,-E41,10.27,evehicle,98.94,2026-01-01 00:24:54
ev1,7.67,-E41,5106.67,-E41,9.2,evehicle,98.94,2026-01-01 00:24:54.500000
ev1,0.0,-E41,5106.67,-E28,323.05,evehicle,98.94,2026-01-01 00:24:55
ev1,0.0,-E41,5106.67,-E28,323.05,evehicle,98.94,2026-01-01 00:24:55.500000
ev1,0.0,-E41,5106.67,-E28,323.05,evehicle,98.94,2026-01-01 00:24:56
ev1,0.0,-E41,5106.67,-E28,323.05,evehicle,98.94,2026-01-01 00:24:56.500000
ev1,0.0,-E41,5106.67,-E28,323.05,evehicle,98.94,2026-01-01 00:24:57
ev1,0.0,-E41,5106.67,-E28,323.05,evehicle,98.94,2026-01-01 00:24:57.500000
ev1,0.0,-E41,5106.67,-E28,323.05,evehicle,98.94,2026-01-01 00:24:58
ev1,0.0,-E41,5106.67,-E28,323.05,evehicle,98.94,2026-01-01 00:24:58.500000
ev1,0.0,-E41,5106.67,-E28,323.05,evehicle,98.94,2026-01-01 00:24:59
ev1,0.0,-E41,5106.67,-E28,323.05,evehicle,98.94,2026-01-01 00:24:59.500000
ev1,0.0,-E41,5106.67,-E28,323.05,evehicle,98.94,2026-01-01 00:25:00
ev1,0.0,-E41,5106.67,-E28,323.05,evehicle,98.94,2026-01-01 00:25:00.500000
ev1,0.0,-E41,5106.67,-E28,323.05,evehicle,98.94,2026-01-01 00:25:01
ev1,0.0,-E41,5106.67,-E28,323.05,evehicle,98.94,2026-01-01 00:25:01.500000
ev1,0.0,-E41,5106.67,-E28,323.05,evehicle,98.94,2026-01-01 00:25:02
ev1,0.0,-E41,5106.67,-E28,323.05,evehicle,98.94,2026-01-01 00:25:02.500000
ev1,0.0,-E41,5106.67,-E28,323.05,evehicle,98.94,2026-01-01 00:25:03
ev1,0.0,-E41,5106.67,-E28,323.05,evehicle,98.94,2026-01-01 00:25:03.500000
ev1,0.0,-E41,5106.67,-E28,323.05,evehicle,98.94,2026-01-01 00:25:04
ev1,0.0,-E41,5106.67,-E28,323.05,evehicle,98.94,2026-01-01 00:25:04.500000
ev1,0.0,-E41,5106.67,-E28,323.05,evehicle,98.94,2026-01-01 00:25:05
ev1,0.0,-E41,5106.67,-E28,323.05,evehicle,98.94,2026-01-01 00:25:05.500000
ev1,0.0,-E41,5106.67,-E28,323.05,evehicle,98.94,2026-01-01 00:25:06
ev1,0.0,-E41,5106.67,-E28,323.05,evehicle,98.94,2026-01-01 00:25:06.500000
ev1,0.0,-E41,5106.67,-E28,323.05,evehicle,98.94,2026-01-01 00:25:07
ev1,0.0,-E41,5106.67,-E28,323.05,evehicle,98.94,2026-01-01 00:25:07.500000
ev1,0.0,-E41,5106.67,-E28,323.05,evehicle,98.94,2026-01-01 00:25:08
ev1,0.0,-E41,5106.67,-E28,323.05,evehicle,98.94,2026-01-01 00:25:08.500000
ev1,0.0,-E41,5106.67,-E28,323.05,evehicle,98.94,2026-01-01 00:25:09
ev1,0.0,-E41,5106.67,-E28,323.05,evehicle,98.94,2026-01-01 00:25:09.500000
ev1,0.0,-E41,5106.67,-E28,323.05,evehicle,98.94,2026-01-01 00:25:10
ev1,0.0,-E41,5106.67,-E28,323.05,evehicle,98.94,2026-01-01 00:25:10.500000
ev1,0.0,-E41,5106.67,-E28,323.05,evehicle,98.94,2026-01-01 00:25:11
ev1,0.0,-E41,5106.67,-E28,323.05,evehicle,98.94,2026-01-01 00:25:11.500000
ev1,0.0,-E41,5106.67,-E28,323.05,evehicle,98.94,2026-01-01 00:25:12
ev1,0.0,-E41,5106.67,-E28,323.05,evehicle,98.94,2026-01-01 00:25:12.500000
ev1,0.0,-E41,5106.67,-E28,323.05,evehicle,98.94,2026-01-01 00:25:13
ev1,0.0,-E41,5106.67,-E28,323.05,evehicle,98.94,2026-01-01 00:25:13.500000
ev1,0.0,-E41,5106.67,-E28,323.05,evehicle,98.94,2026-01-01 00:25:14
ev1,0.0,-E41,5106.67,-E28,323.05,evehicle,98.94,2026-01-01 00:25:14.500000
ev1,0.0,-E41,5106.67,-E28,323.05,evehicle,98.94,2026-01-01 00:25:15
ev1,0.0,-E41,5106.67,-E28,323.05,evehicle,98.94,2026-01-01 00:25:15.500000
ev1,0.0,-E41,5106.67,-E28,323.05,evehicle,98.94,2026-01-01 00:25:16
ev1,0.0,-E41,5106.67,-E28,323.05,evehicle,98.94,2026-01-01 00:25:16.500000
ev1,0.0,-E41,5106.67,-E28,323.05,evehicle,98.94,2026-01-01 00:25:17
ev1,0.0,-E41,5106.67,-E28,323.05,evehicle,98.94,2026-01-01 00:25:17.500000
ev1,0.0,-E41,5106.67,-E28,323.05,evehicle,98.94,2026-01-01 00:25:18
ev1,0.0,-E41,5106.67,-E28,323.05,evehicle,98.94,2026-01-01 00:25:18.500000
ev1,0.0,-E41,5106.67,-E28,323.05,evehicle,98.94,2026-01-01 00:25:19
ev1,0.0,-E41,5106.67,-E28,323.05,evehicle,98.94,2026-01-01 00:25:19.500000
ev1,0.0,-E41,5106.67,-E28,323.05,evehicle,98.94,2026-01-01 00:25:20
ev1,0.0,-E41,5106.67,-E28,323.05,evehicle,98.94,2026-01-01 00:25:20.500000
ev1,0.0,-E41,5106.67,-E28,323.05,evehicle,98.94,2026-01-01 00:25:21
ev1,0.0,-E41,5106.67,-E28,323.05,evehicle,98.94,2026-01-01 00:25:21.500000
ev1,0.0,-E41,5106.67,-E28,323.05,evehicle,98.94,2026-01-01 00:25:22
ev1,0.0,-E41,5106.67,-E28,323.05,evehicle,98.94,2026-01-01 00:25:22.500000
ev1,0.0,-E41,5106.67,-E28,323.05,evehicle,98.94,2026-01-01 00:25:23
ev1,0.0,-E41,5106.67,-E28,323.05,evehicle,98.94,2026-01-01 00:25:23.500000
ev1,0.0,-E41,5106.67,-E28,323.05,evehicle,98.94,2026-01-01 00:25:24
ev1,0.0,-E41,5106.67,-E28,323.05,evehicle,98.94,2026-01-01 00:25:24.500000
ev1,0.0,-E41,5106.67,-E28,323.05,evehicle,98.94,2026-01-01 00:25:25
ev1,0.0,-E41,5106.67,-E28,323.05,evehicle,98.94,2026-01-01 00:25:25.500000
ev1,0.0,-E41,5106.67,-E28,323.05,evehicle,98.94,2026-01-01 00:25:26
ev1,0.0,-E41,5106.67,-E28,323.05,evehicle,98.94,2026-01-01 00:25:26.500000
ev1,0.0,-E41,5106.67,-E28,323.05,evehicle,98.94,2026-01-01 00:25:27
ev1,0.0,-E41,5106.67,-E28,323.05,evehicle,98.94,2026-01-01 00:25:27.500000
ev1,0.0,-E41,5106.67,-E28,323.05,evehicle,98.94,2026-01-01 00:25:28
ev1,0.0,-E41,5106.67,-E28,323.05,evehicle,98.94,2026-01-01 00:25:28.500000
ev1,0.0,-E41,5106.67,-E28,323.05,evehicle,98.94,2026-01-01 00:25:29
ev1,0.0,-E41,5106.67,-E28,323.05,evehicle,98.94,2026-01-01 00:25:29.500000
ev1,0.0,-E41,5106.67,-E28,323.05,evehicle,98.94,2026-01-01 00:25:30
ev1,0.0,-E41,5106.67,-E28,323.05,evehicle,98.94,2026-01-01 00:25:30.500000
ev1,0.0,-E41,5106.67,-E28,323.05,evehicle,98.94,2026-01-01 00:25:31
ev1,0.0,-E41,5106.67,-E28,323.05,evehicle,98.94,2026-01-01 00:25:31.500000
ev1,0.0,-E41,5106.67,-E28,323.05,evehicle,98.94,2026-01-01 00:25:32
ev1,0.0,-E41,5106.67,-E28,323.05,evehicle,98.94,2026-01-01 00:25:32.500000
ev1,0.0,-E41,5106.67,-E28,323.05,evehicle,98.94,2026-01-01 00:25:33
ev1,0.0,-E41,5106.67,-E28,323.05,evehicle,98.94,2026-01-01 00:25:33.500000
ev1,0.0,-E41,5106.67,-E28,323.05,evehicle,98.94,2026-01-01 00:25:34
ev1,0.0,-E41,5106.67,-E28,323.05,evehicle,98.94,2026-01-01 00:25:34.500000
ev1,0.0,-E41,5106.67,-E28,323.05,evehicle,98.94,2026-01-01 00:25:35
ev1,0.0,-E41,5106.67,-E28,323.05,evehicle,98.94,2026-01-01 00:25:35.500000
ev1,0.0,-E41,5106.67,-E28,323.05,evehicle,98.94,2026-01-01 00:25:36
ev1,0.0,-E41,5106.67,-E28,323.05,evehicle,98.94,2026-01-01 00:25:36.500000
ev1,0.0,-E41,5106.67,-E28,323.05,evehicle,98.94,2026-01-01 00:25:37
ev1,0.0,-E41,5106.67,-E28,323.05,evehicle,98.94,2026-01-01 00:25:37.500000
ev1,0.0,-E41,5106.67,-E28,323.05,evehicle,98.94,2026-01-01 00:25:38
ev1,0.0,-E41,5106.67,-E28,323.05,evehicle,98.94,2026-01-01 00:25:38.500000
ev1,0.0,-E41,5106.67,-E28,323.05,evehicle,98.94,2026-01-01 00:25:39
ev1,0.0,-E41,5106.67,-E28,323.05,evehicle,98.94,2026-01-01 00:25:39.500000
ev1,0.0,-E41,5106.67,-E28,323.05,evehicle,98.94,2026-01-01 00:25:40
ev1,0.0,-E41,5106.67,-E28,323.05,evehicle,98.94,2026-01-01 00:25:40.500000
ev1,0.0,-E41,5106.67,-E28,323.05,evehicle,98.94,2026-01-01 00:25:41
ev1,0.0,-E41,5106.67,-E28,323.05,evehicle,98.94,2026-01-01 00:25:41.500000
ev1,0.0,-E41,5106.67,-E28,323.05,evehicle,98.94,2026-01-01 00:25:42
ev1,0.0,-E41,5106.67,-E28,323.05,evehicle,98.94,2026-01-01 00:25:42.500000
ev1,0.0,-E41,5106.67,-E28,323.05,evehicle,98.94,2026-01-01 00:25:43
ev1,0.0,-E41,5106.67,-E28,323.05,evehicle,98.94,2026-01-01 00:25:43.500000
ev1,0.0,-E41,5106.67,-E28,323.05,evehicle,98.94,2026-01-01 00:25:44
ev1,0.0,-E41,5106.67,-E28,323.05,evehicle,98.94,2026-01-01 00:25:44.500000
ev1,0.0,-E41,5106.67,-E28,323.05,evehicle,98.94,2026-01-01 00:25:45
ev1,0.0,-E41,5106.67,-E28,323.05,evehicle,98.94,2026-01-01 00:25:45.500000
ev1,0.0,-E41,5106.67,-E28,323.05,evehicle,98.94,2026-01-01 00:25:46
ev1,0.0,-E41,5106.67,-E28,323.05,evehicle,98.94,2026-01-01 00:25:46.500000
ev1,0.0,-E41,5106.67,-E28,323.05,evehicle,98.94,2026-01-01 00:25:47
ev1,0.0,-E41,5106.67,-E28,323.05,evehicle,98.94,2026-01-01 00:25:47.500000
ev1,0.0,-E41,5106.67,-E28,323.05,evehicle,98.94,2026-01-01 00:25:48
ev1,0.0,-E41,5106.67,-E28,323.05,evehicle,98.94,2026-01-01 00:25:48.500000
ev1,0.0,-E41,5106.67,-E28,323.05,evehicle,98.94,2026-01-01 00:25:49
ev1,0.0,-E41,5106.67,-E28,323.05,evehicle,98.94,2026-01-01 00:25:49.500000
ev1,0.0,-E41,5106.67,-E28,323.05,evehicle,98.94,2026-01-01 00:25:50
ev1,0.0,-E41,5106.67,-E28,323.05,evehicle,98.94,2026-01-01 00:25:50.500000
ev1,0.0,-E41,5106.67,-E28,323.05,evehicle,98.94,2026-01-01 00:25:51
ev1,0.0,-E41,5106.67,-E28,323.05,evehicle,98.94,2026-01-01 00:25:51.500000
ev1,0.0,-E41,5106.67,-E28,323.05,evehicle,98.94,2026-01-01 00:25:52
ev1,0.0,-E41,5106.67,-E28,323.05,evehicle,98.94,2026-01-01 00:25:52.500000
ev1,0.0,-E41,5106.67,-E28,323.05,evehicle,98.94,2026-01-01 00:25:53
ev1,0.0,-E41,5106.67,-E28,323.05,evehicle,98.94,2026-01-01 00:25:53.500000
ev1,0.0,-E41,5106.67,-E28,323.05,evehicle,98.94,2026-01-01 00:25:54
ev1,0.0,-E41,5106.67,-E28,323.05,evehicle,98.94,2026-01-01 00:25:54.500000
ev1,0.0,-E41,5106.67,-E28,323.05,evehicle,98.94,2026-01-01 00:25:55
ev1,3.6,-E41,5107.16,-E28,322.56,evehicle,98.91,2026-01-01 00:25:55.500000
ev1,6.98,-E41,5108.14,-E28,321.58,evehicle,98.91,2026-01-01 00:25:56
ev1,11.2,-E41,5109.69,-E28,320.03,evehicle,98.91,2026-01-01 00:25:56.500000
ev1,14.33,-E41,5111.68,-E28,318.04,evehicle,98.91,2026-01-01 00:25:57
ev1,18.18,-E41,5114.21,-E28,315.51,evehicle,98.91,2026-01-01 00:25:57.500000
ev1,22.75,:J48_0,5114.21,-E28,315.51,evehicle,98.89,2026-01-01 00:25:58
ev1,25.96,:J48_0,5114.21,-E28,315.51,evehicle,98.89,2026-01-01 00:25:58.500000
ev1,28.62,:J48_0,5114.21,-E28,315.51,evehicle,98.89,2026-01-01 00:25:59
ev1,31.9,:J48_0,5114.21,-E28,315.51,evehicle,98.86,2026-01-01 00:25:59.500000
ev1,35.21,-E38,5134.27,-E28,295.45,evehicle,98.86,2026-01-01 00:26:00
ev1,37.98,-E38,5139.55,-E28,290.17,evehicle,98.83,2026-01-01 00:26:00.500000
ev1,41.9,-E38,5145.37,-E28,284.35,evehicle,98.83,2026-01-01 00:26:01
ev1,46.37,-E38,5151.81,-E28,277.91,evehicle,98.8,2026-01-01 00:26:01.500000
ev1,46.69,-E38,5158.29,-E28,271.43,evehicle,98.8,2026-01-01 00:26:02
ev1,45.79,-E38,5164.65,-E28,265.07,evehicle,98.8,2026-01-01 00:26:02.500000
ev1,46.15,-E38,5171.06,-E28,258.66,evehicle,98.8,2026-01-01 00:26:03
ev1,45.25,-E35,5177.35,-E28,252.37,evehicle,98.8,2026-01-01 00:26:03.500000
ev1,45.86,-E35,5183.71,-E28,246.01,evehicle,98.8,2026-01-01 00:26:04
ev1,47.2,-E35,5190.27,-E28,239.45,evehicle,98.77,2026-01-01 00:26:04.500000
ev1,46.62,-E35,5196.74,-E28,232.98,evehicle,98.77,2026-01-01 00:26:05
ev1,41.87,-E35,5202.56,-E28,227.16,evehicle,98.8,2026-01-01 00:26:05.500000
ev1,35.75,-E35,5207.52,-E28,222.2,evehicle,98.83,2026-01-01 00:26:06
ev1,27.65,-E35,5211.36,-E28,218.36,evehicle,98.86,2026-01-01 00:26:06.500000
ev1,19.55,:J42_2,5211.36,-E28,218.36,evehicle,98.89,2026-01-01 00:26:07
ev1,22.18,:J42_21,5211.36,-E28,218.36,evehicle,98.86,2026-01-01 00:26:07.500000
ev1,26.42,:J42_21,5211.36,-E28,218.36,evehicle,98.86,2026-01-01 00:26:08
ev1,28.8,:J42_21,5211.36,-E28,218.36,evehicle,98.86,2026-01-01 00:26:08.500000
ev1,32.0,:J42_21,5211.36,-E28,218.36,evehicle,98.83,2026-01-01 00:26:09
ev1,32.65,E134,5233.81,-E28,195.91,evehicle,98.83,2026-01-01 00:26:09.500000
ev1,35.06,E134,5238.68,-E28,191.04,evehicle,98.83,2026-01-01 00:26:10
ev1,37.4,E134,5243.87,-E28,185.85,evehicle,98.8,2026-01-01 00:26:10.500000
ev1,41.15,E134,5249.59,-E28,180.13,evehicle,98.8,2026-01-01 00:26:11
ev1,45.54,E134,5255.91,-E28,173.81,evehicle,98.77,2026-01-01 00:26:11.500000
ev1,46.37,:J43_1,5255.91,-E28,173.81,evehicle,98.77,2026-01-01 00:26:12
ev1,46.15,:J43_1,5255.91,-E28,173.81,evehicle,98.77,2026-01-01 00:26:12.500000
ev1,45.4,:J43_1,5255.91,-E28,173.81,evehicle,98.77,2026-01-01 00:26:13
ev1,46.8,:J43_1,5255.91,-E28,173.81,evehicle,98.74,2026-01-01 00:26:13.500000
ev1,47.12,-E119,5288.12,-E28,141.6,evehicle,98.74,2026-01-01 00:26:14
ev1,46.04,-E119,5294.52,-E28,135.2,evehicle,98.74,2026-01-01 00:26:14.500000
ev1,44.96,-E119,5300.76,-E28,128.96,evehicle,98.74,2026-01-01 00:26:15
ev1,43.85,-E119,5306.85,-E28,122.87,evehicle,98.77,2026-01-01 00:26:15.500000
ev1,42.77,-E119,5312.79,-E28,116.93,evehicle,98.77,2026-01-01 00:26:16
ev1,36.07,-E119,5317.8,-E28,111.92,evehicle,98.8,2026-01-01 00:26:16.500000
ev1,27.97,-E119,5321.69,-E28,108.03,evehicle,98.83,2026-01-01 00:26:17
ev1,19.87,-E119,5324.45,-E28,105.27,evehicle,98.83,2026-01-01 00:26:17.500000
ev1,11.77,-E119,5326.09,-E28,103.63,evehicle,98.86,2026-01-01 00:26:18
ev1,3.67,-E119,5326.6,-E28,103.12,evehicle,98.86,2026-01-01 00:26:18.500000
ev1,0.0,-E119,5326.6,-E28,103.12,evehicle,98.86,2026-01-01 00:26:19
ev1,0.0,-E119,5326.6,-E28,103.12,evehicle,98.86,2026-01-01 00:26:19.500000
ev1,0.0,-E119,5326.6,-E28,103.12,evehicle,98.86,2026-01-01 00:26:20
ev1,0.0,-E119,5326.6,-E28,103.12,evehicle,98.86,2026-01-01 00:26:20.500000
ev1,0.0,-E119,5326.6,-E28,103.12,evehicle,98.86,2026-01-01 00:26:21
ev1,0.0,-E119,5326.6,-E28,103.12,evehicle,98.86,2026-01-01 00:26:21.500000
ev1,0.0,-E119,5326.6,-E28,103.12,evehicle,98.86,2026-01-01 00:26:22
ev1,0.0,-E119,5326.6,-E28,103.12,evehicle,98.86,2026-01-01 00:26:22.500000
ev1,0.0,-E119,5326.6,-E28,103.12,evehicle,98.86,2026-01-01 00:26:23
ev1,0.0,-E119,5326.6,-E28,103.12,evehicle,98.86,2026-01-01 00:26:23.500000
ev1,0.0,-E119,5326.6,-E28,103.12,evehicle,98.86,2026-01-01 00:26:24
ev1,0.0,-E119,5326.6,-E28,103.12,evehicle,98.86,2026-01-01 00:26:24.500000
ev1,0.0,-E119,5326.6,-E28,103.12,evehicle,98.86,2026-01-01 00:26:25
ev1,0.0,-E119,5326.6,-E28,103.12,evehicle,98.86,2026-01-01 00:26:25.500000
ev1,0.0,-E119,5326.6,-E28,103.12,evehicle,98.86,2026-01-01 00:26:26
ev1,0.0,-E119,5326.6,-E28,103.12,evehicle,98.86,2026-01-01 00:26:26.500000
ev1,0.0,-E119,5326.6,-E28,103.12,evehicle,98.86,2026-01-01 00:26:27
ev1,0.0,-E119,5326.6,-E28,103.12,evehicle,98.86,2026-01-01 00:26:27.500000
ev1,0.0,-E119,5326.6,-E28,103.12,evehicle,98.86,2026-01-01 00:26:28
ev1,0.0,-E119,5326.6,-E28,103.12,evehicle,98.86,2026-01-01 00:26:28.500000
ev1,0.0,-E119,5326.6,-E28,103.12,evehicle,98.86,2026-01-01 00:26:29
ev1,0.0,-E119,5326.6,-E28,103.12,evehicle,98.86,2026-01-01 00:26:29.500000
ev1,0.0,-E119,5326.6,-E28,103.12,evehicle,98.86,2026-01-01 00:26:30
ev1,0.0,-E119,5326.6,-E28,103.12,evehicle,98.86,2026-01-01 00:26:30.500000
ev1,0.0,-E119,5326.6,-E28,103.12,evehicle,98.86,2026-01-01 00:26:31
ev1,0.0,-E119,5326.6,-E28,103.12,evehicle,98.86,2026-01-01 00:26:31.500000
ev1,0.0,-E119,5326.6,-E28,103.12,evehicle,98.86,2026-01-01 00:26:32
ev1,0.0,-E119,5326.6,-E28,103.12,evehicle,98.86,2026-01-01 00:26:32.500000
ev1,0.0,-E119,5326.6,-E28,103.12,evehicle,98.86,2026-01-01 00:26:33
ev1,3.96,-E119,5327.15,-E28,102.57,evehicle,98.86,2026-01-01 00:26:33.500000
ev1,3.96,:J41_5,5327.15,-E28,102.57,evehicle,98.86,2026-01-01 00:26:34
ev1,3.92,:J41_5,5327.15,-E28,102.57,evehicle,98.86,2026-01-01 00:26:34.500000
ev1,3.92,:J41_5,5327.15,-E28,102.57,evehicle,98.86,2026-01-01 00:26:35
ev1,3.92,:J41_5,5327.15,-E28,102.57,evehicle,98.86,2026-01-01 00:26:35.500000
ev1,3.89,:J41_5,5327.15,-E28,102.57,evehicle,98.86,2026-01-01 00:26:36
ev1,3.89,:J41_5,5327.15,-E28,102.57,evehicle,98.86,2026-01-01 00:26:36.500000
ev1,3.89,:J41_5,5327.15,-E28,102.57,evehicle,98.86,2026-01-01 00:26:37
ev1,3.89,:J41_5,5327.15,-E28,102.57,evehicle,98.86,2026-01-01 00:26:37.500000
ev1,3.85,:J41_5,5327.15,-E28,102.57,evehicle,98.86,2026-01-01 00:26:38
ev1,3.85,:J41_5,5327.15,-E28,102.57,evehicle,98.86,2026-01-01 00:26:38.500000
ev1,3.85,:J41_5,5327.15,-E28,102.57,evehicle,98.86,2026-01-01 00:26:39
ev1,3.82,:J41_5,5327.15,-E28,102.57,evehicle,98.86,2026-01-01 00:26:39.500000
ev1,3.82,:J41_5,5327.15,-E28,102.57,evehicle,98.86,2026-01-01 00:26:40
ev1,3.82,:J41_5,5327.15,-E28,102.57,evehicle,98.86,2026-01-01 00:26:40.500000
ev1,3.82,:J41_5,5327.15,-E28,102.57,evehicle,98.86,2026-01-01 00:26:41
ev1,3.78,:J41_5,5327.15,-E28,102.57,evehicle,98.86,2026-01-01 00:26:41.500000
ev1,3.78,:J41_5,5327.15,-E28,102.57,evehicle,98.86,2026-01-01 00:26:42
ev1,3.78,:J41_5,5327.15,-E28,102.57,evehicle,98.86,2026-01-01 00:26:42.500000
ev1,3.78,:J41_5,5327.15,-E28,102.57,evehicle,98.86,2026-01-01 00:26:43
ev1,3.74,:J41_5,5327.15,-E28,102.57,evehicle,98.86,2026-01-01 00:26:43.500000
ev1,3.74,:J41_5,5327.15,-E28,102.57,evehicle,98.86,2026-01-01 00:26:44
ev1,3.74,:J41_5,5327.15,-E28,102.57,evehicle,98.86,2026-01-01 00:26:44.500000
ev1,3.71,:J41_5,5327.15,-E28,102.57,evehicle,98.86,2026-01-01 00:26:45
ev1,3.71,:J41_5,5327.15,-E28,102.57,evehicle,98.86,2026-01-01 00:26:45.500000
ev1,3.71,:J41_5,5327.15,-E28,102.57,evehicle,98.86,2026-01-01 00:26:46
ev1,3.71,:J41_5,5327.15,-E28,102.57,evehicle,98.86,2026-01-01 00:26:46.500000
ev1,3.67,:J41_5,5327.15,-E28,102.57,evehicle,98.86,2026-01-01 00:26:47
ev1,3.67,:J41_5,5327.15,-E28,102.57,evehicle,98.86,2026-01-01 00:26:47.500000
ev1,3.67,:J41_5,5327.15,-E28,102.57,evehicle,98.86,2026-01-01 00:26:48
ev1,3.67,:J41_5,5327.15,-E28,102.57,evehicle,98.86,2026-01-01 00:26:48.500000
ev1,3.64,:J41_5,5327.15,-E28,102.57,evehicle,98.86,2026-01-01 00:26:49
ev1,3.64,:J41_5,5327.15,-E28,102.57,evehicle,98.86,2026-01-01 00:26:49.500000
ev1,3.64,:J41_5,5327.15,-E28,102.57,evehicle,98.86,2026-01-01 00:26:50
ev1,3.64,:J41_5,5327.15,-E28,102.57,evehicle,98.86,2026-01-01 00:26:50.500000
ev1,3.6,:J41_5,5327.15,-E28,102.57,evehicle,98.86,2026-01-01 00:26:51
ev1,3.6,:J41_5,5327.15,-E28,102.57,evehicle,98.86,2026-01-01 00:26:51.500000
ev1,3.6,:J41_5,5327.15,-E28,102.57,evehicle,98.86,2026-01-01 00:26:52
ev1,3.6,:J41_5,5327.15,-E28,102.57,evehicle,98.86,2026-01-01 00:26:52.500000
ev1,3.56,-E31,5347.5,-E28,82.22,evehicle,98.86,2026-01-01 00:26:53
ev1,3.56,-E31,5347.99,-E28,81.73,evehicle,98.86,2026-01-01 00:26:53.500000
ev1,3.56,-E31,5348.49,-E28,81.23,evehicle,98.86,2026-01-01 00:26:54
ev1,3.56,-E31,5348.98,-E28,80.74,evehicle,98.86,2026-01-01 00:26:54.500000
ev1,3.53,-E31,5349.47,-E28,80.25,evehicle,98.86,2026-01-01 00:26:55
ev1,3.53,-E31,5349.96,-E28,79.76,evehicle,98.86,2026-01-01 00:26:55.500000
ev1,3.53,-E31,5350.45,-E28,79.27,evehicle,98.86,2026-01-01 00:26:56
ev1,3.49,-E31,5350.94,-E28,78.78,evehicle,98.86,2026-01-01 00:26:56.500000
ev1,3.49,-E31,5351.42,-E28,78.3,evehicle,98.86,2026-01-01 00:26:57
ev1,3.49,-E31,5351.91,-E28,77.81,evehicle,98.86,2026-01-01 00:26:57.500000
ev1,3.46,-E31,5352.39,-E28,77.33,evehicle,98.86,2026-01-01 00:26:58
ev1,3.46,-E31,5352.87,-E28,76.85,evehicle,98.86,2026-01-01 00:26:58.500000
ev1,3.46,-E31,5353.35,-E28,76.37,evehicle,98.86,2026-01-01 00:26:59
ev1,3.46,-E31,5353.83,-E28,75.89,evehicle,98.86,2026-01-01 00:26:59.500000
ev1,3.42,-E31,5354.3,-E28,75.42,evehicle,98.86,2026-01-01 00:27:00
ev1,3.42,-E31,5354.78,-E28,74.94,evehicle,98.86,2026-01-01 00:27:00.500000
ev1,3.42,-E31,5355.25,-E28,74.47,evehicle,98.86,2026-01-01 00:27:01
ev1,3.38,-E31,5355.72,-E28,74.0,evehicle,98.86,2026-01-01 00:27:01.500000
ev1,3.38,-E31,5356.19,-E28,73.53,evehicle,98.86,2026-01-01 00:27:02
ev1,3.38,-E31,5356.66,-E28,73.06,evehicle,98.86,2026-01-01 00:27:02.500000
ev1,3.35,-E31,5357.13,-E28,72.59,evehicle,98.86,2026-01-01 00:27:03
ev1,3.35,-E31,5357.59,-E28,72.13,evehicle,98.86,2026-01-01 00:27:03.500000
ev1,3.35,-E31,5358.06,-E28,71.66,evehicle,98.86,2026-01-01 00:27:04
ev1,3.35,-E31,5358.52,-E28,71.2,evehicle,98.86,2026-01-01 00:27:04.500000
ev1,3.31,-E31,5358.98,-E28,70.74,evehicle,98.86,2026-01-01 00:27:05
ev1,3.31,-E31,5359.44,-E28,70.28,evehicle,98.86,2026-01-01 00:27:05.500000
ev1,3.31,-E31,5359.9,-E28,69.82,evehicle,98.86,2026-01-01 00:27:06
ev1,3.28,-E31,5360.36,-E28,69.36,evehicle,98.86,2026-01-01 00:27:06.500000
ev1,3.28,-E31,5360.81,-E28,68.91,evehicle,98.86,2026-01-01 00:27:07
ev1,3.28,-E31,5361.27,-E28,68.45,evehicle,98.86,2026-01-01 00:27:07.500000
ev1,3.24,-E31,5361.72,-E28,68.0,evehicle,98.86,2026-01-01 00:27:08
ev1,3.24,-E31,5362.17,-E28,67.55,evehicle,98.86,2026-01-01 00:27:08.500000
ev1,3.24,-E31,5362.62,-E28,67.1,evehicle,98.86,2026-01-01 00:27:09
ev1,3.24,-E31,5363.07,-E28,66.65,evehicle,98.86,2026-01-01 00:27:09.500000
ev1,3.2,-E31,5363.51,-E28,66.21,evehicle,98.86,2026-01-01 00:27:10
ev1,3.2,-E31,5363.96,-E28,65.76,evehicle,98.86,2026-01-01 00:27:10.500000
ev1,3.2,-E31,5364.4,-E28,65.32,evehicle,98.86,2026-01-01 00:27:11
ev1,3.17,-E31,5364.84,-E28,64.88,evehicle,98.86,2026-01-01 00:27:11.500000
ev1,3.17,-E31,5365.28,-E28,64.44,evehicle,98.86,2026-01-01 00:27:12
ev1,3.17,-E31,5365.72,-E28,64.0,evehicle,98.86,2026-01-01 00:27:12.500000
ev1,3.13,-E31,5366.16,-E28,63.56,evehicle,98.86,2026-01-01 00:27:13
ev1,3.13,-E31,5366.59,-E28,63.13,evehicle,98.86,2026-01-01 00:27:13.500000
ev1,3.13,-E31,5367.03,-E28,62.69,evehicle,98.86,2026-01-01 00:27:14
ev1,3.13,-E31,5367.46,-E28,62.26,evehicle,98.86,2026-01-01 00:27:14.500000
ev1,3.1,-E31,5367.89,-E28,61.83,evehicle,98.86,2026-01-01 00:27:15
ev1,3.1,-E31,5368.32,-E28,61.4,evehicle,98.86,2026-01-01 00:27:15.500000
ev1,3.1,-E31,5368.75,-E28,60.97,evehicle,98.86,2026-01-01 00:27:16
ev1,3.06,-E31,5369.18,-E28,60.54,evehicle,98.86,2026-01-01 00:27:16.500000
ev1,3.06,-E31,5369.6,-E28,60.12,evehicle,98.86,2026-01-01 00:27:17
ev1,3.06,-E31,5370.02,-E28,59.7,evehicle,98.86,2026-01-01 00:27:17.500000
ev1,3.02,-E31,5370.45,-E28,59.27,evehicle,98.86,2026-01-01 00:27:18
ev1,3.02,-E31,5370.87,-E28,58.85,evehicle,98.86,2026-01-01 00:27:18.500000
ev1,3.02,-E31,5371.29,-E28,58.43,evehicle,98.86,2026-01-01 00:27:19
ev1,3.02,-E31,5371.7,-E28,58.02,evehicle,98.86,2026-01-01 00:27:19.500000
ev1,2.99,-E31,5372.12,-E28,57.6,evehicle,98.86,2026-01-01 00:27:20
ev1,2.99,-E31,5372.53,-E28,57.19,evehicle,98.86,2026-01-01 00:27:20.500000
ev1,2.99,-E31,5372.95,-E28,56.77,evehicle,98.86,2026-01-01 00:27:21
ev1,2.95,-E31,5373.36,-E28,56.36,evehicle,98.86,2026-01-01 00:27:21.500000
ev1,2.95,-E31,5373.77,-E28,55.95,evehicle,98.86,2026-01-01 00:27:22
ev1,2.95,-E31,5374.18,-E28,55.54,evehicle,98.86,2026-01-01 00:27:22.500000
ev1,2.92,-E31,5374.59,-E28,55.13,evehicle,98.86,2026-01-01 00:27:23
ev1,2.92,-E31,5374.99,-E28,54.73,evehicle,98.86,2026-01-01 00:27:23.500000
ev1,2.92,-E31,5375.39,-E28,54.33,evehicle,98.86,2026-01-01 00:27:24
ev1,2.92,-E31,5375.8,-E28,53.92,evehicle,98.86,2026-01-01 00:27:24.500000
ev1,2.88,-E31,5376.2,-E28,53.52,evehicle,98.86,2026-01-01 00:27:25
ev1,2.88,-E31,5376.6,-E28,53.12,evehicle,98.86,2026-01-01 00:27:25.500000
ev1,2.88,-E31,5377.0,-E28,52.72,evehicle,98.86,2026-01-01 00:27:26
ev1,2.84,-E31,5377.39,-E28,52.33,evehicle,98.86,2026-01-01 00:27:26.500000
ev1,2.84,-E31,5377.79,-E28,51.93,evehicle,98.86,2026-01-01 00:27:27
ev1,2.84,-E31,5378.18,-E28,51.54,evehicle,98.86,2026-01-01 00:27:27.500000
ev1,2.81,-E31,5378.57,-E28,51.15,evehicle,98.86,2026-01-01 00:27:28
ev1,2.81,-E31,5378.96,-E28,50.76,evehicle,98.86,2026-01-01 00:27:28.500000
ev1,2.81,-E31,5379.35,-E28,50.37,evehicle,98.86,2026-01-01 00:27:29
ev1,2.81,:J38_3,5379.35,-E28,50.37,evehicle,98.86,2026-01-01 00:27:29.500000
ev1,2.77,:J38_3,5379.35,-E28,50.37,evehicle,98.86,2026-01-01 00:27:30
ev1,2.77,:J38_3,5379.35,-E28,50.37,evehicle,98.86,2026-01-01 00:27:30.500000
ev1,2.77,:J38_3,5379.35,-E28,50.37,evehicle,98.86,2026-01-01 00:27:31
ev1,2.74,:J38_3,5379.35,-E28,50.37,evehicle,98.86,2026-01-01 00:27:31.500000
ev1,2.74,:J38_3,5379.35,-E28,50.37,evehicle,98.86,2026-01-01 00:27:32
ev1,2.74,:J38_3,5379.35,-E28,50.37,evehicle,98.86,2026-01-01 00:27:32.500000
ev1,2.7,:J38_3,5379.35,-E28,50.37,evehicle,98.86,2026-01-01 00:27:33
ev1,2.7,:J38_3,5379.35,-E28,50.37,evehicle,98.86,2026-01-01 00:27:33.500000
ev1,2.7,:J38_3,5379.35,-E28,50.37,evehicle,98.86,2026-01-01 00:27:34
ev1,2.7,:J38_3,5379.35,-E28,50.37,evehicle,98.86,2026-01-01 00:27:34.500000
ev1,2.66,:J38_3,5379.35,-E28,50.37,evehicle,98.86,2026-01-01 00:27:35
ev1,2.66,:J38_3,5379.35,-E28,50.37,evehicle,98.86,2026-01-01 00:27:35.500000
ev1,2.66,:J38_3,5379.35,-E28,50.37,evehicle,98.86,2026-01-01 00:27:36
ev1,2.66,:J38_3,5379.35,-E28,50.37,evehicle,98.86,2026-01-01 00:27:36.500000
ev1,2.63,:J38_3,5379.35,-E28,50.37,evehicle,98.86,2026-01-01 00:27:37
ev1,2.63,:J38_3,5379.35,-E28,50.37,evehicle,98.86,2026-01-01 00:27:37.500000
ev1,2.63,:J38_3,5379.35,-E28,50.37,evehicle,98.86,2026-01-01 00:27:38
ev1,2.59,:J38_3,5379.35,-E28,50.37,evehicle,98.86,2026-01-01 00:27:38.500000
ev1,2.59,:J38_3,5379.35,-E28,50.37,evehicle,98.86,2026-01-01 00:27:39
ev1,2.59,:J38_3,5379.35,-E28,50.37,evehicle,98.86,2026-01-01 00:27:39.500000
ev1,2.59,:J38_3,5379.35,-E28,50.37,evehicle,98.86,2026-01-01 00:27:40
ev1,2.56,:J38_3,5379.35,-E28,50.37,evehicle,98.86,2026-01-01 00:27:40.500000
ev1,2.56,:J38_3,5379.35,-E28,50.37,evehicle,98.86,2026-01-01 00:27:41
ev1,2.56,:J38_3,5379.35,-E28,50.37,evehicle,98.86,2026-01-01 00:27:41.500000
ev1,2.56,:J38_3,5379.35,-E28,50.37,evehicle,98.86,2026-01-01 00:27:42
ev1,2.52,:J38_3,5379.35,-E28,50.37,evehicle,98.86,2026-01-01 00:27:42.500000
ev1,2.52,:J38_3,5379.35,-E28,50.37,evehicle,98.86,2026-01-01 00:27:43
ev1,2.52,:J38_3,5379.35,-E28,50.37,evehicle,98.86,2026-01-01 00:27:43.500000
ev1,2.52,:J38_3,5379.35,-E28,50.37,evehicle,98.86,2026-01-01 00:27:44
ev1,2.48,:J38_3,5379.35,-E28,50.37,evehicle,98.86,2026-01-01 00:27:44.500000
ev1,2.48,:J38_3,5379.35,-E28,50.37,evehicle,98.86,2026-01-01 00:27:45
ev1,2.48,:J38_3,5379.35,-E28,50.37,evehicle,98.86,2026-01-01 00:27:45.500000
ev1,2.48,:J38_3,5379.35,-E28,50.37,evehicle,98.86,2026-01-01 00:27:46
ev1,2.48,:J38_3,5379.35,-E28,50.37,evehicle,98.86,2026-01-01 00:27:46.500000
ev1,2.45,:J38_3,5379.35,-E28,50.37,evehicle,98.86,2026-01-01 00:27:47
ev1,2.45,:J38_3,5379.35,-E28,50.37,evehicle,98.86,2026-01-01 00:27:47.500000
ev1,2.45,:J38_3,5379.35,-E28,50.37,evehicle,98.86,2026-01-01 00:27:48
ev1,2.45,:J38_3,5379.35,-E28,50.37,evehicle,98.86,2026-01-01 00:27:48.500000
ev1,2.41,:J38_3,5379.35,-E28,50.37,evehicle,98.86,2026-01-01 00:27:49
ev1,2.41,-E28,5394.13,-E28,35.59,evehicle,98.86,2026-01-01 00:27:49.500000
ev1,2.41,-E28,5394.46,-E28,35.26,evehicle,98.86,2026-01-01 00:27:50
ev1,2.41,-E28,5394.8,-E28,34.92,evehicle,98.86,2026-01-01 00:27:50.500000
ev1,2.38,-E28,5395.13,-E28,34.59,evehicle,98.86,2026-01-01 00:27:51
ev1,2.38,-E28,5395.46,-E28,34.26,evehicle,98.86,2026-01-01 00:27:51.500000
ev1,2.38,-E28,5395.78,-E28,33.94,evehicle,98.86,2026-01-01 00:27:52
ev1,2.34,-E28,5396.11,-E28,33.61,evehicle,98.86,2026-01-01 00:27:52.500000
ev1,2.34,-E28,5396.43,-E28,33.29,evehicle,98.86,2026-01-01 00:27:53
ev1,2.34,-E28,5396.76,-E28,32.96,evehicle,98.86,2026-01-01 00:27:53.500000
ev1,2.3,-E28,5397.08,-E28,32.64,evehicle,98.86,2026-01-01 00:27:54
ev1,2.3,-E28,5397.4,-E28,32.32,evehicle,98.86,2026-01-01 00:27:54.500000
ev1,2.3,-E28,5397.72,-E28,32.0,evehicle,98.86,2026-01-01 00:27:55
ev1,2.27,-E28,5398.03,-E28,31.69,evehicle,98.86,2026-01-01 00:27:55.500000
ev1,2.27,-E28,5398.35,-E28,31.37,evehicle,98.86,2026-01-01 00:27:56
ev1,2.27,-E28,5398.66,-E28,31.06,evehicle,98.86,2026-01-01 00:27:56.500000
ev1,2.23,-E28,5398.97,-E28,30.75,evehicle,98.86,2026-01-01 00:27:57
ev1,2.23,-E28,5399.28,-E28,30.44,evehicle,98.86,2026-01-01 00:27:57.500000
ev1,2.23,-E28,5399.59,-E28,30.13,evehicle,98.83,2026-01-01 00:27:58
ev1,2.2,-E28,5399.9,-E28,29.82,evehicle,98.83,2026-01-01 00:27:58.500000
ev1,2.2,-E28,5400.21,-E28,29.51,evehicle,98.83,2026-01-01 00:27:59
ev1,2.2,-E28,5400.51,-E28,29.21,evehicle,98.83,2026-01-01 00:27:59.500000
ev1,2.16,-E28,5400.81,-E28,28.91,evehicle,98.83,2026-01-01 00:28:00
ev1,2.16,-E28,5401.11,-E28,28.61,evehicle,98.83,2026-01-01 00:28:00.500000
ev1,2.16,-E28,5401.41,-E28,28.31,evehicle,98.83,2026-01-01 00:28:01
ev1,2.16,-E28,5401.71,-E28,28.01,evehicle,98.83,2026-01-01 00:28:01.500000
ev1,2.12,-E28,5402.01,-E28,27.71,evehicle,98.83,2026-01-01 00:28:02
ev1,2.12,-E28,5402.3,-E28,27.42,evehicle,98.83,2026-01-01 00:28:02.500000
ev1,2.12,-E28,5402.59,-E28,27.13,evehicle,98.83,2026-01-01 00:28:03
ev1,2.09,-E28,5402.89,-E28,26.83,evehicle,98.83,2026-01-01 00:28:03.500000
ev1,2.09,-E28,5403.18,-E28,26.54,evehicle,98.83,2026-01-01 00:28:04
ev1,2.09,-E28,5403.46,-E28,26.26,evehicle,98.83,2026-01-01 00:28:04.500000
ev1,2.05,-E28,5403.75,-E28,25.97,evehicle,98.83,2026-01-01 00:28:05
ev1,2.05,-E28,5404.04,-E28,25.68,evehicle,98.83,2026-01-01 00:28:05.500000
ev1,2.05,-E28,5404.32,-E28,25.4,evehicle,98.83,2026-01-01 00:28:06
ev1,2.02,-E28,5404.6,-E28,25.12,evehicle,98.83,2026-01-01 00:28:06.500000
ev1,2.02,-E28,5404.88,-E28,24.84,evehicle,98.83,2026-01-01 00:28:07
ev1,2.02,-E28,5405.16,-E28,24.56,evehicle,98.83,2026-01-01 00:28:07.500000
ev1,1.98,-E28,5405.44,-E28,24.28,evehicle,98.83,2026-01-01 00:28:08
ev1,1.98,-E28,5405.71,-E28,24.01,evehicle,98.83,2026-01-01 00:28:08.500000
ev1,1.98,-E28,5405.99,-E28,23.73,evehicle,98.83,2026-01-01 00:28:09
ev1,1.94,-E28,5406.26,-E28,23.46,evehicle,98.83,2026-01-01 00:28:09.500000
ev1,1.94,-E28,5406.53,-E28,23.19,evehicle,98.83,2026-01-01 00:28:10
ev1,1.94,-E28,5406.8,-E28,22.92,evehicle,98.83,2026-01-01 00:28:10.500000
ev1,1.94,-E28,5407.07,-E28,22.65,evehicle,98.83,2026-01-01 00:28:11
ev1,1.91,-E28,5407.33,-E28,22.39,evehicle,98.83,2026-01-01 00:28:11.500000
ev1,1.91,-E28,5407.6,-E28,22.12,evehicle,98.83,2026-01-01 00:28:12
ev1,1.91,-E28,5407.86,-E28,21.86,evehicle,98.83,2026-01-01 00:28:12.500000
ev1,1.87,-E28,5408.12,-E28,21.6,evehicle,98.83,2026-01-01 00:28:13
ev1,1.87,-E28,5408.38,-E28,21.34,evehicle,98.83,2026-01-01 00:28:13.500000
ev1,1.87,-E28,5408.64,-E28,21.08,evehicle,98.83,2026-01-01 00:28:14
ev1,1.84,-E28,5408.9,-E28,20.82,evehicle,98.83,2026-01-01 00:28:14.500000
ev1,1.84,-E28,5409.15,-E28,20.57,evehicle,98.83,2026-01-01 00:28:15
ev1,1.84,-E28,5409.4,-E28,20.32,evehicle,98.83,2026-01-01 00:28:15.500000
ev1,1.8,-E28,5409.66,-E28,20.06,evehicle,98.83,2026-01-01 00:28:16
ev1,1.8,-E28,5409.91,-E28,19.81,evehicle,98.83,2026-01-01 00:28:16.500000
ev1,1.8,-E28,5410.15,-E28,19.57,evehicle,98.83,2026-01-01 00:28:17
ev1,1.76,-E28,5410.4,-E28,19.32,evehicle,98.83,2026-01-01 00:28:17.500000
ev1,1.76,-E28,5410.65,-E28,19.07,evehicle,98.83,2026-01-01 00:28:18
ev1,1.76,-E28,5410.89,-E28,18.83,evehicle,98.83,2026-01-01 00:28:18.500000
ev1,1.73,-E28,5411.13,-E28,18.59,evehicle,98.83,2026-01-01 00:28:19
ev1,1.73,-E28,5411.37,-E28,18.35,evehicle,98.83,2026-01-01 00:28:19.500000
ev1,1.73,-E28,5411.61,-E28,18.11,evehicle,98.83,2026-01-01 00:28:20
ev1,1.73,-E28,5411.85,-E28,17.87,evehicle,98.83,2026-01-01 00:28:20.500000
ev1,1.69,-E28,5412.09,-E28,17.63,evehicle,98.83,2026-01-01 00:28:21
ev1,1.69,-E28,5412.32,-E28,17.4,evehicle,98.83,2026-01-01 00:28:21.500000
ev1,1.69,-E28,5412.55,-E28,17.17,evehicle,98.83,2026-01-01 00:28:22
ev1,1.66,-E28,5412.79,-E28,16.93,evehicle,98.83,2026-01-01 00:28:22.500000
ev1,1.66,-E28,5413.02,-E28,16.7,evehicle,98.83,2026-01-01 00:28:23
ev1,1.66,-E28,5413.24,-E28,16.48,evehicle,98.83,2026-01-01 00:28:23.500000
ev1,1.62,-E28,5413.47,-E28,16.25,evehicle,98.83,2026-01-01 00:28:24
ev1,1.62,-E28,5413.7,-E28,16.02,evehicle,98.83,2026-01-01 00:28:24.500000
ev1,1.62,-E28,5413.92,-E28,15.8,evehicle,98.83,2026-01-01 00:28:25
ev1,1.58,-E28,5414.14,-E28,15.58,evehicle,98.83,2026-01-01 00:28:25.500000
ev1,1.58,-E28,5414.36,-E28,15.36,evehicle,98.83,2026-01-01 00:28:26
ev1,1.58,-E28,5414.58,-E28,15.14,evehicle,98.83,2026-01-01 00:28:26.500000
ev1,1.55,-E28,5414.8,-E28,14.92,evehicle,98.83,2026-01-01 00:28:27
ev1,1.55,-E28,5415.01,-E28,14.71,evehicle,98.83,2026-01-01 00:28:27.500000
ev1,1.55,-E28,5415.23,-E28,14.49,evehicle,98.83,2026-01-01 00:28:28
ev1,1.51,-E28,5415.44,-E28,14.28,evehicle,98.83,2026-01-01 00:28:28.500000
ev1,1.51,-E28,5415.65,-E28,14.07,evehicle,98.83,2026-01-01 00:28:29
ev1,1.51,-E28,5415.86,-E28,13.86,evehicle,98.83,2026-01-01 00:28:29.500000
ev1,1.51,-E28,5416.07,-E28,13.65,evehicle,98.83,2026-01-01 00:28:30
ev1,1.48,-E28,5416.27,-E28,13.45,evehicle,98.83,2026-01-01 00:28:30.500000
ev1,1.48,-E28,5416.48,-E28,13.24,evehicle,98.83,2026-01-01 00:28:31
ev1,1.48,-E28,5416.68,-E28,13.04,evehicle,98.83,2026-01-01 00:28:31.500000
ev1,1.44,-E28,5416.88,-E28,12.84,evehicle,98.83,2026-01-01 00:28:32
ev1,1.44,-E28,5417.08,-E28,12.64,evehicle,98.83,2026-01-01 00:28:32.500000
ev1,1.44,-E28,5417.28,-E28,12.44,evehicle,98.83,2026-01-01 00:28:33
ev1,1.4,-E28,5417.47,-E28,12.25,evehicle,98.83,2026-01-01 00:28:33.500000
ev1,1.4,-E28,5417.67,-E28,12.05,evehicle,98.83,2026-01-01 00:28:34
ev1,1.4,-E28,5417.86,-E28,11.86,evehicle,98.83,2026-01-01 00:28:34.500000
ev1,1.37,-E28,5418.06,-E28,11.66,evehicle,98.83,2026-01-01 00:28:35
ev1,1.37,-E28,5418.25,-E28,11.47,evehicle,98.83,2026-01-01 00:28:35.500000
ev1,1.37,-E28,5418.43,-E28,11.29,evehicle,98.83,2026-01-01 00:28:36
ev1,1.33,-E28,5418.62,-E28,11.1,evehicle,98.83,2026-01-01 00:28:36.500000
ev1,1.33,-E28,5418.81,-E28,10.91,evehicle,98.83,2026-01-01 00:28:37
ev1,1.33,-E28,5418.99,-E28,10.73,evehicle,98.83,2026-01-01 00:28:37.500000
ev1,1.3,-E28,5419.17,-E28,10.55,evehicle,98.83,2026-01-01 00:28:38
ev1,1.3,-E28,5419.35,-E28,10.37,evehicle,98.83,2026-01-01 00:28:38.500000
ev1,1.3,-E28,5419.53,-E28,10.19,evehicle,98.83,2026-01-01 00:28:39
ev1,1.3,-E28,5419.71,-E28,10.01,evehicle,98.83,2026-01-01 00:28:39.500000
ev1,1.26,-E28,5419.89,-E28,9.83,evehicle,98.83,2026-01-01 00:28:40
ev1,0.0,-E28,5419.89,-E214,624.29,evehicle,98.83,2026-01-01 00:28:40.500000
ev1,0.0,-E28,5419.89,-E214,624.29,evehicle,98.83,2026-01-01 00:28:41
ev1,0.0,-E28,5419.89,-E214,624.29,evehicle,98.83,2026-01-01 00:28:41.500000
ev1,0.0,-E28,5419.89,-E214,624.29,evehicle,98.83,2026-01-01 00:28:42
ev1,0.0,-E28,5419.89,-E214,624.29,evehicle,98.83,2026-01-01 00:28:42.500000
ev1,0.0,-E28,5419.89,-E214,624.29,evehicle,98.83,2026-01-01 00:28:43
ev1,0.0,-E28,5419.89,-E214,624.29,evehicle,98.83,2026-01-01 00:28:43.500000
ev1,0.0,-E28,5419.89,-E214,624.29,evehicle,98.83,2026-01-01 00:28:44
ev1,0.0,-E28,5419.89,-E214,624.29,evehicle,98.83,2026-01-01 00:28:44.500000
ev1,0.0,-E28,5419.89,-E214,624.29,evehicle,98.83,2026-01-01 00:28:45
ev1,0.0,-E28,5419.89,-E214,624.29,evehicle,98.83,2026-01-01 00:28:45.500000
ev1,0.0,-E28,5419.89,-E214,624.29,evehicle,98.83,2026-01-01 00:28:46
ev1,0.0,-E28,5419.89,-E214,624.29,evehicle,98.83,2026-01-01 00:28:46.500000
ev1,0.0,-E28,5419.89,-E214,624.29,evehicle,98.83,2026-01-01 00:28:47
ev1,0.0,-E28,5419.89,-E214,624.29,evehicle,98.83,2026-01-01 00:28:47.500000
ev1,0.0,-E28,5419.89,-E214,624.29,evehicle,98.83,2026-01-01 00:28:48
ev1,0.0,-E28,5419.89,-E214,624.29,evehicle,98.83,2026-01-01 00:28:48.500000
ev1,0.0,-E28,5419.89,-E214,624.29,evehicle,98.83,2026-01-01 00:28:49
ev1,0.0,-E28,5419.89,-E214,624.29,evehicle,98.83,2026-01-01 00:28:49.500000
ev1,0.0,-E28,5419.89,-E214,624.29,evehicle,98.83,2026-01-01 00:28:50
ev1,0.0,-E28,5419.89,-E214,624.29,evehicle,98.83,2026-01-01 00:28:50.500000
ev1,0.0,-E28,5419.89,-E214,624.29,evehicle,98.83,2026-01-01 00:28:51
ev1,0.0,-E28,5419.89,-E214,624.29,evehicle,98.83,2026-01-01 00:28:51.500000
ev1,0.0,-E28,5419.89,-E214,624.29,evehicle,98.83,2026-01-01 00:28:52
ev1,0.0,-E28,5419.89,-E214,624.29,evehicle,98.83,2026-01-01 00:28:52.500000
ev1,0.0,-E28,5419.89,-E214,624.29,evehicle,98.83,2026-01-01 00:28:53
ev1,0.0,-E28,5419.89,-E214,624.29,evehicle,98.83,2026-01-01 00:28:53.500000
ev1,0.0,-E28,5419.89,-E214,624.29,evehicle,98.83,2026-01-01 00:28:54
ev1,0.0,-E28,5419.89,-E214,624.29,evehicle,98.83,2026-01-01 00:28:54.500000
ev1,0.0,-E28,5419.89,-E214,624.29,evehicle,98.83,2026-01-01 00:28:55
ev1,0.0,-E28,5419.89,-E214,624.29,evehicle,98.83,2026-01-01 00:28:55.500000
ev1,0.0,-E28,5419.89,-E214,624.29,evehicle,98.83,2026-01-01 00:28:56
ev1,0.0,-E28,5419.89,-E214,624.29,evehicle,98.83,2026-01-01 00:28:56.500000
ev1,0.0,-E28,5419.89,-E214,624.29,evehicle,98.83,2026-01-01 00:28:57
ev1,0.0,-E28,5419.89,-E214,624.29,evehicle,98.83,2026-01-01 00:28:57.500000
ev1,0.0,-E28,5419.89,-E214,624.29,evehicle,98.83,2026-01-01 00:28:58
ev1,0.0,-E28,5419.89,-E214,624.29,evehicle,98.83,2026-01-01 00:28:58.500000
ev1,0.0,-E28,5419.89,-E214,624.29,evehicle,98.83,2026-01-01 00:28:59
ev1,0.0,-E28,5419.89,-E214,624.29,evehicle,98.83,2026-01-01 00:28:59.500000
ev1,0.0,-E28,5419.89,-E214,624.29,evehicle,98.83,2026-01-01 00:29:00
ev1,0.0,-E28,5419.89,-E214,624.29,evehicle,98.83,2026-01-01 00:29:00.500000
ev1,0.0,-E28,5419.89,-E214,624.29,evehicle,98.83,2026-01-01 00:29:01
ev1,0.0,-E28,5419.89,-E214,624.29,evehicle,98.83,2026-01-01 00:29:01.500000
ev1,0.0,-E28,5419.89,-E214,624.29,evehicle,98.83,2026-01-01 00:29:02
ev1,0.0,-E28,5419.89,-E214,624.29,evehicle,98.83,2026-01-01 00:29:02.500000
ev1,0.0,-E28,5419.89,-E214,624.29,evehicle,98.83,2026-01-01 00:29:03
ev1,0.0,-E28,5419.89,-E214,624.29,evehicle,98.83,2026-01-01 00:29:03.500000
ev1,0.0,-E28,5419.89,-E214,624.29,evehicle,98.83,2026-01-01 00:29:04
ev1,0.0,-E28,5419.89,-E214,624.29,evehicle,98.83,2026-01-01 00:29:04.500000
ev1,0.0,-E28,5419.89,-E214,624.29,evehicle,98.83,2026-01-01 00:29:05
ev1,0.0,-E28,5419.89,-E214,624.29,evehicle,98.83,2026-01-01 00:29:05.500000
ev1,0.0,-E28,5419.89,-E214,624.29,evehicle,98.83,2026-01-01 00:29:06
ev1,0.0,-E28,5419.89,-E214,624.29,evehicle,98.83,2026-01-01 00:29:06.500000
ev1,0.0,-E28,5419.89,-E214,624.29,evehicle,98.83,2026-01-01 00:29:07
ev1,0.0,-E28,5419.89,-E214,624.29,evehicle,98.83,2026-01-01 00:29:07.500000
ev1,0.0,-E28,5419.89,-E214,624.29,evehicle,98.83,2026-01-01 00:29:08
ev1,0.0,-E28,5419.89,-E214,624.29,evehicle,98.83,2026-01-01 00:29:08.500000
ev1,0.0,-E28,5419.89,-E214,624.29,evehicle,98.83,2026-01-01 00:29:09
ev1,0.0,-E28,5419.89,-E214,624.29,evehicle,98.83,2026-01-01 00:29:09.500000
ev1,0.0,-E28,5419.89,-E214,624.29,evehicle,98.83,2026-01-01 00:29:10
ev1,0.0,-E28,5419.89,-E214,624.29,evehicle,98.83,2026-01-01 00:29:10.500000
ev1,0.0,-E28,5419.89,-E214,624.29,evehicle,98.83,2026-01-01 00:29:11
ev1,0.0,-E28,5419.89,-E214,624.29,evehicle,98.83,2026-01-01 00:29:11.500000
ev1,0.0,-E28,5419.89,-E214,624.29,evehicle,98.83,2026-01-01 00:29:12
ev1,0.0,-E28,5419.89,-E214,624.29,evehicle,98.83,2026-01-01 00:29:12.500000
ev1,0.0,-E28,5419.89,-E214,624.29,evehicle,98.83,2026-01-01 00:29:13
ev1,0.0,-E28,5419.89,-E214,624.29,evehicle,98.83,2026-01-01 00:29:13.500000
ev1,0.0,-E28,5419.89,-E214,624.29,evehicle,98.83,2026-01-01 00:29:14
ev1,0.0,-E28,5419.89,-E214,624.29,evehicle,98.83,2026-01-01 00:29:14.500000
ev1,0.0,-E28,5419.89,-E214,624.29,evehicle,98.83,2026-01-01 00:29:15
ev1,0.0,-E28,5419.89,-E214,624.29,evehicle,98.83,2026-01-01 00:29:15.500000
ev1,0.0,-E28,5419.89,-E214,624.29,evehicle,98.83,2026-01-01 00:29:16
ev1,0.0,-E28,5419.89,-E214,624.29,evehicle,98.83,2026-01-01 00:29:16.500000
ev1,0.0,-E28,5419.89,-E214,624.29,evehicle,98.83,2026-01-01 00:29:17
ev1,0.0,-E28,5419.89,-E214,624.29,evehicle,98.83,2026-01-01 00:29:17.500000
ev1,0.0,-E28,5419.89,-E214,624.29,evehicle,98.83,2026-01-01 00:29:18
ev1,0.0,-E28,5419.89,-E214,624.29,evehicle,98.83,2026-01-01 00:29:18.500000
ev1,0.0,-E28,5419.89,-E214,624.29,evehicle,98.83,2026-01-01 00:29:19
ev1,0.0,-E28,5419.89,-E214,624.29,evehicle,98.83,2026-01-01 00:29:19.500000
ev1,0.0,-E28,5419.89,-E214,624.29,evehicle,98.83,2026-01-01 00:29:20
ev1,0.0,-E28,5419.89,-E214,624.29,evehicle,98.83,2026-01-01 00:29:20.500000
ev1,0.0,-E28,5419.89,-E214,624.29,evehicle,98.83,2026-01-01 00:29:21
ev1,0.0,-E28,5419.89,-E214,624.29,evehicle,98.83,2026-01-01 00:29:21.500000
ev1,0.0,-E28,5419.89,-E214,624.29,evehicle,98.83,2026-01-01 00:29:22
ev1,0.0,-E28,5419.89,-E214,624.29,evehicle,98.83,2026-01-01 00:29:22.500000
ev1,0.0,-E28,5419.89,-E214,624.29,evehicle,98.83,2026-01-01 00:29:23
ev1,0.0,-E28,5419.89,-E214,624.29,evehicle,98.83,2026-01-01 00:29:23.500000
ev1,0.0,-E28,5419.89,-E214,624.29,evehicle,98.83,2026-01-01 00:29:24
ev1,0.0,-E28,5419.89,-E214,624.29,evehicle,98.83,2026-01-01 00:29:24.500000
ev1,0.0,-E28,5419.89,-E214,624.29,evehicle,98.83,2026-01-01 00:29:25
ev1,0.0,-E28,5419.89,-E214,624.29,evehicle,98.83,2026-01-01 00:29:25.500000
ev1,0.0,-E28,5419.89,-E214,624.29,evehicle,98.83,2026-01-01 00:29:26
ev1,0.0,-E28,5419.89,-E214,624.29,evehicle,98.83,2026-01-01 00:29:26.500000
ev1,0.0,-E28,5419.89,-E214,624.29,evehicle,98.83,2026-01-01 00:29:27
ev1,0.0,-E28,5419.89,-E214,624.29,evehicle,98.83,2026-01-01 00:29:27.500000
ev1,0.0,-E28,5419.89,-E214,624.29,evehicle,98.83,2026-01-01 00:29:28
ev1,0.0,-E28,5419.89,-E214,624.29,evehicle,98.83,2026-01-01 00:29:28.500000
ev1,0.0,-E28,5419.89,-E214,624.29,evehicle,98.83,2026-01-01 00:29:29
ev1,0.0,-E28,5419.89,-E214,624.29,evehicle,98.83,2026-01-01 00:29:29.500000
ev1,0.0,-E28,5419.89,-E214,624.29,evehicle,98.83,2026-01-01 00:29:30
ev1,0.0,-E28,5419.89,-E214,624.29,evehicle,98.83,2026-01-01 00:29:30.500000
ev1,0.0,-E28,5419.89,-E214,624.29,evehicle,98.83,2026-01-01 00:29:31
ev1,0.0,-E28,5419.89,-E214,624.29,evehicle,98.83,2026-01-01 00:29:31.500000
ev1,0.0,-E28,5419.89,-E214,624.29,evehicle,98.83,2026-01-01 00:29:32
ev1,0.0,-E28,5419.89,-E214,624.29,evehicle,98.83,2026-01-01 00:29:32.500000
ev1,0.0,-E28,5419.89,-E214,624.29,evehicle,98.83,2026-01-01 00:29:33
ev1,0.0,-E28,5419.89,-E214,624.29,evehicle,98.83,2026-01-01 00:29:33.500000
ev1,0.0,-E28,5419.89,-E214,624.29,evehicle,98.83,2026-01-01 00:29:34
ev1,0.0,-E28,5419.89,-E214,624.29,evehicle,98.83,2026-01-01 00:29:34.500000
ev1,0.0,-E28,5419.89,-E214,624.29,evehicle,98.83,2026-01-01 00:29:35
ev1,0.0,-E28,5419.89,-E214,624.29,evehicle,98.83,2026-01-01 00:29:35.500000
ev1,0.0,-E28,5419.89,-E214,624.29,evehicle,98.83,2026-01-01 00:29:36
ev1,0.0,-E28,5419.89,-E214,624.29,evehicle,98.83,2026-01-01 00:29:36.500000
ev1,0.0,-E28,5419.89,-E214,624.29,evehicle,98.83,2026-01-01 00:29:37
ev1,0.0,-E28,5419.89,-E214,624.29,evehicle,98.83,2026-01-01 00:29:37.500000
ev1,0.0,-E28,5419.89,-E214,624.29,evehicle,98.83,2026-01-01 00:29:38
ev1,0.0,-E28,5419.89,-E214,624.29,evehicle,98.83,2026-01-01 00:29:38.500000
ev1,0.0,-E28,5419.89,-E214,624.29,evehicle,98.83,2026-01-01 00:29:39
ev1,0.0,-E28,5419.89,-E214,624.29,evehicle,98.83,2026-01-01 00:29:39.500000
ev1,0.0,-E28,5419.89,-E214,624.29,evehicle,98.83,2026-01-01 00:29:40
ev1,0.0,-E28,5419.89,-E214,624.29,evehicle,98.83,2026-01-01 00:29:40.500000
ev1,3.96,-E28,5420.44,-E214,623.74,evehicle,98.83,2026-01-01 00:29:41
ev1,8.24,-E28,5421.58,-E214,622.6,evehicle,98.83,2026-01-01 00:29:41.500000
ev1,11.27,-E28,5423.15,-E214,621.03,evehicle,98.83,2026-01-01 00:29:42
ev1,15.66,-E28,5425.32,-E214,618.86,evehicle,98.83,2026-01-01 00:29:42.500000
ev1,20.3,-E28,5428.14,-E214,616.04,evehicle,98.8,2026-01-01 00:29:43
ev1,24.52,:J30_3,5428.14,-E214,616.04,evehicle,98.8,2026-01-01 00:29:43.500000
ev1,27.58,:J30_3,5428.14,-E214,616.04,evehicle,98.77,2026-01-01 00:29:44
ev1,32.18,:J30_3,5428.14,-E214,616.04,evehicle,98.77,2026-01-01 00:29:44.500000
ev1,35.57,-E19,5444.79,-E214,599.39,evehicle,98.74,2026-01-01 00:29:45
ev1,38.77,-E19,5450.18,-E214,594.0,evehicle,98.74,2026-01-01 00:29:45.500000
ev1,42.77,-E19,5456.12,-E214,588.06,evehicle,98.71,2026-01-01 00:29:46
ev1,46.51,-E19,5462.58,-E214,581.6,evehicle,98.69,2026-01-01 00:29:46.500000
ev1,40.72,-E19,5468.23,-E214,575.95,evehicle,98.71,2026-01-01 00:29:47
ev1,33.41,-E19,5472.87,-E214,571.31,evehicle,98.74,2026-01-01 00:29:47.500000
ev1,25.52,-E19,5476.41,-E214,567.77,evehicle,98.77,2026-01-01 00:29:48
ev1,20.3,:J29_2,5476.41,-E214,567.77,evehicle,98.8,2026-01-01 00:29:48.500000
ev1,21.02,:J29_2,5476.41,-E214,567.77,evehicle,98.8,2026-01-01 00:29:49
ev1,21.49,:J29_2,5476.41,-E214,567.77,evehicle,98.77,2026-01-01 00:29:49.500000
ev1,21.13,-E18,5488.07,-E214,556.11,evehicle,98.77,2026-01-01 00:29:50
ev1,25.16,-E18,5491.57,-E214,552.61,evehicle,98.77,2026-01-01 00:29:50.500000
ev1,29.02,-E18,5495.6,-E214,548.58,evehicle,98.77,2026-01-01 00:29:51
ev1,33.12,-E18,5500.2,-E214,543.98,evehicle,98.74,2026-01-01 00:29:51.500000
ev1,36.22,-E18,5505.22,-E214,538.96,evehicle,98.74,2026-01-01 00:29:52
ev1,40.1,-E18,5510.79,-E214,533.39,evehicle,98.71,2026-01-01 00:29:52.500000
ev1,44.35,-E18,5516.95,-E214,527.23,evehicle,98.69,2026-01-01 00:29:53
ev1,45.29,:J26_9,5516.95,-E214,527.23,evehicle,98.69,2026-01-01 00:29:53.500000
ev1,45.5,:J26_9,5516.95,-E214,527.23,evehicle,98.69,2026-01-01 00:29:54
ev1,45.79,:J26_9,5516.95,-E214,527.23,evehicle,98.69,2026-01-01 00:29:54.500000
ev1,46.76,-E15,5542.42,-E214,501.76,evehicle,98.66,2026-01-01 00:29:55
ev1,46.19,-E15,5548.83,-E214,495.35,evehicle,98.66,2026-01-01 00:29:55.500000
ev1,43.96,-E15,5554.94,-E214,489.24,evehicle,98.69,2026-01-01 00:29:56
ev1,36.32,-E15,5559.98,-E214,484.2,evehicle,98.71,2026-01-01 00:29:56.500000
ev1,29.45,-E15,5564.07,-E214,480.11,evehicle,98.74,2026-01-01 00:29:57
ev1,22.0,-E15,5567.12,-E214,477.06,evehicle,98.77,2026-01-01 00:29:57.500000
ev1,14.0,-E15,5569.07,-E214,475.11,evehicle,98.77,2026-01-01 00:29:58
ev1,6.98,-E15,5570.04,-E214,474.14,evehicle,98.77,2026-01-01 00:29:58.500000
ev1,0.65,-E15,5570.13,-E214,474.05,evehicle,98.77,2026-01-01 00:29:59
ev1,0.11,-E15,5570.15,-E214,474.03,evehicle,98.77,2026-01-01 00:29:59.500000
ev1,0.0,-E15,5570.15,-E214,474.03,evehicle,98.77,2026-01-01 00:30:00
ev1,3.56,-E15,5570.64,-E214,473.54,evehicle,98.77,2026-01-01 00:30:00.500000
ev1,8.14,:J0_8,5570.64,-E214,473.54,evehicle,98.77,2026-01-01 00:30:01
ev1,10.94,:J0_8,5570.64,-E214,473.54,evehicle,98.77,2026-01-01 00:30:01.500000
ev1,13.68,:J0_8,5570.64,-E214,473.54,evehicle,98.77,2026-01-01 00:30:02
ev1,16.49,:J0_8,5570.64,-E214,473.54,evehicle,98.77,2026-01-01 00:30:02.500000
ev1,19.84,:J0_8,5570.64,-E214,473.54,evehicle,98.77,2026-01-01 00:30:03
ev1,23.58,:J0_8,5570.64,-E214,473.54,evehicle,98.74,2026-01-01 00:30:03.500000
ev1,26.17,-pitagoras,5587.15,-E214,457.03,evehicle,98.74,2026-01-01 00:30:04
ev1,30.13,-pitagoras,5591.33,-E214,452.85,evehicle,98.71,2026-01-01 00:30:04.500000
ev1,33.55,-pitagoras,5595.99,-E214,448.19,evehicle,98.71,2026-01-01 00:30:05
ev1,37.8,-pitagoras,5601.24,-E214,442.94,evehicle,98.69,2026-01-01 00:30:05.500000
ev1,34.16,-pitagoras,5605.98,-E214,438.2,evehicle,98.71,2026-01-01 00:30:06
ev1,26.93,-pitagoras,5609.72,-E214,434.46,evehicle,98.74,2026-01-01 00:30:06.500000
ev1,18.83,-pitagoras,5612.34,-E214,431.84,evehicle,98.74,2026-01-01 00:30:07
ev1,21.64,:J5_4,5612.34,-E214,431.84,evehicle,98.74,2026-01-01 00:30:07.500000
ev1,20.41,:J5_4,5612.34,-E214,431.84,evehicle,98.74,2026-01-01 00:30:08
ev1,22.07,:J5_4,5612.34,-E214,431.84,evehicle,98.74,2026-01-01 00:30:08.500000
ev1,20.95,-joulesB,5624.15,-E214,420.03,evehicle,98.74,2026-01-01 00:30:09
ev1,24.41,-joulesB,5627.54,-E214,416.64,evehicle,98.74,2026-01-01 00:30:09.500000
ev1,27.18,-joulesB,5631.31,-E214,412.87,evehicle,98.71,2026-01-01 00:30:10
ev1,29.95,-joulesB,5635.48,-E214,408.7,evehicle,98.71,2026-01-01 00:30:10.500000
ev1,34.52,-joulesB,5640.27,-E214,403.91,evehicle,98.69,2026-01-01 00:30:11
ev1,38.52,-joulesB,5645.62,-E214,398.56,evehicle,98.69,2026-01-01 00:30:11.500000
ev1,30.42,-joulesB,5649.85,-E214,394.33,evehicle,98.71,2026-01-01 00:30:12
ev1,23.26,:J2_10,5649.85,-E214,394.33,evehicle,98.71,2026-01-01 00:30:12.500000
ev1,27.94,:J2_10,5649.85,-E214,394.33,evehicle,98.71,2026-01-01 00:30:13
ev1,32.58,:J2_11,5649.85,-E214,394.33,evehicle,98.69,2026-01-01 00:30:13.500000
ev1,32.0,:J2_11,5649.85,-E214,394.33,evehicle,98.69,2026-01-01 00:30:14
ev1,31.61,:J2_11,5649.85,-E214,394.33,evehicle,98.69,2026-01-01 00:30:14.500000
ev1,31.39,:J2_11,5649.85,-E214,394.33,evehicle,98.69,2026-01-01 00:30:15
ev1,31.72,euler,5679.09,-E214,365.09,evehicle,98.69,2026-01-01 00:30:15.500000
ev1,35.82,euler,5684.07,-E214,360.11,evehicle,98.69,2026-01-01 00:30:16
ev1,38.52,euler,5689.42,-E214,354.76,evehicle,98.66,2026-01-01 00:30:16.500000
ev1,30.42,euler,5693.64,-E214,350.54,evehicle,98.69,2026-01-01 00:30:17
ev1,22.32,euler,5696.74,-E214,347.44,evehicle,98.71,2026-01-01 00:30:17.500000
ev1,14.22,euler,5698.72,-E214,345.46,evehicle,98.74,2026-01-01 00:30:18
ev1,8.32,euler,5699.88,-E214,344.3,evehicle,98.74,2026-01-01 00:30:18.500000
ev1,0.54,euler,5699.95,-E214,344.23,evehicle,98.74,2026-01-01 00:30:19
ev1,0.11,euler,5699.97,-E214,344.21,evehicle,98.74,2026-01-01 00:30:19.500000
ev1,0.0,euler,5699.97,-E214,344.21,evehicle,98.74,2026-01-01 00:30:20
ev1,0.0,euler,5699.97,-E214,344.21,evehicle,98.74,2026-01-01 00:30:20.500000
ev1,0.0,euler,5699.97,-E214,344.21,evehicle,98.74,2026-01-01 00:30:21
ev1,0.0,euler,5699.97,-E214,344.21,evehicle,98.74,2026-01-01 00:30:21.500000
ev1,0.0,euler,5699.97,-E214,344.21,evehicle,98.74,2026-01-01 00:30:22
ev1,0.0,euler,5699.97,-E214,344.21,evehicle,98.74,2026-01-01 00:30:22.500000
ev1,0.0,euler,5699.97,-E214,344.21,evehicle,98.74,2026-01-01 00:30:23
ev1,0.0,euler,5699.97,-E214,344.21,evehicle,98.74,2026-01-01 00:30:23.500000
ev1,0.0,euler,5699.97,-E214,344.21,evehicle,98.74,2026-01-01 00:30:24
ev1,0.0,euler,5699.97,-E214,344.21,evehicle,98.74,2026-01-01 00:30:24.500000
ev1,0.0,euler,5699.97,-E214,344.21,evehicle,98.74,2026-01-01 00:30:25
ev1,0.0,euler,5699.97,-E214,344.21,evehicle,98.74,2026-01-01 00:30:25.500000
ev1,0.0,euler,5699.97,-E214,344.21,evehicle,98.74,2026-01-01 00:30:26
ev1,0.0,euler,5699.97,-E214,344.21,evehicle,98.74,2026-01-01 00:30:26.500000
ev1,0.0,euler,5699.97,-E214,344.21,evehicle,98.74,2026-01-01 00:30:27
ev1,0.0,euler,5699.97,-E214,344.21,evehicle,98.74,2026-01-01 00:30:27.500000
ev1,0.0,euler,5699.97,-E214,344.21,evehicle,98.74,2026-01-01 00:30:28
ev1,0.0,euler,5699.97,-E214,344.21,evehicle,98.74,2026-01-01 00:30:28.500000
ev1,0.0,euler,5699.97,-E214,344.21,evehicle,98.74,2026-01-01 00:30:29
ev1,0.0,euler,5699.97,-E214,344.21,evehicle,98.74,2026-01-01 00:30:29.500000
ev1,0.0,euler,5699.97,-E214,344.21,evehicle,98.74,2026-01-01 00:30:30
ev1,0.0,euler,5699.97,-E214,344.21,evehicle,98.74,2026-01-01 00:30:30.500000
ev1,0.0,euler,5699.97,-E214,344.21,evehicle,98.74,2026-01-01 00:30:31
ev1,0.0,euler,5699.97,-E214,344.21,evehicle,98.74,2026-01-01 00:30:31.500000
ev1,0.0,euler,5699.97,-E214,344.21,evehicle,98.74,2026-01-01 00:30:32
ev1,0.0,euler,5699.97,-E214,344.21,evehicle,98.74,2026-01-01 00:30:32.500000
ev1,0.0,euler,5699.97,-E214,344.21,evehicle,98.74,2026-01-01 00:30:33
ev1,0.0,euler,5699.97,-E214,344.21,evehicle,98.74,2026-01-01 00:30:33.500000
ev1,0.0,euler,5699.97,-E214,344.21,evehicle,98.74,2026-01-01 00:30:34
ev1,0.0,euler,5699.97,-E214,344.21,evehicle,98.74,2026-01-01 00:30:34.500000
ev1,0.0,euler,5699.97,-E214,344.21,evehicle,98.74,2026-01-01 00:30:35
ev1,0.0,euler,5699.97,-E214,344.21,evehicle,98.74,2026-01-01 00:30:35.500000
ev1,0.0,euler,5699.97,-E214,344.21,evehicle,98.74,2026-01-01 00:30:36
ev1,0.0,euler,5699.97,-E214,344.21,evehicle,98.74,2026-01-01 00:30:36.500000
ev1,0.0,euler,5699.97,-E214,344.21,evehicle,98.74,2026-01-01 00:30:37
ev1,0.0,euler,5699.97,-E214,344.21,evehicle,98.74,2026-01-01 00:30:37.500000
ev1,0.0,euler,5699.97,-E214,344.21,evehicle,98.74,2026-01-01 00:30:38
ev1,0.0,euler,5699.97,-E214,344.21,evehicle,98.74,2026-01-01 00:30:38.500000
ev1,0.0,euler,5699.97,-E214,344.21,evehicle,98.74,2026-01-01 00:30:39
ev1,0.0,euler,5699.97,-E214,344.21,evehicle,98.74,2026-01-01 00:30:39.500000
ev1,0.0,euler,5699.97,-E214,344.21,evehicle,98.74,2026-01-01 00:30:40
ev1,0.0,euler,5699.97,-E214,344.21,evehicle,98.74,2026-01-01 00:30:40.500000
ev1,0.0,euler,5699.97,-E214,344.21,evehicle,98.74,2026-01-01 00:30:41
ev1,0.0,euler,5699.97,-E214,344.21,evehicle,98.74,2026-01-01 00:30:41.500000
ev1,0.0,euler,5699.97,-E214,344.21,evehicle,98.74,2026-01-01 00:30:42
ev1,0.0,euler,5699.97,-E214,344.21,evehicle,98.74,2026-01-01 00:30:42.500000
ev1,0.0,euler,5699.97,-E214,344.21,evehicle,98.74,2026-01-01 00:30:43
ev1,0.0,euler,5699.97,-E214,344.21,evehicle,98.74,2026-01-01 00:30:43.500000
ev1,0.0,euler,5699.97,-E214,344.21,evehicle,98.74,2026-01-01 00:30:44
ev1,0.0,euler,5699.97,-E214,344.21,evehicle,98.74,2026-01-01 00:30:44.500000
ev1,0.0,euler,5699.97,-E214,344.21,evehicle,98.74,2026-01-01 00:30:45
ev1,0.0,euler,5699.97,-E214,344.21,evehicle,98.74,2026-01-01 00:30:45.500000
ev1,0.0,euler,5699.97,-E214,344.21,evehicle,98.74,2026-01-01 00:30:46
ev1,0.0,euler,5699.97,-E214,344.21,evehicle,98.74,2026-01-01 00:30:46.500000
ev1,0.0,euler,5699.97,-E214,344.21,evehicle,98.74,2026-01-01 00:30:47
ev1,0.0,euler,5699.97,-E214,344.21,evehicle,98.74,2026-01-01 00:30:47.500000
ev1,0.0,euler,5699.97,-E214,344.21,evehicle,98.74,2026-01-01 00:30:48
ev1,0.0,euler,5699.97,-E214,344.21,evehicle,98.74,2026-01-01 00:30:48.500000
ev1,0.0,euler,5699.97,-E214,344.21,evehicle,98.74,2026-01-01 00:30:49
ev1,0.0,euler,5699.97,-E214,344.21,evehicle,98.74,2026-01-01 00:30:49.500000
ev1,0.0,euler,5699.97,-E214,344.21,evehicle,98.74,2026-01-01 00:30:50
ev1,0.0,euler,5699.97,-E214,344.21,evehicle,98.74,2026-01-01 00:30:50.500000
ev1,0.0,euler,5699.97,-E214,344.21,evehicle,98.74,2026-01-01 00:30:51
ev1,0.0,euler,5699.97,-E214,344.21,evehicle,98.74,2026-01-01 00:30:51.500000
ev1,0.0,euler,5699.97,-E214,344.21,evehicle,98.74,2026-01-01 00:30:52
ev1,0.0,euler,5699.97,-E214,344.21,evehicle,98.74,2026-01-01 00:30:52.500000
ev1,0.0,euler,5699.97,-E214,344.21,evehicle,98.74,2026-01-01 00:30:53
ev1,0.0,euler,5699.97,-E214,344.21,evehicle,98.74,2026-01-01 00:30:53.500000
ev1,0.0,euler,5699.97,-E214,344.21,evehicle,98.74,2026-01-01 00:30:54
ev1,0.0,euler,5699.97,-E214,344.21,evehicle,98.74,2026-01-01 00:30:54.500000
ev1,0.0,euler,5699.97,-E214,344.21,evehicle,98.74,2026-01-01 00:30:55
ev1,0.0,euler,5699.97,-E214,344.21,evehicle,98.74,2026-01-01 00:30:55.500000
ev1,0.0,euler,5699.97,-E214,344.21,evehicle,98.74,2026-01-01 00:30:56
ev1,0.0,euler,5699.97,-E214,344.21,evehicle,98.74,2026-01-01 00:30:56.500000
ev1,0.0,euler,5699.97,-E214,344.21,evehicle,98.74,2026-01-01 00:30:57
ev1,0.0,euler,5699.97,-E214,344.21,evehicle,98.74,2026-01-01 00:30:57.500000
ev1,0.0,euler,5699.97,-E214,344.21,evehicle,98.74,2026-01-01 00:30:58
ev1,0.0,euler,5699.97,-E214,344.21,evehicle,98.74,2026-01-01 00:30:58.500000
ev1,0.0,euler,5699.97,-E214,344.21,evehicle,98.74,2026-01-01 00:30:59
ev1,0.0,euler,5699.97,-E214,344.21,evehicle,98.74,2026-01-01 00:30:59.500000
ev1,0.0,euler,5699.97,-E214,344.21,evehicle,98.74,2026-01-01 00:31:00
ev1,3.78,euler,5700.49,-E214,343.69,evehicle,98.74,2026-01-01 00:31:00.500000
ev1,7.16,:J7_8,5700.49,-E214,343.69,evehicle,98.74,2026-01-01 00:31:01
ev1,10.19,:J7_8,5700.49,-E214,343.69,evehicle,98.74,2026-01-01 00:31:01.500000
ev1,14.4,:J7_8,5700.49,-E214,343.69,evehicle,98.71,2026-01-01 00:31:02
ev1,18.86,:J7_8,5700.49,-E214,343.69,evehicle,98.71,2026-01-01 00:31:02.500000
ev1,21.56,E2,5710.52,-E214,333.66,evehicle,98.71,2026-01-01 00:31:03
ev1,24.84,E2,5713.97,-E214,330.21,evehicle,98.69,2026-01-01 00:31:03.500000
ev1,27.25,E2,5717.76,-E214,326.42,evehicle,98.69,2026-01-01 00:31:04
ev1,30.67,E2,5722.02,-E214,322.16,evehicle,98.69,2026-01-01 00:31:04.500000
ev1,33.34,E2,5726.65,-E214,317.53,evehicle,98.66,2026-01-01 00:31:05
ev1,37.94,E2,5731.92,-E214,312.26,evehicle,98.63,2026-01-01 00:31:05.500000
ev1,41.72,E2,5737.72,-E214,306.46,evehicle,98.63,2026-01-01 00:31:06
ev1,36.83,E2,5742.83,-E214,301.35,evehicle,98.66,2026-01-01 00:31:06.500000
ev1,29.92,:J12_2,5742.83,-E214,301.35,evehicle,98.66,2026-01-01 00:31:07
ev1,28.91,:J12_2,5742.83,-E214,301.35,evehicle,98.66,2026-01-01 00:31:07.500000
ev1,29.41,:J12_2,5742.83,-E214,301.35,evehicle,98.66,2026-01-01 00:31:08
ev1,28.76,:J12_2,5742.83,-E214,301.35,evehicle,98.66,2026-01-01 00:31:08.500000
ev1,30.31,-E94,5763.3,-E214,280.88,evehicle,98.66,2026-01-01 00:31:09
ev1,34.56,-E94,5768.1,-E214,276.08,evehicle,98.66,2026-01-01 00:31:09.500000
ev1,39.06,-E94,5773.52,-E214,270.66,evehicle,98.63,2026-01-01 00:31:10
ev1,43.6,-E94,5779.58,-E214,264.6,evehicle,98.6,2026-01-01 00:31:10.500000
ev1,47.05,-E94,5786.11,-E214,258.07,evehicle,98.57,2026-01-01 00:31:11
ev1,41.44,-E94,5791.87,-E214,252.31,evehicle,98.6,2026-01-01 00:31:11.500000
ev1,36.0,-E94,5796.87,-E214,247.31,evehicle,98.63,2026-01-01 00:31:12
ev1,29.05,:J21_9,5796.87,-E214,247.31,evehicle,98.66,2026-01-01 00:31:12.500000
ev1,28.37,:J21_9,5796.87,-E214,247.31,evehicle,98.66,2026-01-01 00:31:13
ev1,30.17,E97,5809.03,-E214,235.15,evehicle,98.66,2026-01-01 00:31:13.500000
ev1,33.88,E97,5813.73,-E214,230.45,evehicle,98.63,2026-01-01 00:31:14
ev1,37.01,E97,5818.87,-E214,225.31,evehicle,98.63,2026-01-01 00:31:14.500000
ev1,41.36,E97,5824.62,-E214,219.56,evehicle,98.6,2026-01-01 00:31:15
ev1,44.17,E97,5830.75,-E214,213.43,evehicle,98.57,2026-01-01 00:31:15.500000
ev1,45.61,E97,5837.09,-E214,207.09,evehicle,98.57,2026-01-01 00:31:16
ev1,45.86,E97,5843.46,-E214,200.72,evehicle,98.57,2026-01-01 00:31:16.500000
ev1,46.15,E97,5849.87,-E214,194.31,evehicle,98.57,2026-01-01 00:31:17
ev1,46.66,E97,5856.35,-E214,187.83,evehicle,98.57,2026-01-01 00:31:17.500000
ev1,45.83,E97,5862.72,-E214,181.46,evehicle,98.57,2026-01-01 00:31:18
ev1,45.86,E97,5869.08,-E214,175.1,evehicle,98.57,2026-01-01 00:31:18.500000
ev1,38.41,E97,5874.42,-E214,169.76,evehicle,98.6,2026-01-01 00:31:19
ev1,30.31,E97,5878.63,-E214,165.55,evehicle,98.63,2026-01-01 00:31:19.500000
ev1,24.3,E97,5882.01,-E214,162.17,evehicle,98.63,2026-01-01 00:31:20
ev1,28.69,:J66_13,5882.01,-E214,162.17,evehicle,98.63,2026-01-01 00:31:20.500000
ev1,31.75,:J66_13,5882.01,-E214,162.17,evehicle,98.63,2026-01-01 00:31:21
ev1,36.22,:J66_13,5882.01,-E214,162.17,evehicle,98.6,2026-01-01 00:31:21.500000
ev1,39.17,:J66_13,5882.01,-E214,162.17,evehicle,98.57,2026-01-01 00:31:22
ev1,43.81,:J66_13,5882.01,-E214,162.17,evehicle,98.57,2026-01-01 00:31:22.500000
ev1,45.58,:J66_13,5882.01,-E214,162.17,evehicle,98.54,2026-01-01 00:31:23
ev1,47.23,E192,5919.85,-E214,124.33,evehicle,98.54,2026-01-01 00:31:23.500000
ev1,45.97,E192,5926.23,-E214,117.95,evehicle,98.54,2026-01-01 00:31:24
ev1,44.75,E192,5932.45,-E214,111.73,evehicle,98.54,2026-01-01 00:31:24.500000
ev1,43.49,E192,5938.49,-E214,105.69,evehicle,98.54,2026-01-01 00:31:25
ev1,38.41,E192,5943.82,-E214,100.36,evehicle,98.57,2026-01-01 00:31:25.500000
ev1,30.31,E192,5948.04,-E214,96.14,evehicle,98.6,2026-01-01 00:31:26
ev1,22.21,:J132_9,5948.04,-E214,96.14,evehicle,98.63,2026-01-01 00:31:26.500000
ev1,21.85,:J132_9,5948.04,-E214,96.14,evehicle,98.63,2026-01-01 00:31:27
ev1,21.53,:J132_9,5948.04,-E214,96.14,evehicle,98.63,2026-01-01 00:31:27.500000
ev1,21.2,E197,5960.09,-E214,84.09,evehicle,98.63,2026-01-01 00:31:28
ev1,20.81,E197,5962.98,-E214,81.2,evehicle,98.63,2026-01-01 00:31:28.500000
ev1,20.45,E197,5965.82,-E214,78.36,evehicle,98.63,2026-01-01 00:31:29
ev1,20.09,E197,5968.61,-E214,75.57,evehicle,98.63,2026-01-01 00:31:29.500000
ev1,19.69,E197,5971.35,-E214,72.83,evehicle,98.63,2026-01-01 00:31:30
ev1,19.33,E197,5974.03,-E214,70.15,evehicle,98.63,2026-01-01 00:31:30.500000
ev1,18.97,E197,5976.67,-E214,67.51,evehicle,98.63,2026-01-01 00:31:31
ev1,18.61,E197,5979.25,-E214,64.93,evehicle,98.63,2026-01-01 00:31:31.500000
ev1,18.22,E197,5981.78,-E214,62.4,evehicle,98.63,2026-01-01 00:31:32
ev1,17.86,E197,5984.26,-E214,59.92,evehicle,98.63,2026-01-01 00:31:32.500000
ev1,17.5,E197,5986.69,-E214,57.49,evehicle,98.63,2026-01-01 00:31:33
ev1,17.1,E197,5989.07,-E214,55.11,evehicle,98.63,2026-01-01 00:31:33.500000
ev1,16.74,E197,5991.39,-E214,52.79,evehicle,98.63,2026-01-01 00:31:34
ev1,16.38,E197,5993.67,-E214,50.51,evehicle,98.63,2026-01-01 00:31:34.500000
ev1,16.02,:J136_0,5993.67,-E214,50.51,evehicle,98.63,2026-01-01 00:31:35
ev1,15.66,:J136_0,5993.67,-E214,50.51,evehicle,98.63,2026-01-01 00:31:35.500000
ev1,15.34,:J136_0,5993.67,-E214,50.51,evehicle,98.63,2026-01-01 00:31:36
ev1,15.01,:J136_0,5993.67,-E214,50.51,evehicle,98.63,2026-01-01 00:31:36.500000
ev1,14.69,:J136_0,5993.67,-E214,50.51,evehicle,98.63,2026-01-01 00:31:37
ev1,14.4,-E214,6006.32,-E214,37.86,evehicle,98.63,2026-01-01 00:31:37.500000
ev1,14.0,-E214,6008.26,-E214,35.92,evehicle,98.63,2026-01-01 00:31:38
ev1,13.64,-E214,6010.15,-E214,34.03,evehicle,98.63,2026-01-01 00:31:38.500000
ev1,13.25,-E214,6011.99,-E214,32.19,evehicle,98.63,2026-01-01 00:31:39
ev1,12.89,-E214,6013.78,-E214,30.4,evehicle,98.63,2026-01-01 00:31:39.500000
ev1,12.49,-E214,6015.52,-E214,28.66,evehicle,98.63,2026-01-01 00:31:40
ev1,12.13,-E214,6017.2,-E214,26.98,evehicle,98.63,2026-01-01 00:31:40.500000
ev1,11.74,-E214,6018.83,-E214,25.35,evehicle,98.63,2026-01-01 00:31:41
ev1,11.38,-E214,6020.41,-E214,23.77,evehicle,98.63,2026-01-01 00:31:41.500000
ev1,10.98,-E214,6021.93,-E214,22.25,evehicle,98.63,2026-01-01 00:31:42
ev1,10.62,-E214,6023.41,-E214,20.77,evehicle,98.63,2026-01-01 00:31:42.500000
ev1,10.22,-E214,6024.83,-E214,19.35,evehicle,98.63,2026-01-01 00:31:43
ev1,9.86,-E214,6026.19,-E214,17.99,evehicle,98.63,2026-01-01 00:31:43.500000
ev1,9.47,-E214,6027.51,-E214,16.67,evehicle,98.63,2026-01-01 00:31:44
ev1,9.11,-E214,6028.78,-E214,15.4,evehicle,98.63,2026-01-01 00:31:44.500000
ev1,8.71,-E214,6029.99,-E214,14.19,evehicle,98.63,2026-01-01 00:31:45
ev1,8.35,-E214,6031.15,-E214,13.03,evehicle,98.63,2026-01-01 00:31:45.500000
ev1,7.99,-E214,6032.26,-E214,11.92,evehicle,98.63,2026-01-01 00:31:46
ev1,7.6,-E214,6033.32,-E214,10.86,evehicle,98.63,2026-01-01 00:31:46.500000
ev1,7.24,-E214,6034.32,-E214,9.86,evehicle,98.63,2026-01-01 00:31:47
ev1,0.0,-E214,6034.32,-E169,630.89,evehicle,98.63,2026-01-01 00:31:47.500000
ev1,0.0,-E214,6034.32,-E169,630.89,evehicle,98.63,2026-01-01 00:31:48
ev1,0.0,-E214,6034.32,-E169,630.89,evehicle,98.63,2026-01-01 00:31:48.500000
ev1,0.0,-E214,6034.32,-E169,630.89,evehicle,98.63,2026-01-01 00:31:49
ev1,0.0,-E214,6034.32,-E169,630.89,evehicle,98.63,2026-01-01 00:31:49.500000
ev1,0.0,-E214,6034.32,-E169,630.89,evehicle,98.63,2026-01-01 00:31:50
ev1,0.0,-E214,6034.32,-E169,630.89,evehicle,98.63,2026-01-01 00:31:50.500000
ev1,0.0,-E214,6034.32,-E169,630.89,evehicle,98.63,2026-01-01 00:31:51
ev1,0.0,-E214,6034.32,-E169,630.89,evehicle,98.63,2026-01-01 00:31:51.500000
ev1,0.0,-E214,6034.32,-E169,630.89,evehicle,98.63,2026-01-01 00:31:52
ev1,0.0,-E214,6034.32,-E169,630.89,evehicle,98.63,2026-01-01 00:31:52.500000
ev1,0.0,-E214,6034.32,-E169,630.89,evehicle,98.63,2026-01-01 00:31:53
ev1,0.0,-E214,6034.32,-E169,630.89,evehicle,98.63,2026-01-01 00:31:53.500000
ev1,0.0,-E214,6034.32,-E169,630.89,evehicle,98.63,2026-01-01 00:31:54
ev1,0.0,-E214,6034.32,-E169,630.89,evehicle,98.63,2026-01-01 00:31:54.500000
ev1,0.0,-E214,6034.32,-E169,630.89,evehicle,98.63,2026-01-01 00:31:55
ev1,0.0,-E214,6034.32,-E169,630.89,evehicle,98.63,2026-01-01 00:31:55.500000
ev1,0.0,-E214,6034.32,-E169,630.89,evehicle,98.63,2026-01-01 00:31:56
ev1,0.0,-E214,6034.32,-E169,630.89,evehicle,98.63,2026-01-01 00:31:56.500000
ev1,0.0,-E214,6034.32,-E169,630.89,evehicle,98.63,2026-01-01 00:31:57
ev1,0.0,-E214,6034.32,-E169,630.89,evehicle,98.63,2026-01-01 00:31:57.500000
ev1,0.0,-E214,6034.32,-E169,630.89,evehicle,98.63,2026-01-01 00:31:58
ev1,0.0,-E214,6034.32,-E169,630.89,evehicle,98.63,2026-01-01 00:31:58.500000
ev1,0.0,-E214,6034.32,-E169,630.89,evehicle,98.63,2026-01-01 00:31:59
ev1,0.0,-E214,6034.32,-E169,630.89,evehicle,98.63,2026-01-01 00:31:59.500000
ev1,0.0,-E214,6034.32,-E169,630.89,evehicle,98.63,2026-01-01 00:32:00
ev1,0.0,-E214,6034.32,-E169,630.89,evehicle,98.63,2026-01-01 00:32:00.500000
ev1,0.0,-E214,6034.32,-E169,630.89,evehicle,98.63,2026-01-01 00:32:01
ev1,0.0,-E214,6034.32,-E169,630.89,evehicle,98.63,2026-01-01 00:32:01.500000
ev1,0.0,-E214,6034.32,-E169,630.89,evehicle,98.63,2026-01-01 00:32:02
ev1,0.0,-E214,6034.32,-E169,630.89,evehicle,98.63,2026-01-01 00:32:02.500000
ev1,0.0,-E214,6034.32,-E169,630.89,evehicle,98.63,2026-01-01 00:32:03
ev1,0.0,-E214,6034.32,-E169,630.89,evehicle,98.63,2026-01-01 00:32:03.500000
ev1,0.0,-E214,6034.32,-E169,630.89,evehicle,98.63,2026-01-01 00:32:04
ev1,0.0,-E214,6034.32,-E169,630.89,evehicle,98.63,2026-01-01 00:32:04.500000
ev1,0.0,-E214,6034.32,-E169,630.89,evehicle,98.63,2026-01-01 00:32:05
ev1,0.0,-E214,6034.32,-E169,630.89,evehicle,98.63,2026-01-01 00:32:05.500000
ev1,0.0,-E214,6034.32,-E169,630.89,evehicle,98.63,2026-01-01 00:32:06
ev1,0.0,-E214,6034.32,-E169,630.89,evehicle,98.63,2026-01-01 00:32:06.500000
ev1,0.0,-E214,6034.32,-E169,630.89,evehicle,98.63,2026-01-01 00:32:07
ev1,0.0,-E214,6034.32,-E169,630.89,evehicle,98.63,2026-01-01 00:32:07.500000
ev1,0.0,-E214,6034.32,-E169,630.89,evehicle,98.63,2026-01-01 00:32:08
ev1,0.0,-E214,6034.32,-E169,630.89,evehicle,98.63,2026-01-01 00:32:08.500000
ev1,0.0,-E214,6034.32,-E169,630.89,evehicle,98.63,2026-01-01 00:32:09
ev1,0.0,-E214,6034.32,-E169,630.89,evehicle,98.63,2026-01-01 00:32:09.500000
ev1,0.0,-E214,6034.32,-E169,630.89,evehicle,98.63,2026-01-01 00:32:10
ev1,0.0,-E214,6034.32,-E169,630.89,evehicle,98.63,2026-01-01 00:32:10.500000
ev1,0.0,-E214,6034.32,-E169,630.89,evehicle,98.63,2026-01-01 00:32:11
ev1,0.0,-E214,6034.32,-E169,630.89,evehicle,98.63,2026-01-01 00:32:11.500000
ev1,0.0,-E214,6034.32,-E169,630.89,evehicle,98.63,2026-01-01 00:32:12
ev1,0.0,-E214,6034.32,-E169,630.89,evehicle,98.63,2026-01-01 00:32:12.500000
ev1,0.0,-E214,6034.32,-E169,630.89,evehicle,98.63,2026-01-01 00:32:13
ev1,0.0,-E214,6034.32,-E169,630.89,evehicle,98.63,2026-01-01 00:32:13.500000
ev1,0.0,-E214,6034.32,-E169,630.89,evehicle,98.63,2026-01-01 00:32:14
ev1,0.0,-E214,6034.32,-E169,630.89,evehicle,98.63,2026-01-01 00:32:14.500000
ev1,0.0,-E214,6034.32,-E169,630.89,evehicle,98.63,2026-01-01 00:32:15
ev1,0.0,-E214,6034.32,-E169,630.89,evehicle,98.63,2026-01-01 00:32:15.500000
ev1,0.0,-E214,6034.32,-E169,630.89,evehicle,98.63,2026-01-01 00:32:16
ev1,0.0,-E214,6034.32,-E169,630.89,evehicle,98.63,2026-01-01 00:32:16.500000
ev1,0.0,-E214,6034.32,-E169,630.89,evehicle,98.63,2026-01-01 00:32:17
ev1,0.0,-E214,6034.32,-E169,630.89,evehicle,98.63,2026-01-01 00:32:17.500000
ev1,0.0,-E214,6034.32,-E169,630.89,evehicle,98.63,2026-01-01 00:32:18
ev1,0.0,-E214,6034.32,-E169,630.89,evehicle,98.63,2026-01-01 00:32:18.500000
ev1,0.0,-E214,6034.32,-E169,630.89,evehicle,98.63,2026-01-01 00:32:19
ev1,0.0,-E214,6034.32,-E169,630.89,evehicle,98.63,2026-01-01 00:32:19.500000
ev1,0.0,-E214,6034.32,-E169,630.89,evehicle,98.63,2026-01-01 00:32:20
ev1,0.0,-E214,6034.32,-E169,630.89,evehicle,98.63,2026-01-01 00:32:20.500000
ev1,0.0,-E214,6034.32,-E169,630.89,evehicle,98.63,2026-01-01 00:32:21
ev1,0.0,-E214,6034.32,-E169,630.89,evehicle,98.63,2026-01-01 00:32:21.500000
ev1,0.0,-E214,6034.32,-E169,630.89,evehicle,98.63,2026-01-01 00:32:22
ev1,0.0,-E214,6034.32,-E169,630.89,evehicle,98.63,2026-01-01 00:32:22.500000
ev1,0.0,-E214,6034.32,-E169,630.89,evehicle,98.63,2026-01-01 00:32:23
ev1,0.0,-E214,6034.32,-E169,630.89,evehicle,98.63,2026-01-01 00:32:23.500000
ev1,0.0,-E214,6034.32,-E169,630.89,evehicle,98.63,2026-01-01 00:32:24
ev1,0.0,-E214,6034.32,-E169,630.89,evehicle,98.63,2026-01-01 00:32:24.500000
ev1,0.0,-E214,6034.32,-E169,630.89,evehicle,98.63,2026-01-01 00:32:25
ev1,0.0,-E214,6034.32,-E169,630.89,evehicle,98.63,2026-01-01 00:32:25.500000
ev1,0.0,-E214,6034.32,-E169,630.89,evehicle,98.63,2026-01-01 00:32:26
ev1,0.0,-E214,6034.32,-E169,630.89,evehicle,98.63,2026-01-01 00:32:26.500000
ev1,0.0,-E214,6034.32,-E169,630.89,evehicle,98.63,2026-01-01 00:32:27
ev1,0.0,-E214,6034.32,-E169,630.89,evehicle,98.63,2026-01-01 00:32:27.500000
ev1,0.0,-E214,6034.32,-E169,630.89,evehicle,98.63,2026-01-01 00:32:28
ev1,0.0,-E214,6034.32,-E169,630.89,evehicle,98.63,2026-01-01 00:32:28.500000
ev1,0.0,-E214,6034.32,-E169,630.89,evehicle,98.63,2026-01-01 00:32:29
ev1,0.0,-E214,6034.32,-E169,630.89,evehicle,98.63,2026-01-01 00:32:29.500000
ev1,0.0,-E214,6034.32,-E169,630.89,evehicle,98.63,2026-01-01 00:32:30
ev1,0.0,-E214,6034.32,-E169,630.89,evehicle,98.63,2026-01-01 00:32:30.500000
ev1,0.0,-E214,6034.32,-E169,630.89,evehicle,98.63,2026-01-01 00:32:31
ev1,0.0,-E214,6034.32,-E169,630.89,evehicle,98.63,2026-01-01 00:32:31.500000
ev1,0.0,-E214,6034.32,-E169,630.89,evehicle,98.63,2026-01-01 00:32:32
ev1,0.0,-E214,6034.32,-E169,630.89,evehicle,98.63,2026-01-01 00:32:32.500000
ev1,0.0,-E214,6034.32,-E169,630.89,evehicle,98.63,2026-01-01 00:32:33
ev1,0.0,-E214,6034.32,-E169,630.89,evehicle,98.63,2026-01-01 00:32:33.500000
ev1,0.0,-E214,6034.32,-E169,630.89,evehicle,98.63,2026-01-01 00:32:34
ev1,0.0,-E214,6034.32,-E169,630.89,evehicle,98.63,2026-01-01 00:32:34.500000
ev1,0.0,-E214,6034.32,-E169,630.89,evehicle,98.63,2026-01-01 00:32:35
ev1,0.0,-E214,6034.32,-E169,630.89,evehicle,98.63,2026-01-01 00:32:35.500000
ev1,0.0,-E214,6034.32,-E169,630.89,evehicle,98.63,2026-01-01 00:32:36
ev1,0.0,-E214,6034.32,-E169,630.89,evehicle,98.63,2026-01-01 00:32:36.500000
ev1,0.0,-E214,6034.32,-E169,630.89,evehicle,98.63,2026-01-01 00:32:37
ev1,0.0,-E214,6034.32,-E169,630.89,evehicle,98.63,2026-01-01 00:32:37.500000
ev1,0.0,-E214,6034.32,-E169,630.89,evehicle,98.63,2026-01-01 00:32:38
ev1,0.0,-E214,6034.32,-E169,630.89,evehicle,98.63,2026-01-01 00:32:38.500000
ev1,0.0,-E214,6034.32,-E169,630.89,evehicle,98.63,2026-01-01 00:32:39
ev1,0.0,-E214,6034.32,-E169,630.89,evehicle,98.63,2026-01-01 00:32:39.500000
ev1,0.0,-E214,6034.32,-E169,630.89,evehicle,98.63,2026-01-01 00:32:40
ev1,0.0,-E214,6034.32,-E169,630.89,evehicle,98.63,2026-01-01 00:32:40.500000
ev1,0.0,-E214,6034.32,-E169,630.89,evehicle,98.63,2026-01-01 00:32:41
ev1,0.0,-E214,6034.32,-E169,630.89,evehicle,98.63,2026-01-01 00:32:41.500000
ev1,0.0,-E214,6034.32,-E169,630.89,evehicle,98.63,2026-01-01 00:32:42
ev1,0.0,-E214,6034.32,-E169,630.89,evehicle,98.63,2026-01-01 00:32:42.500000
ev1,0.0,-E214,6034.32,-E169,630.89,evehicle,98.63,2026-01-01 00:32:43
ev1,0.0,-E214,6034.32,-E169,630.89,evehicle,98.63,2026-01-01 00:32:43.500000
ev1,0.0,-E214,6034.32,-E169,630.89,evehicle,98.63,2026-01-01 00:32:44
ev1,0.0,-E214,6034.32,-E169,630.89,evehicle,98.63,2026-01-01 00:32:44.500000
ev1,0.0,-E214,6034.32,-E169,630.89,evehicle,98.63,2026-01-01 00:32:45
ev1,0.0,-E214,6034.32,-E169,630.89,evehicle,98.63,2026-01-01 00:32:45.500000
ev1,0.0,-E214,6034.32,-E169,630.89,evehicle,98.63,2026-01-01 00:32:46
ev1,0.0,-E214,6034.32,-E169,630.89,evehicle,98.63,2026-01-01 00:32:46.500000
ev1,0.0,-E214,6034.32,-E169,630.89,evehicle,98.63,2026-01-01 00:32:47
ev1,0.0,-E214,6034.32,-E169,630.89,evehicle,98.63,2026-01-01 00:32:47.500000
ev1,3.64,-E214,6034.83,-E169,630.38,evehicle,98.63,2026-01-01 00:32:48
ev1,6.34,-E214,6035.71,-E169,629.5,evehicle,98.63,2026-01-01 00:32:48.500000
ev1,9.9,-E214,6037.08,-E169,628.13,evehicle,98.63,2026-01-01 00:32:49
ev1,12.71,-E214,6038.85,-E169,626.36,evehicle,98.63,2026-01-01 00:32:49.500000
ev1,15.91,-E214,6041.06,-E169,624.15,evehicle,98.6,2026-01-01 00:32:50
ev1,20.2,-E214,6043.86,-E169,621.35,evehicle,98.6,2026-01-01 00:32:50.500000
ev1,12.56,:J145_1,6043.86,-E169,621.35,evehicle,98.63,2026-01-01 00:32:51
ev1,12.49,-E213,6047.34,-E169,617.87,evehicle,98.63,2026-01-01 00:32:51.500000
ev1,16.49,-E213,6049.63,-E169,615.58,evehicle,98.6,2026-01-01 00:32:52
ev1,20.23,-E213,6052.44,-E169,612.77,evehicle,98.6,2026-01-01 00:32:52.500000
ev1,24.7,-E213,6055.87,-E169,609.34,evehicle,98.6,2026-01-01 00:32:53
ev1,28.98,-E213,6059.89,-E169,605.32,evehicle,98.57,2026-01-01 00:32:53.500000
ev1,33.41,-E213,6064.53,-E169,600.68,evehicle,98.54,2026-01-01 00:32:54
ev1,38.02,-E213,6069.81,-E169,595.4,evehicle,98.54,2026-01-01 00:32:54.500000
ev1,30.35,-E213,6074.03,-E169,591.18,evehicle,98.57,2026-01-01 00:32:55
ev1,22.25,-E213,6077.12,-E169,588.09,evehicle,98.57,2026-01-01 00:32:55.500000
ev1,26.93,:J66_10,6077.12,-E169,588.09,evehicle,98.57,2026-01-01 00:32:56
ev1,30.02,:J66_10,6077.12,-E169,588.09,evehicle,98.57,2026-01-01 00:32:56.500000
ev1,34.49,:J66_10,6077.12,-E169,588.09,evehicle,98.54,2026-01-01 00:32:57
ev1,38.84,:J66_10,6077.12,-E169,588.09,evehicle,98.51,2026-01-01 00:32:57.500000
ev1,39.1,:J66_10,6077.12,-E169,588.09,evehicle,98.51,2026-01-01 00:32:58
ev1,39.74,:J66_10,6077.12,-E169,588.09,evehicle,98.51,2026-01-01 00:32:58.500000
ev1,40.32,:J66_10,6077.12,-E169,588.09,evehicle,98.51,2026-01-01 00:32:59
ev1,40.28,-E99,6117.35,-E169,547.86,evehicle,98.51,2026-01-01 00:32:59.500000
ev1,44.86,-E99,6123.58,-E169,541.63,evehicle,98.49,2026-01-01 00:33:00
ev1,47.34,-E99,6130.15,-E169,535.06,evehicle,98.46,2026-01-01 00:33:00.500000
ev1,45.47,-E99,6136.47,-E169,528.74,evehicle,98.49,2026-01-01 00:33:01
ev1,47.12,-E99,6143.01,-E169,522.2,evehicle,98.46,2026-01-01 00:33:01.500000
ev1,46.3,-E99,6149.44,-E169,515.77,evehicle,98.46,2026-01-01 00:33:02
ev1,45.68,-E99,6155.79,-E169,509.42,evehicle,98.46,2026-01-01 00:33:02.500000
ev1,47.2,-E99,6162.34,-E169,502.87,evehicle,98.46,2026-01-01 00:33:03
ev1,45.43,-E99,6168.65,-E169,496.56,evehicle,98.46,2026-01-01 00:33:03.500000
ev1,45.36,-E99,6174.95,-E169,490.26,evehicle,98.46,2026-01-01 00:33:04
ev1,46.66,-E99,6181.43,-E169,483.78,evehicle,98.46,2026-01-01 00:33:04.500000
ev1,46.19,-E99,6187.85,-E169,477.36,evehicle,98.46,2026-01-01 00:33:05
ev1,45.58,-E99,6194.18,-E169,471.03,evehicle,98.46,2026-01-01 00:33:05.500000
ev1,45.18,-E99,6200.45,-E169,464.76,evehicle,98.46,2026-01-01 00:33:06
ev1,47.3,-E99,6207.02,-E169,458.19,evehicle,98.46,2026-01-01 00:33:06.500000
ev1,46.87,-E99,6213.53,-E169,451.68,evehicle,98.46,2026-01-01 00:33:07
ev1,45.29,-E99,6219.82,-E169,445.39,evehicle,98.46,2026-01-01 00:33:07.500000
ev1,46.3,-E99,6226.25,-E169,438.96,evehicle,98.46,2026-01-01 00:33:08
ev1,45.72,-E99,6232.6,-E169,432.61,evehicle,98.46,2026-01-01 00:33:08.500000
ev1,47.05,-E99,6239.14,-E169,426.07,evehicle,98.43,2026-01-01 00:33:09
ev1,47.41,-E99,6245.72,-E169,419.49,evehicle,98.43,2026-01-01 00:33:09.500000
ev1,46.87,-E99,6252.23,-E169,412.98,evehicle,98.43,2026-01-01 00:33:10
ev1,46.69,-E99,6258.72,-E169,406.49,evehicle,98.43,2026-01-01 00:33:10.500000
ev1,45.25,-E99,6265.0,-E169,400.21,evehicle,98.46,2026-01-01 00:33:11
ev1,45.14,-E99,6271.27,-E169,393.94,evehicle,98.46,2026-01-01 00:33:11.500000
ev1,45.25,-E99,6277.56,-E169,387.65,evehicle,98.43,2026-01-01 00:33:12
ev1,46.44,-E99,6284.01,-E169,381.2,evehicle,98.43,2026-01-01 00:33:12.500000
ev1,45.47,-E99,6290.32,-E169,374.89,evehicle,98.43,2026-01-01 00:33:13
ev1,47.34,-E99,6296.9,-E169,368.31,evehicle,98.43,2026-01-01 00:33:13.500000
ev1,46.08,-E99,6303.3,-E169,361.91,evehicle,98.43,2026-01-01 00:33:14
ev1,46.4,-E99,6309.74,-E169,355.47,evehicle,98.43,2026-01-01 00:33:14.500000
ev1,46.73,-E99,6316.23,-E169,348.98,evehicle,98.43,2026-01-01 00:33:15
ev1,46.08,-E99,6322.63,-E169,342.58,evehicle,98.43,2026-01-01 00:33:15.500000
ev1,46.08,-E99,6329.03,-E169,336.18,evehicle,98.43,2026-01-01 00:33:16
ev1,45.22,-E99,6335.31,-E169,329.9,evehicle,98.43,2026-01-01 00:33:16.500000
ev1,45.14,-E99,6341.58,-E169,323.63,evehicle,98.43,2026-01-01 00:33:17
ev1,46.44,-E99,6348.03,-E169,317.18,evehicle,98.43,2026-01-01 00:33:17.500000
ev1,46.73,-E99,6354.52,-E169,310.69,evehicle,98.43,2026-01-01 00:33:18
ev1,47.3,-E99,6361.09,-E169,304.12,evehicle,98.4,2026-01-01 00:33:18.500000
ev1,46.08,:J67_1,6361.09,-E169,304.12,evehicle,98.43,2026-01-01 00:33:19
ev1,46.15,:J67_1,6361.09,-E169,304.12,evehicle,98.4,2026-01-01 00:33:19.500000
ev1,45.29,:J67_1,6361.09,-E169,304.12,evehicle,98.43,2026-01-01 00:33:20
ev1,47.27,:J67_1,6361.09,-E169,304.12,evehicle,98.4,2026-01-01 00:33:20.500000
ev1,45.79,:J67_1,6361.09,-E169,304.12,evehicle,98.4,2026-01-01 00:33:21
ev1,47.38,-E174,6399.7,-E169,265.51,evehicle,98.4,2026-01-01 00:33:21.500000
ev1,46.37,-E174,6406.14,-E169,259.07,evehicle,98.4,2026-01-01 00:33:22
ev1,45.61,-E174,6412.47,-E169,252.74,evehicle,98.4,2026-01-01 00:33:22.500000
ev1,45.32,-E174,6418.76,-E169,246.45,evehicle,98.4,2026-01-01 00:33:23
ev1,45.83,-E174,6425.13,-E169,240.08,evehicle,98.4,2026-01-01 00:33:23.500000
ev1,46.19,-E174,6431.54,-E169,233.67,evehicle,98.4,2026-01-01 00:33:24
ev1,45.4,-E174,6437.85,-E169,227.36,evehicle,98.4,2026-01-01 00:33:24.500000
ev1,45.22,-E174,6444.13,-E169,221.08,evehicle,98.4,2026-01-01 00:33:25
ev1,46.37,-E174,6450.57,-E169,214.64,evehicle,98.4,2026-01-01 00:33:25.500000
ev1,46.76,-E174,6457.07,-E169,208.14,evehicle,98.4,2026-01-01 00:33:26
ev1,40.79,-E174,6462.73,-E169,202.48,evehicle,98.43,2026-01-01 00:33:26.500000
ev1,32.69,-E174,6467.27,-E169,197.94,evehicle,98.46,2026-01-01 00:33:27
ev1,25.88,:J122_0,6467.27,-E169,197.94,evehicle,98.46,2026-01-01 00:33:27.500000
ev1,24.84,:J122_0,6467.27,-E169,197.94,evehicle,98.49,2026-01-01 00:33:28
ev1,24.59,:J122_0,6467.27,-E169,197.94,evehicle,98.46,2026-01-01 00:33:28.500000
ev1,25.34,-E181,6481.25,-E169,183.96,evehicle,98.46,2026-01-01 00:33:29
ev1,29.84,-E181,6485.39,-E169,179.82,evehicle,98.46,2026-01-01 00:33:29.500000
ev1,34.06,-E181,6490.12,-E169,175.09,evehicle,98.43,2026-01-01 00:33:30
ev1,37.98,-E181,6495.4,-E169,169.81,evehicle,98.43,2026-01-01 00:33:30.500000
ev1,40.54,-E181,6501.03,-E169,164.18,evehicle,98.4,2026-01-01 00:33:31
ev1,43.49,-E181,6507.07,-E169,158.14,evehicle,98.4,2026-01-01 00:33:31.500000
ev1,45.86,-E181,6513.44,-E169,151.77,evehicle,98.37,2026-01-01 00:33:32
ev1,42.41,-E181,6519.33,-E169,145.88,evehicle,98.4,2026-01-01 00:33:32.500000
ev1,35.06,-E181,6524.2,-E169,141.01,evehicle,98.43,2026-01-01 00:33:33
ev1,26.96,:J125_3,6524.2,-E169,141.01,evehicle,98.46,2026-01-01 00:33:33.500000
ev1,26.6,:J125_3,6524.2,-E169,141.01,evehicle,98.46,2026-01-01 00:33:34
ev1,26.28,:J125_3,6524.2,-E169,141.01,evehicle,98.46,2026-01-01 00:33:34.500000
ev1,25.92,E180,6538.89,-E169,126.32,evehicle,98.46,2026-01-01 00:33:35
ev1,25.56,E180,6542.44,-E169,122.77,evehicle,98.46,2026-01-01 00:33:35.500000
ev1,25.2,E180,6545.94,-E169,119.27,evehicle,98.46,2026-01-01 00:33:36
ev1,24.8,E180,6549.38,-E169,115.83,evehicle,98.46,2026-01-01 00:33:36.500000
ev1,24.44,E180,6552.78,-E169,112.43,evehicle,98.46,2026-01-01 00:33:37
ev1,24.08,E180,6556.12,-E169,109.09,evehicle,98.46,2026-01-01 00:33:37.500000
ev1,23.72,E180,6559.41,-E169,105.8,evehicle,98.46,2026-01-01 00:33:38
ev1,23.33,E180,6562.65,-E169,102.56,evehicle,98.46,2026-01-01 00:33:38.500000
ev1,22.97,E180,6565.85,-E169,99.36,evehicle,98.46,2026-01-01 00:33:39
ev1,22.61,E180,6568.98,-E169,96.23,evehicle,98.46,2026-01-01 00:33:39.500000
ev1,22.25,E180,6572.07,-E169,93.14,evehicle,98.46,2026-01-01 00:33:40
ev1,21.85,E180,6575.11,-E169,90.1,evehicle,98.46,2026-01-01 00:33:40.500000
ev1,21.49,E180,6578.09,-E169,87.12,evehicle,98.46,2026-01-01 00:33:41
ev1,21.13,E180,6581.03,-E169,84.18,evehicle,98.46,2026-01-01 00:33:41.500000
ev1,20.77,:J118_2,6581.03,-E169,84.18,evehicle,98.46,2026-01-01 00:33:42
ev1,20.41,:J118_2,6581.03,-E169,84.18,evehicle,98.46,2026-01-01 00:33:42.500000
ev1,20.05,:J118_2,6581.03,-E169,84.18,evehicle,98.46,2026-01-01 00:33:43
ev1,19.73,:J118_2,6581.03,-E169,84.18,evehicle,98.46,2026-01-01 00:33:43.500000
ev1,19.4,-E169,6594.97,-E169,70.24,evehicle,98.46,2026-01-01 00:33:44
ev1,19.04,-E169,6597.61,-E169,67.6,evehicle,98.46,2026-01-01 00:33:44.500000
ev1,18.65,-E169,6600.2,-E169,65.01,evehicle,98.46,2026-01-01 00:33:45
ev1,18.29,-E169,6602.74,-E169,62.47,evehicle,98.46,2026-01-01 00:33:45.500000
ev1,17.93,-E169,6605.23,-E169,59.98,evehicle,98.46,2026-01-01 00:33:46
ev1,17.53,-E169,6607.67,-E169,57.54,evehicle,98.46,2026-01-01 00:33:46.500000
ev1,17.17,-E169,6610.05,-E169,55.16,evehicle,98.46,2026-01-01 00:33:47
ev1,16.81,-E169,6612.39,-E169,52.82,evehicle,98.46,2026-01-01 00:33:47.500000
ev1,16.42,-E169,6614.67,-E169,50.54,evehicle,98.46,2026-01-01 00:33:48
ev1,16.06,-E169,6616.9,-E169,48.31,evehicle,98.46,2026-01-01 00:33:48.500000
ev1,15.7,-E169,6619.08,-E169,46.13,evehicle,98.46,2026-01-01 00:33:49
ev1,15.34,-E169,6621.21,-E169,44.0,evehicle,98.46,2026-01-01 00:33:49.500000
ev1,14.94,-E169,6623.28,-E169,41.93,evehicle,98.46,2026-01-01 00:33:50
ev1,14.58,-E169,6625.31,-E169,39.9,evehicle,98.46,2026-01-01 00:33:50.500000
ev1,14.22,-E169,6627.28,-E169,37.93,evehicle,98.46,2026-01-01 00:33:51
ev1,13.82,-E169,6629.2,-E169,36.01,evehicle,98.46,2026-01-01 00:33:51.500000
ev1,13.46,-E169,6631.07,-E169,34.14,evehicle,98.46,2026-01-01 00:33:52
ev1,13.1,-E169,6632.89,-E169,32.32,evehicle,98.46,2026-01-01 00:33:52.500000
ev1,12.74,-E169,6634.66,-E169,30.55,evehicle,98.46,2026-01-01 00:33:53
ev1,12.35,-E169,6636.38,-E169,28.83,evehicle,98.46,2026-01-01 00:33:53.500000
ev1,11.99,-E169,6638.04,-E169,27.17,evehicle,98.46,2026-01-01 00:33:54
ev1,11.63,-E169,6639.66,-E169,25.55,evehicle,98.46,2026-01-01 00:33:54.500000
ev1,11.27,-E169,6641.22,-E169,23.99,evehicle,98.46,2026-01-01 00:33:55
ev1,10.91,-E169,6642.74,-E169,22.47,evehicle,98.46,2026-01-01 00:33:55.500000
ev1,10.51,-E169,6644.2,-E169,21.01,evehicle,98.46,2026-01-01 00:33:56
ev1,10.15,-E169,6645.61,-E169,19.6,evehicle,98.46,2026-01-01 00:33:56.500000
ev1,9.79,-E169,6646.97,-E169,18.24,evehicle,98.46,2026-01-01 00:33:57
ev1,9.43,-E169,6648.28,-E169,16.93,evehicle,98.46,2026-01-01 00:33:57.500000
ev1,9.07,-E169,6649.54,-E169,15.67,evehicle,98.46,2026-01-01 00:33:58
ev1,8.71,-E169,6650.75,-E169,14.46,evehicle,98.46,2026-01-01 00:33:58.500000
ev1,8.35,-E169,6651.9,-E169,13.31,evehicle,98.46,2026-01-01 00:33:59
ev1,7.96,-E169,6653.01,-E169,12.2,evehicle,98.46,2026-01-01 00:33:59.500000
ev1,7.6,-E169,6654.07,-E169,11.14,evehicle,98.46,2026-01-01 00:34:00
ev1,7.24,-E169,6655.08,-E169,10.13,evehicle,98.46,2026-01-01 00:34:00.500000
ev1,6.88,-E169,6656.03,-E169,9.18,evehicle,98.46,2026-01-01 00:34:01
ev1,0.0,-E169,6656.03,E59,640.74,evehicle,98.46,2026-01-01 00:34:01.500000
ev1,0.0,-E169,6656.03,E59,640.74,evehicle,98.46,2026-01-01 00:34:02
ev1,0.0,-E169,6656.03,E59,640.74,evehicle,98.46,2026-01-01 00:34:02.500000
ev1,0.0,-E169,6656.03,E59,640.74,evehicle,98.46,2026-01-01 00:34:03
ev1,0.0,-E169,6656.03,E59,640.74,evehicle,98.46,2026-01-01 00:34:03.500000
ev1,0.0,-E169,6656.03,E59,640.74,evehicle,98.46,2026-01-01 00:34:04
ev1,0.0,-E169,6656.03,E59,640.74,evehicle,98.46,2026-01-01 00:34:04.500000
ev1,0.0,-E169,6656.03,E59,640.74,evehicle,98.46,2026-01-01 00:34:05
ev1,0.0,-E169,6656.03,E59,640.74,evehicle,98.46,2026-01-01 00:34:05.500000
ev1,0.0,-E169,6656.03,E59,640.74,evehicle,98.46,2026-01-01 00:34:06
ev1,0.0,-E169,6656.03,E59,640.74,evehicle,98.46,2026-01-01 00:34:06.500000
ev1,0.0,-E169,6656.03,E59,640.74,evehicle,98.46,2026-01-01 00:34:07
ev1,0.0,-E169,6656.03,E59,640.74,evehicle,98.46,2026-01-01 00:34:07.500000
ev1,0.0,-E169,6656.03,E59,640.74,evehicle,98.46,2026-01-01 00:34:08
ev1,0.0,-E169,6656.03,E59,640.74,evehicle,98.46,2026-01-01 00:34:08.500000
ev1,0.0,-E169,6656.03,E59,640.74,evehicle,98.46,2026-01-01 00:34:09
ev1,0.0,-E169,6656.03,E59,640.74,evehicle,98.46,2026-01-01 00:34:09.500000
ev1,0.0,-E169,6656.03,E59,640.74,evehicle,98.46,2026-01-01 00:34:10
ev1,0.0,-E169,6656.03,E59,640.74,evehicle,98.46,2026-01-01 00:34:10.500000
ev1,0.0,-E169,6656.03,E59,640.74,evehicle,98.46,2026-01-01 00:34:11
ev1,0.0,-E169,6656.03,E59,640.74,evehicle,98.46,2026-01-01 00:34:11.500000
ev1,0.0,-E169,6656.03,E59,640.74,evehicle,98.46,2026-01-01 00:34:12
ev1,0.0,-E169,6656.03,E59,640.74,evehicle,98.46,2026-01-01 00:34:12.500000
ev1,0.0,-E169,6656.03,E59,640.74,evehicle,98.46,2026-01-01 00:34:13
ev1,0.0,-E169,6656.03,E59,640.74,evehicle,98.46,2026-01-01 00:34:13.500000
ev1,0.0,-E169,6656.03,E59,640.74,evehicle,98.46,2026-01-01 00:34:14
ev1,0.0,-E169,6656.03,E59,640.74,evehicle,98.46,2026-01-01 00:34:14.500000
ev1,0.0,-E169,6656.03,E59,640.74,evehicle,98.46,2026-01-01 00:34:15
ev1,0.0,-E169,6656.03,E59,640.74,evehicle,98.46,2026-01-01 00:34:15.500000
ev1,0.0,-E169,6656.03,E59,640.74,evehicle,98.46,2026-01-01 00:34:16
ev1,0.0,-E169,6656.03,E59,640.74,evehicle,98.46,2026-01-01 00:34:16.500000
ev1,0.0,-E169,6656.03,E59,640.74,evehicle,98.46,2026-01-01 00:34:17
ev1,0.0,-E169,6656.03,E59,640.74,evehicle,98.46,2026-01-01 00:34:17.500000
ev1,0.0,-E169,6656.03,E59,640.74,evehicle,98.46,2026-01-01 00:34:18
ev1,0.0,-E169,6656.03,E59,640.74,evehicle,98.46,2026-01-01 00:34:18.500000
ev1,0.0,-E169,6656.03,E59,640.74,evehicle,98.46,2026-01-01 00:34:19
ev1,0.0,-E169,6656.03,E59,640.74,evehicle,98.46,2026-01-01 00:34:19.500000
ev1,0.0,-E169,6656.03,E59,640.74,evehicle,98.46,2026-01-01 00:34:20
ev1,0.0,-E169,6656.03,E59,640.74,evehicle,98.46,2026-01-01 00:34:20.500000
ev1,0.0,-E169,6656.03,E59,640.74,evehicle,98.46,2026-01-01 00:34:21
ev1,0.0,-E169,6656.03,E59,640.74,evehicle,98.46,2026-01-01 00:34:21.500000
ev1,0.0,-E169,6656.03,E59,640.74,evehicle,98.46,2026-01-01 00:34:22
ev1,0.0,-E169,6656.03,E59,640.74,evehicle,98.46,2026-01-01 00:34:22.500000
ev1,0.0,-E169,6656.03,E59,640.74,evehicle,98.46,2026-01-01 00:34:23
ev1,0.0,-E169,6656.03,E59,640.74,evehicle,98.46,2026-01-01 00:34:23.500000
ev1,0.0,-E169,6656.03,E59,640.74,evehicle,98.46,2026-01-01 00:34:24
ev1,0.0,-E169,6656.03,E59,640.74,evehicle,98.46,2026-01-01 00:34:24.500000
ev1,0.0,-E169,6656.03,E59,640.74,evehicle,98.46,2026-01-01 00:34:25
ev1,0.0,-E169,6656.03,E59,640.74,evehicle,98.46,2026-01-01 00:34:25.500000
ev1,0.0,-E169,6656.03,E59,640.74,evehicle,98.46,2026-01-01 00:34:26
ev1,0.0,-E169,6656.03,E59,640.74,evehicle,98.46,2026-01-01 00:34:26.500000
ev1,0.0,-E169,6656.03,E59,640.74,evehicle,98.46,2026-01-01 00:34:27
ev1,0.0,-E169,6656.03,E59,640.74,evehicle,98.46,2026-01-01 00:34:27.500000
ev1,0.0,-E169,6656.03,E59,640.74,evehicle,98.46,2026-01-01 00:34:28
ev1,0.0,-E169,6656.03,E59,640.74,evehicle,98.46,2026-01-01 00:34:28.500000
ev1,0.0,-E169,6656.03,E59,640.74,evehicle,98.46,2026-01-01 00:34:29
ev1,0.0,-E169,6656.03,E59,640.74,evehicle,98.46,2026-01-01 00:34:29.500000
ev1,0.0,-E169,6656.03,E59,640.74,evehicle,98.46,2026-01-01 00:34:30
ev1,0.0,-E169,6656.03,E59,640.74,evehicle,98.46,2026-01-01 00:34:30.500000
ev1,0.0,-E169,6656.03,E59,640.74,evehicle,98.46,2026-01-01 00:34:31
ev1,0.0,-E169,6656.03,E59,640.74,evehicle,98.46,2026-01-01 00:34:31.500000
ev1,0.0,-E169,6656.03,E59,640.74,evehicle,98.46,2026-01-01 00:34:32
ev1,0.0,-E169,6656.03,E59,640.74,evehicle,98.46,2026-01-01 00:34:32.500000
ev1,0.0,-E169,6656.03,E59,640.74,evehicle,98.46,2026-01-01 00:34:33
ev1,0.0,-E169,6656.03,E59,640.74,evehicle,98.46,2026-01-01 00:34:33.500000
ev1,0.0,-E169,6656.03,E59,640.74,evehicle,98.46,2026-01-01 00:34:34
ev1,0.0,-E169,6656.03,E59,640.74,evehicle,98.46,2026-01-01 00:34:34.500000
ev1,0.0,-E169,6656.03,E59,640.74,evehicle,98.46,2026-01-01 00:34:35
ev1,0.0,-E169,6656.03,E59,640.74,evehicle,98.46,2026-01-01 00:34:35.500000
ev1,0.0,-E169,6656.03,E59,640.74,evehicle,98.46,2026-01-01 00:34:36
ev1,0.0,-E169,6656.03,E59,640.74,evehicle,98.46,2026-01-01 00:34:36.500000
ev1,0.0,-E169,6656.03,E59,640.74,evehicle,98.46,2026-01-01 00:34:37
ev1,0.0,-E169,6656.03,E59,640.74,evehicle,98.46,2026-01-01 00:34:37.500000
ev1,0.0,-E169,6656.03,E59,640.74,evehicle,98.46,2026-01-01 00:34:38
ev1,0.0,-E169,6656.03,E59,640.74,evehicle,98.46,2026-01-01 00:34:38.500000
ev1,0.0,-E169,6656.03,E59,640.74,evehicle,98.46,2026-01-01 00:34:39
ev1,0.0,-E169,6656.03,E59,640.74,evehicle,98.46,2026-01-01 00:34:39.500000
ev1,0.0,-E169,6656.03,E59,640.74,evehicle,98.46,2026-01-01 00:34:40
ev1,0.0,-E169,6656.03,E59,640.74,evehicle,98.46,2026-01-01 00:34:40.500000
ev1,0.0,-E169,6656.03,E59,640.74,evehicle,98.46,2026-01-01 00:34:41
ev1,0.0,-E169,6656.03,E59,640.74,evehicle,98.46,2026-01-01 00:34:41.500000
ev1,0.0,-E169,6656.03,E59,640.74,evehicle,98.46,2026-01-01 00:34:42
ev1,0.0,-E169,6656.03,E59,640.74,evehicle,98.46,2026-01-01 00:34:42.500000
ev1,0.0,-E169,6656.03,E59,640.74,evehicle,98.46,2026-01-01 00:34:43
ev1,0.0,-E169,6656.03,E59,640.74,evehicle,98.46,2026-01-01 00:34:43.500000
ev1,0.0,-E169,6656.03,E59,640.74,evehicle,98.46,2026-01-01 00:34:44
ev1,0.0,-E169,6656.03,E59,640.74,evehicle,98.46,2026-01-01 00:34:44.500000
ev1,0.0,-E169,6656.03,E59,640.74,evehicle,98.46,2026-01-01 00:34:45
ev1,0.0,-E169,6656.03,E59,640.74,evehicle,98.46,2026-01-01 00:34:45.500000
ev1,0.0,-E169,6656.03,E59,640.74,evehicle,98.46,2026-01-01 00:34:46
ev1,0.0,-E169,6656.03,E59,640.74,evehicle,98.46,2026-01-01 00:34:46.500000
ev1,0.0,-E169,6656.03,E59,640.74,evehicle,98.46,2026-01-01 00:34:47
ev1,0.0,-E169,6656.03,E59,640.74,evehicle,98.46,2026-01-01 00:34:47.500000
ev1,0.0,-E169,6656.03,E59,640.74,evehicle,98.46,2026-01-01 00:34:48
ev1,0.0,-E169,6656.03,E59,640.74,evehicle,98.46,2026-01-01 00:34:48.500000
ev1,0.0,-E169,6656.03,E59,640.74,evehicle,98.46,2026-01-01 00:34:49
ev1,0.0,-E169,6656.03,E59,640.74,evehicle,98.46,2026-01-01 00:34:49.500000
ev1,0.0,-E169,6656.03,E59,640.74,evehicle,98.46,2026-01-01 00:34:50
ev1,0.0,-E169,6656.03,E59,640.74,evehicle,98.46,2026-01-01 00:34:50.500000
ev1,0.0,-E169,6656.03,E59,640.74,evehicle,98.46,2026-01-01 00:34:51
ev1,0.0,-E169,6656.03,E59,640.74,evehicle,98.46,2026-01-01 00:34:51.500000
ev1,0.0,-E169,6656.03,E59,640.74,evehicle,98.46,2026-01-01 00:34:52
ev1,0.0,-E169,6656.03,E59,640.74,evehicle,98.46,2026-01-01 00:34:52.500000
ev1,0.0,-E169,6656.03,E59,640.74,evehicle,98.46,2026-01-01 00:34:53
ev1,0.0,-E169,6656.03,E59,640.74,evehicle,98.46,2026-01-01 00:34:53.500000
ev1,0.0,-E169,6656.03,E59,640.74,evehicle,98.46,2026-01-01 00:34:54
ev1,0.0,-E169,6656.03,E59,640.74,evehicle,98.46,2026-01-01 00:34:54.500000
ev1,0.0,-E169,6656.03,E59,640.74,evehicle,98.46,2026-01-01 00:34:55
ev1,0.0,-E169,6656.03,E59,640.74,evehicle,98.46,2026-01-01 00:34:55.500000
ev1,0.0,-E169,6656.03,E59,640.74,evehicle,98.46,2026-01-01 00:34:56
ev1,0.0,-E169,6656.03,E59,640.74,evehicle,98.46,2026-01-01 00:34:56.500000
ev1,0.0,-E169,6656.03,E59,640.74,evehicle,98.46,2026-01-01 00:34:57
ev1,0.0,-E169,6656.03,E59,640.74,evehicle,98.46,2026-01-01 00:34:57.500000
ev1,0.0,-E169,6656.03,E59,640.74,evehicle,98.46,2026-01-01 00:34:58
ev1,0.0,-E169,6656.03,E59,640.74,evehicle,98.46,2026-01-01 00:34:58.500000
ev1,0.0,-E169,6656.03,E59,640.74,evehicle,98.46,2026-01-01 00:34:59
ev1,0.0,-E169,6656.03,E59,640.74,evehicle,98.46,2026-01-01 00:34:59.500000
ev1,0.0,-E169,6656.03,E59,640.74,evehicle,98.46,2026-01-01 00:35:00
ev1,0.0,-E169,6656.03,E59,640.74,evehicle,98.46,2026-01-01 00:35:00.500000
ev1,0.0,-E169,6656.03,E59,640.74,evehicle,98.46,2026-01-01 00:35:01
ev1,0.0,-E169,6656.03,E59,640.74,evehicle,98.46,2026-01-01 00:35:01.500000
ev1,4.5,-E169,6656.66,E59,640.11,evehicle,98.46,2026-01-01 00:35:02
ev1,7.92,-E169,6657.76,E59,639.01,evehicle,98.46,2026-01-01 00:35:02.500000
ev1,11.88,-E169,6659.41,E59,637.36,evehicle,98.46,2026-01-01 00:35:03
ev1,16.16,-E169,6661.65,E59,635.12,evehicle,98.43,2026-01-01 00:35:03.500000
ev1,20.84,-E169,6664.55,E59,632.22,evehicle,98.43,2026-01-01 00:35:04
ev1,24.73,:J67_10,6664.55,E59,632.22,evehicle,98.43,2026-01-01 00:35:04.500000
ev1,29.12,:J67_10,6664.55,E59,632.22,evehicle,98.4,2026-01-01 00:35:05
ev1,32.36,:J67_10,6664.55,E59,632.22,evehicle,98.4,2026-01-01 00:35:05.500000
ev1,35.28,:J67_10,6664.55,E59,632.22,evehicle,98.37,2026-01-01 00:35:06
ev1,39.82,:J67_10,6664.55,E59,632.22,evehicle,98.34,2026-01-01 00:35:06.500000
ev1,43.7,:J67_10,6664.55,E59,632.22,evehicle,98.34,2026-01-01 00:35:07
ev1,46.8,-E98,6699.52,E59,597.25,evehicle,98.31,2026-01-01 00:35:07.500000
ev1,47.3,-E98,6706.09,E59,590.68,evehicle,98.31,2026-01-01 00:35:08
ev1,46.37,-E98,6712.53,E59,584.24,evehicle,98.31,2026-01-01 00:35:08.500000
ev1,47.09,-E98,6719.07,E59,577.7,evehicle,98.31,2026-01-01 00:35:09
ev1,45.47,-E98,6725.39,E59,571.38,evehicle,98.31,2026-01-01 00:35:09.500000
ev1,46.98,-E98,6731.91,E59,564.86,evehicle,98.31,2026-01-01 00:35:10
ev1,47.09,-E98,6738.45,E59,558.32,evehicle,98.31,2026-01-01 00:35:10.500000
ev1,45.11,-E98,6744.71,E59,552.06,evehicle,98.31,2026-01-01 00:35:11
ev1,46.01,-E98,6751.1,E59,545.67,evehicle,98.31,2026-01-01 00:35:11.500000
ev1,46.19,-E98,6757.52,E59,539.25,evehicle,98.31,2026-01-01 00:35:12
ev1,46.04,-E98,6763.91,E59,532.86,evehicle,98.31,2026-01-01 00:35:12.500000
ev1,42.8,-E98,6769.86,E59,526.91,evehicle,98.31,2026-01-01 00:35:13
ev1,36.36,-E98,6774.91,E59,521.86,evehicle,98.34,2026-01-01 00:35:13.500000
ev1,28.73,:J22_18,6774.91,E59,521.86,evehicle,98.37,2026-01-01 00:35:14
ev1,30.06,:J22_18,6774.91,E59,521.86,evehicle,98.37,2026-01-01 00:35:14.500000
ev1,29.12,E93,6787.12,E59,509.65,evehicle,98.37,2026-01-01 00:35:15
ev1,31.61,E93,6791.51,E59,505.26,evehicle,98.37,2026-01-01 00:35:15.500000
ev1,35.89,E93,6796.49,E59,500.28,evehicle,98.34,2026-01-01 00:35:16
ev1,38.52,E93,6801.84,E59,494.93,evehicle,98.31,2026-01-01 00:35:16.500000
ev1,43.06,E93,6807.82,E59,488.95,evehicle,98.31,2026-01-01 00:35:17
ev1,44.46,E93,6814.0,E59,482.77,evehicle,98.29,2026-01-01 00:35:17.500000
ev1,37.51,E93,6819.21,E59,477.56,evehicle,98.31,2026-01-01 00:35:18
ev1,29.41,:J15_0,6819.21,E59,477.56,evehicle,98.34,2026-01-01 00:35:18.500000
ev1,29.84,:J15_0,6819.21,E59,477.56,evehicle,98.34,2026-01-01 00:35:19
ev1,28.91,:J15_0,6819.21,E59,477.56,evehicle,98.34,2026-01-01 00:35:19.500000
ev1,29.09,:J15_0,6819.21,E59,477.56,evehicle,98.34,2026-01-01 00:35:20
ev1,30.17,:J15_0,6819.21,E59,477.56,evehicle,98.34,2026-01-01 00:35:20.500000
ev1,30.53,-E5,6843.93,E59,452.84,evehicle,98.34,2026-01-01 00:35:21
ev1,33.34,-E5,6848.55,E59,448.22,evehicle,98.34,2026-01-01 00:35:21.500000
ev1,36.65,-E5,6853.64,E59,443.13,evehicle,98.31,2026-01-01 00:35:22
ev1,39.49,-E5,6859.13,E59,437.64,evehicle,98.31,2026-01-01 00:35:22.500000
ev1,33.95,-E5,6863.85,E59,432.92,evehicle,98.31,2026-01-01 00:35:23
ev1,25.85,-E5,6867.44,E59,429.33,evehicle,98.34,2026-01-01 00:35:23.500000
ev1,19.84,-E5,6870.19,E59,426.58,evehicle,98.37,2026-01-01 00:35:24
ev1,12.24,-E5,6871.9,E59,424.87,evehicle,98.37,2026-01-01 00:35:24.500000
ev1,4.14,-E5,6872.47,E59,424.3,evehicle,98.4,2026-01-01 00:35:25
ev1,0.25,-E5,6872.51,E59,424.26,evehicle,98.4,2026-01-01 00:35:25.500000
ev1,0.04,-E5,6872.51,E59,424.26,evehicle,98.4,2026-01-01 00:35:26
ev1,0.0,-E5,6872.51,E59,424.26,evehicle,98.4,2026-01-01 00:35:26.500000
ev1,0.0,-E5,6872.51,E59,424.26,evehicle,98.4,2026-01-01 00:35:27
ev1,0.0,-E5,6872.51,E59,424.26,evehicle,98.4,2026-01-01 00:35:27.500000
ev1,0.0,-E5,6872.51,E59,424.26,evehicle,98.4,2026-01-01 00:35:28
ev1,0.0,-E5,6872.51,E59,424.26,evehicle,98.4,2026-01-01 00:35:28.500000
ev1,0.0,-E5,6872.51,E59,424.26,evehicle,98.4,2026-01-01 00:35:29
ev1,0.0,-E5,6872.51,E59,424.26,evehicle,98.4,2026-01-01 00:35:29.500000
ev1,0.0,-E5,6872.51,E59,424.26,evehicle,98.4,2026-01-01 00:35:30
ev1,3.89,-E5,6873.05,E59,423.72,evehicle,98.4,2026-01-01 00:35:30.500000
ev1,7.99,:J7_12,6873.05,E59,423.72,evehicle,98.37,2026-01-01 00:35:31
ev1,12.6,:J7_12,6873.05,E59,423.72,evehicle,98.37,2026-01-01 00:35:31.500000
ev1,17.14,:J7_12,6873.05,E59,423.72,evehicle,98.37,2026-01-01 00:35:32
ev1,20.23,:J7_12,6873.05,E59,423.72,evehicle,98.37,2026-01-01 00:35:32.500000
ev1,21.71,-euler,6884.11,E59,412.66,evehicle,98.34,2026-01-01 00:35:33
ev1,26.28,-euler,6887.76,E59,409.01,evehicle,98.34,2026-01-01 00:35:33.500000
ev1,30.74,-euler,6892.03,E59,404.74,evehicle,98.31,2026-01-01 00:35:34
ev1,34.42,-euler,6896.81,E59,399.96,evehicle,98.31,2026-01-01 00:35:34.500000
ev1,32.0,-euler,6901.26,E59,395.51,evehicle,98.31,2026-01-01 00:35:35
ev1,23.9,-euler,6904.58,E59,392.19,evehicle,98.34,2026-01-01 00:35:35.500000
ev1,28.51,-euler,6908.54,E59,388.23,evehicle,98.34,2026-01-01 00:35:36
ev1,21.17,:J2_0,6908.54,E59,388.23,evehicle,98.34,2026-01-01 00:35:36.500000
ev1,21.2,:J2_0,6908.54,E59,388.23,evehicle,98.34,2026-01-01 00:35:37
ev1,22.21,:J2_0,6908.54,E59,388.23,evehicle,98.34,2026-01-01 00:35:37.500000
ev1,22.18,joulesB,6920.59,E59,376.18,evehicle,98.34,2026-01-01 00:35:38
ev1,25.52,joulesB,6924.13,E59,372.64,evehicle,98.34,2026-01-01 00:35:38.500000
ev1,28.51,joulesB,6928.1,E59,368.67,evehicle,98.31,2026-01-01 00:35:39
ev1,33.12,joulesB,6932.69,E59,364.08,evehicle,98.31,2026-01-01 00:35:39.500000
ev1,37.15,joulesB,6937.85,E59,358.92,evehicle,98.29,2026-01-01 00:35:40
ev1,41.08,joulesB,6943.56,E59,353.21,evehicle,98.26,2026-01-01 00:35:40.500000
ev1,43.56,:J5_0,6943.56,E59,353.21,evehicle,98.26,2026-01-01 00:35:41
ev1,46.62,:J5_0,6943.56,E59,353.21,evehicle,98.23,2026-01-01 00:35:41.500000
ev1,49.43,:J5_0,6943.56,E59,353.21,evehicle,98.23,2026-01-01 00:35:42
ev1,52.63,joulesA,6970.26,E59,326.51,evehicle,98.2,2026-01-01 00:35:42.500000
ev1,57.17,joulesA,6978.2,E59,318.57,evehicle,98.17,2026-01-01 00:35:43
ev1,59.83,joulesA,6986.51,E59,310.26,evehicle,98.14,2026-01-01 00:35:43.500000
ev1,63.29,joulesA,6995.3,E59,301.47,evehicle,98.11,2026-01-01 00:35:44
ev1,67.82,joulesA,7004.72,E59,292.05,evehicle,98.09,2026-01-01 00:35:44.500000
ev1,70.56,joulesA,7014.52,E59,282.25,evehicle,98.06,2026-01-01 00:35:45
ev1,73.91,joulesA,7024.79,E59,271.98,evehicle,98.03,2026-01-01 00:35:45.500000
ev1,77.83,joulesA,7035.6,E59,261.17,evehicle,97.97,2026-01-01 00:35:46
ev1,81.58,joulesA,7046.93,E59,249.84,evehicle,97.94,2026-01-01 00:35:46.500000
ev1,85.07,joulesA,7058.75,E59,238.02,evehicle,97.91,2026-01-01 00:35:47
ev1,87.88,joulesA,7070.95,E59,225.82,evehicle,97.86,2026-01-01 00:35:47.500000
ev1,92.45,joulesA,7083.79,E59,212.98,evehicle,97.83,2026-01-01 00:35:48
ev1,95.29,joulesA,7097.03,E59,199.74,evehicle,97.77,2026-01-01 00:35:48.500000
ev1,99.58,joulesA,7110.86,E59,185.91,evehicle,97.71,2026-01-01 00:35:49
ev1,102.42,joulesA,7125.08,E59,171.69,evehicle,97.69,2026-01-01 00:35:49.500000
ev1,105.59,joulesA,7139.75,E59,157.02,evehicle,97.63,2026-01-01 00:35:50
ev1,110.05,:J6_0,7139.75,E59,157.02,evehicle,97.57,2026-01-01 00:35:50.500000
ev1,113.26,E59,7170.77,E59,126.0,evehicle,97.51,2026-01-01 00:35:51
ev1,106.16,E59,7185.51,E59,111.26,evehicle,97.6,2026-01-01 00:35:51.500000
ev1,99.14,E59,7199.28,E59,97.49,evehicle,97.66,2026-01-01 00:35:52
ev1,92.12,E59,7212.08,E59,84.69,evehicle,97.74,2026-01-01 00:35:52.500000
ev1,85.18,E59,7223.91,E59,72.86,evehicle,97.8,2026-01-01 00:35:53
ev1,78.26,E59,7234.78,E59,61.99,evehicle,97.86,2026-01-01 00:35:53.500000
ev1,71.39,E59,7244.7,E59,52.07,evehicle,97.91,2026-01-01 00:35:54
ev1,64.62,E59,7253.67,E59,43.1,evehicle,97.97,2026-01-01 00:35:54.500000
ev1,57.89,E59,7261.71,E59,35.06,evehicle,98.0,2026-01-01 00:35:55
ev1,51.23,E59,7268.83,E59,27.94,evehicle,98.06,2026-01-01 00:35:55.500000
ev1,44.71,E59,7275.04,E59,21.73,evehicle,98.09,2026-01-01 00:35:56
ev1,38.34,E59,7280.36,E59,16.41,evehicle,98.11,2026-01-01 00:35:56.500000
ev1,32.11,E59,7284.82,E59,11.95,evehicle,98.14,2026-01-01 00:35:57
ev1,26.14,E59,7288.45,E59,8.32,evehicle,98.14,2026-01-01 00:35:57.500000
ev1,18.04,E59,7290.95,E59,5.82,evehicle,98.17,2026-01-01 00:35:58
ev1,9.94,E59,7292.33,E59,4.44,evehicle,98.17,2026-01-01 00:35:58.500000
ev1,1.84,E59,7292.58,E59,4.19,evehicle,98.2,2026-01-01 00:35:59
ev1,0.0,E59,7292.58,-E145,644.7,evehicle,98.2,2026-01-01 00:35:59.500000
ev1,0.0,E59,7292.58,-E145,644.7,evehicle,98.2,2026-01-01 00:36:00
ev1,0.0,E59,7292.58,-E145,644.7,evehicle,98.2,2026-01-01 00:36:00.500000
ev1,0.0,E59,7292.58,-E145,644.7,evehicle,98.2,2026-01-01 00:36:01
ev1,0.0,E59,7292.58,-E145,644.7,evehicle,98.2,2026-01-01 00:36:01.500000
ev1,0.0,E59,7292.58,-E145,644.7,evehicle,98.2,2026-01-01 00:36:02
ev1,0.0,E59,7292.58,-E145,644.7,evehicle,98.2,2026-01-01 00:36:02.500000
ev1,0.0,E59,7292.58,-E145,644.7,evehicle,98.2,2026-01-01 00:36:03
ev1,0.0,E59,7292.58,-E145,644.7,evehicle,98.2,2026-01-01 00:36:03.500000
ev1,0.0,E59,7292.58,-E145,644.7,evehicle,98.2,2026-01-01 00:36:04
ev1,0.0,E59,7292.58,-E145,644.7,evehicle,98.2,2026-01-01 00:36:04.500000
ev1,0.0,E59,7292.58,-E145,644.7,evehicle,98.2,2026-01-01 00:36:05
ev1,0.0,E59,7292.58,-E145,644.7,evehicle,98.2,2026-01-01 00:36:05.500000
ev1,0.0,E59,7292.58,-E145,644.7,evehicle,98.2,2026-01-01 00:36:06
ev1,0.0,E59,7292.58,-E145,644.7,evehicle,98.2,2026-01-01 00:36:06.500000
ev1,0.0,E59,7292.58,-E145,644.7,evehicle,98.2,2026-01-01 00:36:07
ev1,0.0,E59,7292.58,-E145,644.7,evehicle,98.2,2026-01-01 00:36:07.500000
ev1,0.0,E59,7292.58,-E145,644.7,evehicle,98.2,2026-01-01 00:36:08
ev1,0.0,E59,7292.58,-E145,644.7,evehicle,98.2,2026-01-01 00:36:08.500000
ev1,0.0,E59,7292.58,-E145,644.7,evehicle,98.2,2026-01-01 00:36:09
ev1,0.0,E59,7292.58,-E145,644.7,evehicle,98.2,2026-01-01 00:36:09.500000
ev1,0.0,E59,7292.58,-E145,644.7,evehicle,98.2,2026-01-01 00:36:10
ev1,0.0,E59,7292.58,-E145,644.7,evehicle,98.2,2026-01-01 00:36:10.500000
ev1,0.0,E59,7292.58,-E145,644.7,evehicle,98.2,2026-01-01 00:36:11
ev1,0.0,E59,7292.58,-E145,644.7,evehicle,98.2,2026-01-01 00:36:11.500000
ev1,0.0,E59,7292.58,-E145,644.7,evehicle,98.2,2026-01-01 00:36:12
ev1,0.0,E59,7292.58,-E145,644.7,evehicle,98.2,2026-01-01 00:36:12.500000
ev1,0.0,E59,7292.58,-E145,644.7,evehicle,98.2,2026-01-01 00:36:13
ev1,0.0,E59,7292.58,-E145,644.7,evehicle,98.2,2026-01-01 00:36:13.500000
ev1,0.0,E59,7292.58,-E145,644.7,evehicle,98.2,2026-01-01 00:36:14
ev1,0.0,E59,7292.58,-E145,644.7,evehicle,98.2,2026-01-01 00:36:14.500000
ev1,0.0,E59,7292.58,-E145,644.7,evehicle,98.2,2026-01-01 00:36:15
ev1,0.0,E59,7292.58,-E145,644.7,evehicle,98.2,2026-01-01 00:36:15.500000
ev1,0.0,E59,7292.58,-E145,644.7,evehicle,98.2,2026-01-01 00:36:16
ev1,0.0,E59,7292.58,-E145,644.7,evehicle,98.2,2026-01-01 00:36:16.500000
ev1,0.0,E59,7292.58,-E145,644.7,evehicle,98.2,2026-01-01 00:36:17
ev1,0.0,E59,7292.58,-E145,644.7,evehicle,98.2,2026-01-01 00:36:17.500000
ev1,0.0,E59,7292.58,-E145,644.7,evehicle,98.2,2026-01-01 00:36:18
ev1,0.0,E59,7292.58,-E145,644.7,evehicle,98.2,2026-01-01 00:36:18.500000
ev1,0.0,E59,7292.58,-E145,644.7,evehicle,98.2,2026-01-01 00:36:19
ev1,0.0,E59,7292.58,-E145,644.7,evehicle,98.2,2026-01-01 00:36:19.500000
ev1,0.0,E59,7292.58,-E145,644.7,evehicle,98.2,2026-01-01 00:36:20
ev1,0.0,E59,7292.58,-E145,644.7,evehicle,98.2,2026-01-01 00:36:20.500000
ev1,0.0,E59,7292.58,-E145,644.7,evehicle,98.2,2026-01-01 00:36:21
ev1,0.0,E59,7292.58,-E145,644.7,evehicle,98.2,2026-01-01 00:36:21.500000
ev1,0.0,E59,7292.58,-E145,644.7,evehicle,98.2,2026-01-01 00:36:22
ev1,0.0,E59,7292.58,-E145,644.7,evehicle,98.2,2026-01-01 00:36:22.500000
ev1,0.0,E59,7292.58,-E145,644.7,evehicle,98.2,2026-01-01 00:36:23
ev1,0.0,E59,7292.58,-E145,644.7,evehicle,98.2,2026-01-01 00:36:23.500000
ev1,0.0,E59,7292.58,-E145,644.7,evehicle,98.2,2026-01-01 00:36:24
ev1,0.0,E59,7292.58,-E145,644.7,evehicle,98.2,2026-01-01 00:36:24.500000
ev1,0.0,E59,7292.58,-E145,644.7,evehicle,98.2,2026-01-01 00:36:25
ev1,0.0,E59,7292.58,-E145,644.7,evehicle,98.2,2026-01-01 00:36:25.500000
ev1,0.0,E59,7292.58,-E145,644.7,evehicle,98.2,2026-01-01 00:36:26
ev1,0.0,E59,7292.58,-E145,644.7,evehicle,98.2,2026-01-01 00:36:26.500000
ev1,0.0,E59,7292.58,-E145,644.7,evehicle,98.2,2026-01-01 00:36:27
ev1,0.0,E59,7292.58,-E145,644.7,evehicle,98.2,2026-01-01 00:36:27.500000
ev1,0.0,E59,7292.58,-E145,644.7,evehicle,98.2,2026-01-01 00:36:28
ev1,0.0,E59,7292.58,-E145,644.7,evehicle,98.2,2026-01-01 00:36:28.500000
ev1,0.0,E59,7292.58,-E145,644.7,evehicle,98.2,2026-01-01 00:36:29
ev1,0.0,E59,7292.58,-E145,644.7,evehicle,98.2,2026-01-01 00:36:29.500000
ev1,0.0,E59,7292.58,-E145,644.7,evehicle,98.17,2026-01-01 00:36:30
ev1,0.0,E59,7292.58,-E145,644.7,evehicle,98.17,2026-01-01 00:36:30.500000
ev1,0.0,E59,7292.58,-E145,644.7,evehicle,98.17,2026-01-01 00:36:31
ev1,0.0,E59,7292.58,-E145,644.7,evehicle,98.17,2026-01-01 00:36:31.500000
ev1,0.0,E59,7292.58,-E145,644.7,evehicle,98.17,2026-01-01 00:36:32
ev1,0.0,E59,7292.58,-E145,644.7,evehicle,98.17,2026-01-01 00:36:32.500000
ev1,0.0,E59,7292.58,-E145,644.7,evehicle,98.17,2026-01-01 00:36:33
ev1,0.0,E59,7292.58,-E145,644.7,evehicle,98.17,2026-01-01 00:36:33.500000
ev1,0.0,E59,7292.58,-E145,644.7,evehicle,98.17,2026-01-01 00:36:34
ev1,0.0,E59,7292.58,-E145,644.7,evehicle,98.17,2026-01-01 00:36:34.500000
ev1,0.0,E59,7292.58,-E145,644.7,evehicle,98.17,2026-01-01 00:36:35
ev1,0.0,E59,7292.58,-E145,644.7,evehicle,98.17,2026-01-01 00:36:35.500000
ev1,0.0,E59,7292.58,-E145,644.7,evehicle,98.17,2026-01-01 00:36:36
ev1,0.0,E59,7292.58,-E145,644.7,evehicle,98.17,2026-01-01 00:36:36.500000
ev1,0.0,E59,7292.58,-E145,644.7,evehicle,98.17,2026-01-01 00:36:37
ev1,0.0,E59,7292.58,-E145,644.7,evehicle,98.17,2026-01-01 00:36:37.500000
ev1,0.0,E59,7292.58,-E145,644.7,evehicle,98.17,2026-01-01 00:36:38
ev1,0.0,E59,7292.58,-E145,644.7,evehicle,98.17,2026-01-01 00:36:38.500000
ev1,0.0,E59,7292.58,-E145,644.7,evehicle,98.17,2026-01-01 00:36:39
ev1,0.0,E59,7292.58,-E145,644.7,evehicle,98.17,2026-01-01 00:36:39.500000
ev1,0.0,E59,7292.58,-E145,644.7,evehicle,98.17,2026-01-01 00:36:40
ev1,0.0,E59,7292.58,-E145,644.7,evehicle,98.17,2026-01-01 00:36:40.500000
ev1,0.0,E59,7292.58,-E145,644.7,evehicle,98.17,2026-01-01 00:36:41
ev1,0.0,E59,7292.58,-E145,644.7,evehicle,98.17,2026-01-01 00:36:41.500000
ev1,0.0,E59,7292.58,-E145,644.7,evehicle,98.17,2026-01-01 00:36:42
ev1,0.0,E59,7292.58,-E145,644.7,evehicle,98.17,2026-01-01 00:36:42.500000
ev1,0.0,E59,7292.58,-E145,644.7,evehicle,98.17,2026-01-01 00:36:43
ev1,0.0,E59,7292.58,-E145,644.7,evehicle,98.17,2026-01-01 00:36:43.500000
ev1,0.0,E59,7292.58,-E145,644.7,evehicle,98.17,2026-01-01 00:36:44
ev1,0.0,E59,7292.58,-E145,644.7,evehicle,98.17,2026-01-01 00:36:44.500000
ev1,0.0,E59,7292.58,-E145,644.7,evehicle,98.17,2026-01-01 00:36:45
ev1,0.0,E59,7292.58,-E145,644.7,evehicle,98.17,2026-01-01 00:36:45.500000
ev1,0.0,E59,7292.58,-E145,644.7,evehicle,98.17,2026-01-01 00:36:46
ev1,0.0,E59,7292.58,-E145,644.7,evehicle,98.17,2026-01-01 00:36:46.500000
ev1,0.0,E59,7292.58,-E145,644.7,evehicle,98.17,2026-01-01 00:36:47
ev1,0.0,E59,7292.58,-E145,644.7,evehicle,98.17,2026-01-01 00:36:47.500000
ev1,0.0,E59,7292.58,-E145,644.7,evehicle,98.17,2026-01-01 00:36:48
ev1,0.0,E59,7292.58,-E145,644.7,evehicle,98.17,2026-01-01 00:36:48.500000
ev1,0.0,E59,7292.58,-E145,644.7,evehicle,98.17,2026-01-01 00:36:49
ev1,0.0,E59,7292.58,-E145,644.7,evehicle,98.17,2026-01-01 00:36:49.500000
ev1,0.0,E59,7292.58,-E145,644.7,evehicle,98.17,2026-01-01 00:36:50
ev1,0.0,E59,7292.58,-E145,644.7,evehicle,98.17,2026-01-01 00:36:50.500000
ev1,0.0,E59,7292.58,-E145,644.7,evehicle,98.17,2026-01-01 00:36:51
ev1,0.0,E59,7292.58,-E145,644.7,evehicle,98.17,2026-01-01 00:36:51.500000
ev1,0.0,E59,7292.58,-E145,644.7,evehicle,98.17,2026-01-01 00:36:52
ev1,0.0,E59,7292.58,-E145,644.7,evehicle,98.17,2026-01-01 00:36:52.500000
ev1,0.0,E59,7292.58,-E145,644.7,evehicle,98.17,2026-01-01 00:36:53
ev1,0.0,E59,7292.58,-E145,644.7,evehicle,98.17,2026-01-01 00:36:53.500000
ev1,0.0,E59,7292.58,-E145,644.7,evehicle,98.17,2026-01-01 00:36:54
ev1,0.0,E59,7292.58,-E145,644.7,evehicle,98.17,2026-01-01 00:36:54.500000
ev1,0.0,E59,7292.58,-E145,644.7,evehicle,98.17,2026-01-01 00:36:55
ev1,0.0,E59,7292.58,-E145,644.7,evehicle,98.17,2026-01-01 00:36:55.500000
ev1,0.0,E59,7292.58,-E145,644.7,evehicle,98.17,2026-01-01 00:36:56
ev1,0.0,E59,7292.58,-E145,644.7,evehicle,98.17,2026-01-01 00:36:56.500000
ev1,0.0,E59,7292.58,-E145,644.7,evehicle,98.17,2026-01-01 00:36:57
ev1,0.0,E59,7292.58,-E145,644.7,evehicle,98.17,2026-01-01 00:36:57.500000
ev1,0.0,E59,7292.58,-E145,644.7,evehicle,98.17,2026-01-01 00:36:58
ev1,0.0,E59,7292.58,-E145,644.7,evehicle,98.17,2026-01-01 00:36:58.500000
ev1,0.0,E59,7292.58,-E145,644.7,evehicle,98.17,2026-01-01 00:36:59
ev1,0.0,E59,7292.58,-E145,644.7,evehicle,98.17,2026-01-01 00:36:59.500000
ev1,4.03,E59,7293.15,-E145,644.13,evehicle,98.17,2026-01-01 00:37:00
ev1,6.91,E59,7294.11,-E145,643.17,evehicle,98.17,2026-01-01 00:37:00.500000
ev1,9.83,E59,7295.47,-E145,641.81,evehicle,98.17,2026-01-01 00:37:01
ev1,14.15,:J63_0,7295.47,-E145,641.81,evehicle,98.17,2026-01-01 00:37:01.500000
ev1,18.22,:J63_0,7295.47,-E145,641.81,evehicle,98.17,2026-01-01 00:37:02
ev1,22.72,:J63_0,7295.47,-E145,641.81,evehicle,98.14,2026-01-01 00:37:02.500000
ev1,26.89,:J63_0,7295.47,-E145,641.81,evehicle,98.14,2026-01-01 00:37:03
ev1,30.85,:J63_0,7295.47,-E145,641.81,evehicle,98.11,2026-01-01 00:37:03.500000
ev1,34.52,:J63_0,7295.47,-E145,641.81,evehicle,98.11,2026-01-01 00:37:04
ev1,37.58,E77,7321.16,-E145,616.12,evehicle,98.09,2026-01-01 00:37:04.500000
ev1,41.08,E77,7326.87,-E145,610.41,evehicle,98.09,2026-01-01 00:37:05
ev1,45.32,E77,7333.16,-E145,604.12,evehicle,98.06,2026-01-01 00:37:05.500000
ev1,49.82,E77,7340.08,-E145,597.2,evehicle,98.03,2026-01-01 00:37:06
ev1,52.67,E77,7347.4,-E145,589.88,evehicle,98.0,2026-01-01 00:37:06.500000
ev1,56.34,E77,7355.23,-E145,582.05,evehicle,97.97,2026-01-01 00:37:07
ev1,60.34,E77,7363.61,-E145,573.67,evehicle,97.94,2026-01-01 00:37:07.500000
ev1,63.29,E77,7372.4,-E145,564.88,evehicle,97.91,2026-01-01 00:37:08
ev1,60.91,E77,7380.86,-E145,556.42,evehicle,97.94,2026-01-01 00:37:08.500000
ev1,52.81,E77,7388.19,-E145,549.09,evehicle,98.0,2026-01-01 00:37:09
ev1,44.71,E77,7394.41,-E145,542.87,evehicle,98.03,2026-01-01 00:37:09.500000
ev1,36.61,E77,7399.49,-E145,537.79,evehicle,98.06,2026-01-01 00:37:10
ev1,28.51,E77,7403.45,-E145,533.83,evehicle,98.09,2026-01-01 00:37:10.500000
ev1,20.41,E77,7406.29,-E145,530.99,evehicle,98.11,2026-01-01 00:37:11
ev1,12.31,:J81_0,7406.29,-E145,530.99,evehicle,98.14,2026-01-01 00:37:11.500000
ev1,11.74,:J81_0,7406.29,-E145,530.99,evehicle,98.14,2026-01-01 00:37:12
ev1,11.23,:J81_0,7406.29,-E145,530.99,evehicle,98.14,2026-01-01 00:37:12.500000
ev1,10.55,-E77,7412.66,-E145,524.62,evehicle,98.14,2026-01-01 00:37:13
ev1,14.33,-E77,7414.65,-E145,522.63,evehicle,98.11,2026-01-01 00:37:13.500000
ev1,18.61,-E77,7417.23,-E145,520.05,evehicle,98.11,2026-01-01 00:37:14
ev1,21.89,-E77,7420.27,-E145,517.01,evehicle,98.11,2026-01-01 00:37:14.500000
ev1,26.35,-E77,7423.93,-E145,513.35,evehicle,98.09,2026-01-01 00:37:15
ev1,29.59,-E77,7428.04,-E145,509.24,evehicle,98.09,2026-01-01 00:37:15.500000
ev1,32.08,-E77,7432.5,-E145,504.78,evehicle,98.09,2026-01-01 00:37:16
ev1,35.14,-E77,7437.38,-E145,499.9,evehicle,98.06,2026-01-01 00:37:16.500000
ev1,39.78,-E77,7442.9,-E145,494.38,evehicle,98.03,2026-01-01 00:37:17
ev1,43.67,-E77,7448.97,-E145,488.31,evehicle,98.03,2026-01-01 00:37:17.500000
ev1,47.05,-E77,7455.51,-E145,481.77,evehicle,98.0,2026-01-01 00:37:18
ev1,49.5,-E77,7462.38,-E145,474.9,evehicle,97.97,2026-01-01 00:37:18.500000
ev1,53.64,-E77,7469.83,-E145,467.45,evehicle,97.94,2026-01-01 00:37:19
ev1,56.45,-E77,7477.67,-E145,459.61,evehicle,97.94,2026-01-01 00:37:19.500000
ev1,59.04,-E77,7485.87,-E145,451.41,evehicle,97.91,2026-01-01 00:37:20
ev1,62.5,-E77,7494.55,-E145,442.73,evehicle,97.89,2026-01-01 00:37:20.500000
ev1,65.59,:J63_8,7494.55,-E145,442.73,evehicle,97.86,2026-01-01 00:37:21
ev1,68.36,:J63_8,7494.55,-E145,442.73,evehicle,97.83,2026-01-01 00:37:21.500000
ev1,72.29,-E59,7523.19,-E145,414.09,evehicle,97.8,2026-01-01 00:37:22
ev1,75.49,-E59,7533.67,-E145,403.61,evehicle,97.77,2026-01-01 00:37:22.500000
ev1,77.87,-E59,7544.49,-E145,392.79,evehicle,97.74,2026-01-01 00:37:23
ev1,82.12,-E59,7555.89,-E145,381.39,evehicle,97.71,2026-01-01 00:37:23.500000
ev1,85.18,-E59,7567.72,-E145,369.56,evehicle,97.66,2026-01-01 00:37:24
ev1,88.63,-E59,7580.03,-E145,357.25,evehicle,97.63,2026-01-01 00:37:24.500000
ev1,89.46,-E59,7592.45,-E145,344.83,evehicle,97.6,2026-01-01 00:37:25
ev1,81.36,-E59,7603.75,-E145,333.53,evehicle,97.69,2026-01-01 00:37:25.500000
ev1,73.26,-E59,7613.93,-E145,323.35,evehicle,97.74,2026-01-01 00:37:26
ev1,65.16,-E59,7622.98,-E145,314.3,evehicle,97.8,2026-01-01 00:37:26.500000
ev1,57.06,-E59,7630.9,-E145,306.38,evehicle,97.86,2026-01-01 00:37:27
ev1,48.96,-E59,7637.7,-E145,299.58,evehicle,97.91,2026-01-01 00:37:27.500000
ev1,40.86,-E59,7643.37,-E145,293.91,evehicle,97.94,2026-01-01 00:37:28
ev1,32.76,-E59,7647.92,-E145,289.36,evehicle,97.97,2026-01-01 00:37:28.500000
ev1,24.66,-E59,7651.35,-E145,285.93,evehicle,98.0,2026-01-01 00:37:29
ev1,20.52,:J6_7,7651.35,-E145,285.93,evehicle,98.03,2026-01-01 00:37:29.500000
ev1,22.18,:J6_7,7651.35,-E145,285.93,evehicle,98.0,2026-01-01 00:37:30
ev1,22.0,:J6_7,7651.35,-E145,285.93,evehicle,98.0,2026-01-01 00:37:30.500000
ev1,21.53,-E105,7663.32,-E145,273.96,evehicle,98.0,2026-01-01 00:37:31
ev1,24.08,-E105,7666.66,-E145,270.62,evehicle,98.0,2026-01-01 00:37:31.500000
ev1,26.71,-E105,7670.37,-E145,266.91,evehicle,98.0,2026-01-01 00:37:32
ev1,29.27,-E105,7674.44,-E145,262.84,evehicle,97.97,2026-01-01 00:37:32.500000
ev1,31.68,-E105,7678.84,-E145,258.44,evehicle,97.97,2026-01-01 00:37:33
ev1,35.14,-E105,7683.72,-E145,253.56,evehicle,97.97,2026-01-01 00:37:33.500000
ev1,37.94,-E105,7688.99,-E145,248.29,evehicle,97.94,2026-01-01 00:37:34
ev1,42.41,-E105,7694.88,-E145,242.4,evehicle,97.91,2026-01-01 00:37:34.500000
ev1,46.8,-E105,7701.38,-E145,235.9,evehicle,97.91,2026-01-01 00:37:35
ev1,45.76,-E105,7707.73,-E145,229.55,evehicle,97.91,2026-01-01 00:37:35.500000
ev1,37.66,-E105,7712.96,-E145,224.32,evehicle,97.94,2026-01-01 00:37:36
ev1,29.56,-E105,7717.06,-E145,220.22,evehicle,97.97,2026-01-01 00:37:36.500000
ev1,21.92,-E105,7720.1,-E145,217.18,evehicle,98.0,2026-01-01 00:37:37
ev1,13.82,-E105,7722.02,-E145,215.26,evehicle,98.0,2026-01-01 00:37:37.500000
ev1,6.01,-E105,7722.86,-E145,214.42,evehicle,98.03,2026-01-01 00:37:38
ev1,0.65,-E105,7722.94,-E145,214.34,evehicle,98.03,2026-01-01 00:37:38.500000
ev1,0.14,-E105,7722.97,-E145,214.31,evehicle,98.03,2026-01-01 00:37:39
ev1,0.04,-E105,7722.97,-E145,214.31,evehicle,98.03,2026-01-01 00:37:39.500000
ev1,0.0,-E105,7722.97,-E145,214.31,evehicle,98.03,2026-01-01 00:37:40
ev1,0.0,-E105,7722.97,-E145,214.31,evehicle,98.03,2026-01-01 00:37:40.500000
ev1,0.0,-E105,7722.97,-E145,214.31,evehicle,98.03,2026-01-01 00:37:41
ev1,0.0,-E105,7722.97,-E145,214.31,evehicle,98.03,2026-01-01 00:37:41.500000
ev1,0.0,-E105,7722.97,-E145,214.31,evehicle,98.03,2026-01-01 00:37:42
ev1,0.0,-E105,7722.97,-E145,214.31,evehicle,98.03,2026-01-01 00:37:42.500000
ev1,0.0,-E105,7722.97,-E145,214.31,evehicle,98.03,2026-01-01 00:37:43
ev1,0.0,-E105,7722.97,-E145,214.31,evehicle,98.03,2026-01-01 00:37:43.500000
ev1,0.0,-E105,7722.97,-E145,214.31,evehicle,98.03,2026-01-01 00:37:44
ev1,0.0,-E105,7722.97,-E145,214.31,evehicle,98.03,2026-01-01 00:37:44.500000
ev1,0.0,-E105,7722.97,-E145,214.31,evehicle,98.03,2026-01-01 00:37:45
ev1,0.0,-E105,7722.97,-E145,214.31,evehicle,98.03,2026-01-01 00:37:45.500000
ev1,0.0,-E105,7722.97,-E145,214.31,evehicle,98.03,2026-01-01 00:37:46
ev1,0.0,-E105,7722.97,-E145,214.31,evehicle,98.03,2026-01-01 00:37:46.500000
ev1,0.0,-E105,7722.97,-E145,214.31,evehicle,98.03,2026-01-01 00:37:47
ev1,0.0,-E105,7722.97,-E145,214.31,evehicle,98.03,2026-01-01 00:37:47.500000
ev1,0.0,-E105,7722.97,-E145,214.31,evehicle,98.03,2026-01-01 00:37:48
ev1,0.0,-E105,7722.97,-E145,214.31,evehicle,98.03,2026-01-01 00:37:48.500000
ev1,0.0,-E105,7722.97,-E145,214.31,evehicle,98.03,2026-01-01 00:37:49
ev1,0.0,-E105,7722.97,-E145,214.31,evehicle,98.03,2026-01-01 00:37:49.500000
ev1,0.0,-E105,7722.97,-E145,214.31,evehicle,98.03,2026-01-01 00:37:50
ev1,0.0,-E105,7722.97,-E145,214.31,evehicle,98.03,2026-01-01 00:37:50.500000
ev1,0.0,-E105,7722.97,-E145,214.31,evehicle,98.03,2026-01-01 00:37:51
ev1,0.0,-E105,7722.97,-E145,214.31,evehicle,98.03,2026-01-01 00:37:51.500000
ev1,0.0,-E105,7722.97,-E145,214.31,evehicle,98.03,2026-01-01 00:37:52
ev1,0.0,-E105,7722.97,-E145,214.31,evehicle,98.03,2026-01-01 00:37:52.500000
ev1,0.0,-E105,7722.97,-E145,214.31,evehicle,98.03,2026-01-01 00:37:53
ev1,0.0,-E105,7722.97,-E145,214.31,evehicle,98.03,2026-01-01 00:37:53.500000
ev1,0.0,-E105,7722.97,-E145,214.31,evehicle,98.03,2026-01-01 00:37:54
ev1,0.0,-E105,7722.97,-E145,214.31,evehicle,98.03,2026-01-01 00:37:54.500000
ev1,0.0,-E105,7722.97,-E145,214.31,evehicle,98.03,2026-01-01 00:37:55
ev1,0.0,-E105,7722.97,-E145,214.31,evehicle,98.03,2026-01-01 00:37:55.500000
ev1,0.0,-E105,7722.97,-E145,214.31,evehicle,98.03,2026-01-01 00:37:56
ev1,0.0,-E105,7722.97,-E145,214.31,evehicle,98.03,2026-01-01 00:37:56.500000
ev1,0.0,-E105,7722.97,-E145,214.31,evehicle,98.03,2026-01-01 00:37:57
ev1,0.0,-E105,7722.97,-E145,214.31,evehicle,98.03,2026-01-01 00:37:57.500000
ev1,0.0,-E105,7722.97,-E145,214.31,evehicle,98.03,2026-01-01 00:37:58
ev1,0.0,-E105,7722.97,-E145,214.31,evehicle,98.03,2026-01-01 00:37:58.500000
ev1,0.0,-E105,7722.97,-E145,214.31,evehicle,98.03,2026-01-01 00:37:59
ev1,0.0,-E105,7722.97,-E145,214.31,evehicle,98.03,2026-01-01 00:37:59.500000
ev1,0.0,-E105,7722.97,-E145,214.31,evehicle,98.03,2026-01-01 00:38:00
ev1,0.0,-E105,7722.97,-E145,214.31,evehicle,98.03,2026-01-01 00:38:00.500000
ev1,0.0,-E105,7722.97,-E145,214.31,evehicle,98.03,2026-01-01 00:38:01
ev1,0.0,-E105,7722.97,-E145,214.31,evehicle,98.03,2026-01-01 00:38:01.500000
ev1,0.0,-E105,7722.97,-E145,214.31,evehicle,98.03,2026-01-01 00:38:02
ev1,0.0,-E105,7722.97,-E145,214.31,evehicle,98.03,2026-01-01 00:38:02.500000
ev1,0.0,-E105,7722.97,-E145,214.31,evehicle,98.03,2026-01-01 00:38:03
ev1,4.21,-E105,7723.55,-E145,213.73,evehicle,98.03,2026-01-01 00:38:03.500000
ev1,8.78,:J85_3,7723.55,-E145,213.73,evehicle,98.0,2026-01-01 00:38:04
ev1,13.46,:J85_3,7723.55,-E145,213.73,evehicle,98.0,2026-01-01 00:38:04.500000
ev1,17.64,:J85_23,7723.55,-E145,213.73,evehicle,98.0,2026-01-01 00:38:05
ev1,20.81,:J85_23,7723.55,-E145,213.73,evehicle,98.0,2026-01-01 00:38:05.500000
ev1,25.06,:J85_23,7723.55,-E145,213.73,evehicle,97.97,2026-01-01 00:38:06
ev1,27.83,:J85_23,7723.55,-E145,213.73,evehicle,97.97,2026-01-01 00:38:06.500000
ev1,30.2,E139,7743.52,-E145,193.76,evehicle,97.94,2026-01-01 00:38:07
ev1,33.34,E139,7748.15,-E145,189.13,evehicle,97.94,2026-01-01 00:38:07.500000
ev1,35.93,E139,7753.15,-E145,184.13,evehicle,97.94,2026-01-01 00:38:08
ev1,39.13,E139,7758.58,-E145,178.7,evehicle,97.91,2026-01-01 00:38:08.500000
ev1,43.56,E139,7764.63,-E145,172.65,evehicle,97.89,2026-01-01 00:38:09
ev1,46.58,E139,7771.1,-E145,166.18,evehicle,97.89,2026-01-01 00:38:09.500000
ev1,47.3,:J98_10,7771.1,-E145,166.18,evehicle,97.86,2026-01-01 00:38:10
ev1,45.5,:J98_10,7771.1,-E145,166.18,evehicle,97.89,2026-01-01 00:38:10.500000
ev1,46.12,:J98_10,7771.1,-E145,166.18,evehicle,97.86,2026-01-01 00:38:11
ev1,47.3,E142,7796.97,-E145,140.31,evehicle,97.86,2026-01-01 00:38:11.500000
ev1,46.19,E142,7803.38,-E145,133.9,evehicle,97.86,2026-01-01 00:38:12
ev1,45.07,E142,7809.64,-E145,127.64,evehicle,97.86,2026-01-01 00:38:12.500000
ev1,43.99,E142,7815.75,-E145,121.53,evehicle,97.89,2026-01-01 00:38:13
ev1,42.88,:J92_10,7815.75,-E145,121.53,evehicle,97.89,2026-01-01 00:38:13.500000
ev1,41.83,:J92_10,7815.75,-E145,121.53,evehicle,97.89,2026-01-01 00:38:14
ev1,40.82,-E147,7833.19,-E145,104.09,evehicle,97.89,2026-01-01 00:38:14.500000
ev1,39.71,-E147,7838.7,-E145,98.58,evehicle,97.89,2026-01-01 00:38:15
ev1,38.59,-E147,7844.06,-E145,93.22,evehicle,97.89,2026-01-01 00:38:15.500000
ev1,37.48,-E147,7849.27,-E145,88.01,evehicle,97.89,2026-01-01 00:38:16
ev1,35.42,-E147,7854.19,-E145,83.09,evehicle,97.91,2026-01-01 00:38:16.500000
ev1,27.32,:J103_5,7854.19,-E145,83.09,evehicle,97.94,2026-01-01 00:38:17
ev1,26.68,:J103_5,7854.19,-E145,83.09,evehicle,97.94,2026-01-01 00:38:17.500000
ev1,26.1,:J103_5,7854.19,-E145,83.09,evehicle,97.94,2026-01-01 00:38:18
ev1,25.52,:J103_5,7854.19,-E145,83.09,evehicle,97.94,2026-01-01 00:38:18.500000
ev1,24.98,-E146,7872.33,-E145,64.95,evehicle,97.94,2026-01-01 00:38:19
ev1,24.3,-E146,7875.7,-E145,61.58,evehicle,97.94,2026-01-01 00:38:19.500000
ev1,23.65,-E146,7878.99,-E145,58.29,evehicle,97.94,2026-01-01 00:38:20
ev1,22.97,-E146,7882.18,-E145,55.1,evehicle,97.94,2026-01-01 00:38:20.500000
ev1,22.32,-E146,7885.28,-E145,52.0,evehicle,97.94,2026-01-01 00:38:21
ev1,21.64,-E146,7888.28,-E145,49.0,evehicle,97.94,2026-01-01 00:38:21.500000
ev1,20.99,-E146,7891.2,-E145,46.08,evehicle,97.94,2026-01-01 00:38:22
ev1,20.3,-E146,7894.02,-E145,43.26,evehicle,97.94,2026-01-01 00:38:22.500000
ev1,19.66,-E146,7896.75,-E145,40.53,evehicle,97.94,2026-01-01 00:38:23
ev1,19.01,-E146,7899.39,-E145,37.89,evehicle,97.94,2026-01-01 00:38:23.500000
ev1,18.32,:J102_0,7899.39,-E145,37.89,evehicle,97.94,2026-01-01 00:38:24
ev1,17.71,:J102_0,7899.39,-E145,37.89,evehicle,97.94,2026-01-01 00:38:24.500000
ev1,17.14,:J102_0,7899.39,-E145,37.89,evehicle,97.94,2026-01-01 00:38:25
ev1,16.6,-E145,7909.09,-E145,28.19,evehicle,97.94,2026-01-01 00:38:25.500000
ev1,15.91,-E145,7911.3,-E145,25.98,evehicle,97.94,2026-01-01 00:38:26
ev1,15.26,-E145,7913.42,-E145,23.86,evehicle,97.94,2026-01-01 00:38:26.500000
ev1,14.58,-E145,7915.44,-E145,21.84,evehicle,97.94,2026-01-01 00:38:27
ev1,13.9,-E145,7917.37,-E145,19.91,evehicle,97.94,2026-01-01 00:38:27.500000
ev1,13.21,-E145,7919.21,-E145,18.07,evehicle,97.94,2026-01-01 00:38:28
ev1,12.56,-E145,7920.95,-E145,16.33,evehicle,97.94,2026-01-01 00:38:28.500000
ev1,11.88,-E145,7922.6,-E145,14.68,evehicle,97.94,2026-01-01 00:38:29
ev1,11.23,-E145,7924.16,-E145,13.12,evehicle,97.94,2026-01-01 00:38:29.500000
ev1,10.55,-E145,7925.62,-E145,11.66,evehicle,97.94,2026-01-01 00:38:30
ev1,9.9,-E145,7927.0,-E145,10.28,evehicle,97.94,2026-01-01 00:38:30.500000
ev1,9.22,-E145,7928.28,-E145,9.0,evehicle,97.94,2026-01-01 00:38:31
ev1,1.12,-E145,7928.43,-E145,8.85,evehicle,97.94,2026-01-01 00:38:31.500000
ev1,0.0,-E145,7928.43,E30,626.06,evehicle,97.94,2026-01-01 00:38:32
ev1,0.0,-E145,7928.43,E30,626.06,evehicle,97.94,2026-01-01 00:38:32.500000
ev1,0.0,-E145,7928.43,E30,626.06,evehicle,97.94,2026-01-01 00:38:33
ev1,0.0,-E145,7928.43,E30,626.06,evehicle,97.94,2026-01-01 00:38:33.500000
ev1,0.0,-E145,7928.43,E30,626.06,evehicle,97.94,2026-01-01 00:38:34
ev1,0.0,-E145,7928.43,E30,626.06,evehicle,97.94,2026-01-01 00:38:34.500000
ev1,0.0,-E145,7928.43,E30,626.06,evehicle,97.94,2026-01-01 00:38:35
ev1,0.0,-E145,7928.43,E30,626.06,evehicle,97.94,2026-01-01 00:38:35.500000
ev1,0.0,-E145,7928.43,E30,626.06,evehicle,97.94,2026-01-01 00:38:36
ev1,0.0,-E145,7928.43,E30,626.06,evehicle,97.94,2026-01-01 00:38:36.500000
ev1,0.0,-E145,7928.43,E30,626.06,evehicle,97.94,2026-01-01 00:38:37
ev1,0.0,-E145,7928.43,E30,626.06,evehicle,97.94,2026-01-01 00:38:37.500000
ev1,0.0,-E145,7928.43,E30,626.06,evehicle,97.94,2026-01-01 00:38:38
ev1,0.0,-E145,7928.43,E30,626.06,evehicle,97.94,2026-01-01 00:38:38.500000
ev1,0.0,-E145,7928.43,E30,626.06,evehicle,97.94,2026-01-01 00:38:39
ev1,0.0,-E145,7928.43,E30,626.06,evehicle,97.94,2026-01-01 00:38:39.500000
ev1,0.0,-E145,7928.43,E30,626.06,evehicle,97.94,2026-01-01 00:38:40
ev1,0.0,-E145,7928.43,E30,626.06,evehicle,97.94,2026-01-01 00:38:40.500000
ev1,0.0,-E145,7928.43,E30,626.06,evehicle,97.94,2026-01-01 00:38:41
ev1,0.0,-E145,7928.43,E30,626.06,evehicle,97.94,2026-01-01 00:38:41.500000
ev1,0.0,-E145,7928.43,E30,626.06,evehicle,97.94,2026-01-01 00:38:42
ev1,0.0,-E145,7928.43,E30,626.06,evehicle,97.94,2026-01-01 00:38:42.500000
ev1,0.0,-E145,7928.43,E30,626.06,evehicle,97.94,2026-01-01 00:38:43
ev1,0.0,-E145,7928.43,E30,626.06,evehicle,97.94,2026-01-01 00:38:43.500000
ev1,0.0,-E145,7928.43,E30,626.06,evehicle,97.94,2026-01-01 00:38:44
ev1,0.0,-E145,7928.43,E30,626.06,evehicle,97.94,2026-01-01 00:38:44.500000
ev1,0.0,-E145,7928.43,E30,626.06,evehicle,97.94,2026-01-01 00:38:45
ev1,0.0,-E145,7928.43,E30,626.06,evehicle,97.94,2026-01-01 00:38:45.500000
ev1,0.0,-E145,7928.43,E30,626.06,evehicle,97.94,2026-01-01 00:38:46
ev1,0.0,-E145,7928.43,E30,626.06,evehicle,97.94,2026-01-01 00:38:46.500000
ev1,0.0,-E145,7928.43,E30,626.06,evehicle,97.94,2026-01-01 00:38:47
ev1,0.0,-E145,7928.43,E30,626.06,evehicle,97.94,2026-01-01 00:38:47.500000
ev1,0.0,-E145,7928.43,E30,626.06,evehicle,97.94,2026-01-01 00:38:48
ev1,0.0,-E145,7928.43,E30,626.06,evehicle,97.94,2026-01-01 00:38:48.500000
ev1,0.0,-E145,7928.43,E30,626.06,evehicle,97.94,2026-01-01 00:38:49
ev1,0.0,-E145,7928.43,E30,626.06,evehicle,97.94,2026-01-01 00:38:49.500000
ev1,0.0,-E145,7928.43,E30,626.06,evehicle,97.94,2026-01-01 00:38:50
ev1,0.0,-E145,7928.43,E30,626.06,evehicle,97.94,2026-01-01 00:38:50.500000
ev1,0.0,-E145,7928.43,E30,626.06,evehicle,97.94,2026-01-01 00:38:51
ev1,0.0,-E145,7928.43,E30,626.06,evehicle,97.94,2026-01-01 00:38:51.500000
ev1,0.0,-E145,7928.43,E30,626.06,evehicle,97.94,2026-01-01 00:38:52
ev1,0.0,-E145,7928.43,E30,626.06,evehicle,97.94,2026-01-01 00:38:52.500000
ev1,0.0,-E145,7928.43,E30,626.06,evehicle,97.94,2026-01-01 00:38:53
ev1,0.0,-E145,7928.43,E30,626.06,evehicle,97.94,2026-01-01 00:38:53.500000
ev1,0.0,-E145,7928.43,E30,626.06,evehicle,97.94,2026-01-01 00:38:54
ev1,0.0,-E145,7928.43,E30,626.06,evehicle,97.94,2026-01-01 00:38:54.500000
ev1,0.0,-E145,7928.43,E30,626.06,evehicle,97.94,2026-01-01 00:38:55
ev1,0.0,-E145,7928.43,E30,626.06,evehicle,97.94,2026-01-01 00:38:55.500000
ev1,0.0,-E145,7928.43,E30,626.06,evehicle,97.94,2026-01-01 00:38:56
ev1,0.0,-E145,7928.43,E30,626.06,evehicle,97.94,2026-01-01 00:38:56.500000
ev1,0.0,-E145,7928.43,E30,626.06,evehicle,97.94,2026-01-01 00:38:57
ev1,0.0,-E145,7928.43,E30,626.06,evehicle,97.94,2026-01-01 00:38:57.500000
ev1,0.0,-E145,7928.43,E30,626.06,evehicle,97.94,2026-01-01 00:38:58
ev1,0.0,-E145,7928.43,E30,626.06,evehicle,97.94,2026-01-01 00:38:58.500000
ev1,0.0,-E145,7928.43,E30,626.06,evehicle,97.94,2026-01-01 00:38:59
ev1,0.0,-E145,7928.43,E30,626.06,evehicle,97.94,2026-01-01 00:38:59.500000
ev1,0.0,-E145,7928.43,E30,626.06,evehicle,97.94,2026-01-01 00:39:00
ev1,0.0,-E145,7928.43,E30,626.06,evehicle,97.94,2026-01-01 00:39:00.500000
ev1,0.0,-E145,7928.43,E30,626.06,evehicle,97.94,2026-01-01 00:39:01
ev1,0.0,-E145,7928.43,E30,626.06,evehicle,97.94,2026-01-01 00:39:01.500000
ev1,0.0,-E145,7928.43,E30,626.06,evehicle,97.94,2026-01-01 00:39:02
ev1,0.0,-E145,7928.43,E30,626.06,evehicle,97.94,2026-01-01 00:39:02.500000
ev1,0.0,-E145,7928.43,E30,626.06,evehicle,97.94,2026-01-01 00:39:03
ev1,0.0,-E145,7928.43,E30,626.06,evehicle,97.94,2026-01-01 00:39:03.500000
ev1,0.0,-E145,7928.43,E30,626.06,evehicle,97.94,2026-01-01 00:39:04
ev1,0.0,-E145,7928.43,E30,626.06,evehicle,97.94,2026-01-01 00:39:04.500000
ev1,0.0,-E145,7928.43,E30,626.06,evehicle,97.94,2026-01-01 00:39:05
ev1,0.0,-E145,7928.43,E30,626.06,evehicle,97.94,2026-01-01 00:39:05.500000
ev1,0.0,-E145,7928.43,E30,626.06,evehicle,97.94,2026-01-01 00:39:06
ev1,0.0,-E145,7928.43,E30,626.06,evehicle,97.94,2026-01-01 00:39:06.500000
ev1,0.0,-E145,7928.43,E30,626.06,evehicle,97.94,2026-01-01 00:39:07
ev1,0.0,-E145,7928.43,E30,626.06,evehicle,97.94,2026-01-01 00:39:07.500000
ev1,0.0,-E145,7928.43,E30,626.06,evehicle,97.94,2026-01-01 00:39:08
ev1,0.0,-E145,7928.43,E30,626.06,evehicle,97.94,2026-01-01 00:39:08.500000
ev1,0.0,-E145,7928.43,E30,626.06,evehicle,97.94,2026-01-01 00:39:09
ev1,0.0,-E145,7928.43,E30,626.06,evehicle,97.94,2026-01-01 00:39:09.500000
ev1,0.0,-E145,7928.43,E30,626.06,evehicle,97.94,2026-01-01 00:39:10
ev1,0.0,-E145,7928.43,E30,626.06,evehicle,97.94,2026-01-01 00:39:10.500000
ev1,0.0,-E145,7928.43,E30,626.06,evehicle,97.94,2026-01-01 00:39:11
ev1,0.0,-E145,7928.43,E30,626.06,evehicle,97.94,2026-01-01 00:39:11.500000
ev1,0.0,-E145,7928.43,E30,626.06,evehicle,97.94,2026-01-01 00:39:12
ev1,0.0,-E145,7928.43,E30,626.06,evehicle,97.94,2026-01-01 00:39:12.500000
ev1,0.0,-E145,7928.43,E30,626.06,evehicle,97.94,2026-01-01 00:39:13
ev1,0.0,-E145,7928.43,E30,626.06,evehicle,97.94,2026-01-01 00:39:13.500000
ev1,0.0,-E145,7928.43,E30,626.06,evehicle,97.94,2026-01-01 00:39:14
ev1,0.0,-E145,7928.43,E30,626.06,evehicle,97.94,2026-01-01 00:39:14.500000
ev1,0.0,-E145,7928.43,E30,626.06,evehicle,97.94,2026-01-01 00:39:15
ev1,0.0,-E145,7928.43,E30,626.06,evehicle,97.94,2026-01-01 00:39:15.500000
ev1,0.0,-E145,7928.43,E30,626.06,evehicle,97.94,2026-01-01 00:39:16
ev1,0.0,-E145,7928.43,E30,626.06,evehicle,97.94,2026-01-01 00:39:16.500000
ev1,0.0,-E145,7928.43,E30,626.06,evehicle,97.94,2026-01-01 00:39:17
ev1,0.0,-E145,7928.43,E30,626.06,evehicle,97.94,2026-01-01 00:39:17.500000
ev1,0.0,-E145,7928.43,E30,626.06,evehicle,97.94,2026-01-01 00:39:18
ev1,0.0,-E145,7928.43,E30,626.06,evehicle,97.94,2026-01-01 00:39:18.500000
ev1,0.0,-E145,7928.43,E30,626.06,evehicle,97.94,2026-01-01 00:39:19
ev1,0.0,-E145,7928.43,E30,626.06,evehicle,97.94,2026-01-01 00:39:19.500000
ev1,0.0,-E145,7928.43,E30,626.06,evehicle,97.94,2026-01-01 00:39:20
ev1,0.0,-E145,7928.43,E30,626.06,evehicle,97.94,2026-01-01 00:39:20.500000
ev1,0.0,-E145,7928.43,E30,626.06,evehicle,97.94,2026-01-01 00:39:21
ev1,0.0,-E145,7928.43,E30,626.06,evehicle,97.94,2026-01-01 00:39:21.500000
ev1,0.0,-E145,7928.43,E30,626.06,evehicle,97.94,2026-01-01 00:39:22
ev1,0.0,-E145,7928.43,E30,626.06,evehicle,97.94,2026-01-01 00:39:22.500000
ev1,0.0,-E145,7928.43,E30,626.06,evehicle,97.94,2026-01-01 00:39:23
ev1,0.0,-E145,7928.43,E30,626.06,evehicle,97.94,2026-01-01 00:39:23.500000
ev1,0.0,-E145,7928.43,E30,626.06,evehicle,97.94,2026-01-01 00:39:24
ev1,0.0,-E145,7928.43,E30,626.06,evehicle,97.94,2026-01-01 00:39:24.500000
ev1,0.0,-E145,7928.43,E30,626.06,evehicle,97.94,2026-01-01 00:39:25
ev1,0.0,-E145,7928.43,E30,626.06,evehicle,97.94,2026-01-01 00:39:25.500000
ev1,0.0,-E145,7928.43,E30,626.06,evehicle,97.94,2026-01-01 00:39:26
ev1,0.0,-E145,7928.43,E30,626.06,evehicle,97.94,2026-01-01 00:39:26.500000
ev1,0.0,-E145,7928.43,E30,626.06,evehicle,97.94,2026-01-01 00:39:27
ev1,0.0,-E145,7928.43,E30,626.06,evehicle,97.94,2026-01-01 00:39:27.500000
ev1,0.0,-E145,7928.43,E30,626.06,evehicle,97.94,2026-01-01 00:39:28
ev1,0.0,-E145,7928.43,E30,626.06,evehicle,97.94,2026-01-01 00:39:28.500000
ev1,0.0,-E145,7928.43,E30,626.06,evehicle,97.94,2026-01-01 00:39:29
ev1,0.0,-E145,7928.43,E30,626.06,evehicle,97.94,2026-01-01 00:39:29.500000
ev1,0.0,-E145,7928.43,E30,626.06,evehicle,97.94,2026-01-01 00:39:30
ev1,0.0,-E145,7928.43,E30,626.06,evehicle,97.94,2026-01-01 00:39:30.500000
ev1,0.0,-E145,7928.43,E30,626.06,evehicle,97.94,2026-01-01 00:39:31
ev1,0.0,-E145,7928.43,E30,626.06,evehicle,97.94,2026-01-01 00:39:31.500000
ev1,0.0,-E145,7928.43,E30,626.06,evehicle,97.94,2026-01-01 00:39:32
ev1,4.07,-E145,7929.0,E30,625.49,evehicle,97.94,2026-01-01 00:39:32.500000
ev1,6.84,-E145,7929.95,E30,624.54,evehicle,97.94,2026-01-01 00:39:33
ev1,11.05,-E145,7931.48,E30,623.01,evehicle,97.94,2026-01-01 00:39:33.500000
ev1,14.8,-E145,7933.54,E30,620.95,evehicle,97.94,2026-01-01 00:39:34
ev1,17.5,-E145,7935.97,E30,618.52,evehicle,97.94,2026-01-01 00:39:34.500000
ev1,20.2,:J94_0,7935.97,E30,618.52,evehicle,97.91,2026-01-01 00:39:35
ev1,23.87,:J94_0,7935.97,E30,618.52,evehicle,97.91,2026-01-01 00:39:35.500000
ev1,28.48,:J94_0,7935.97,E30,618.52,evehicle,97.89,2026-01-01 00:39:36
ev1,32.47,:J94_0,7935.97,E30,618.52,evehicle,97.89,2026-01-01 00:39:36.500000
ev1,35.93,-E141,7955.55,E30,598.94,evehicle,97.86,2026-01-01 00:39:37
ev1,38.59,-E141,7960.91,E30,593.58,evehicle,97.86,2026-01-01 00:39:37.500000
ev1,41.04,-E141,7966.6,E30,587.89,evehicle,97.86,2026-01-01 00:39:38
ev1,41.0,-E141,7972.3,E30,582.19,evehicle,97.83,2026-01-01 00:39:38.500000
ev1,34.38,-E141,7977.07,E30,577.42,evehicle,97.86,2026-01-01 00:39:39
ev1,28.37,-E141,7981.01,E30,573.48,evehicle,97.89,2026-01-01 00:39:39.500000
ev1,20.27,:J99_0,7981.01,E30,573.48,evehicle,97.91,2026-01-01 00:39:40
ev1,20.48,:J99_0,7981.01,E30,573.48,evehicle,97.91,2026-01-01 00:39:40.500000
ev1,19.66,-E140,7989.4,E30,565.09,evehicle,97.91,2026-01-01 00:39:41
ev1,23.87,-E140,7992.71,E30,561.78,evehicle,97.89,2026-01-01 00:39:41.500000
ev1,28.15,-E140,7996.62,E30,557.87,evehicle,97.89,2026-01-01 00:39:42
ev1,30.56,-E140,8000.87,E30,553.62,evehicle,97.89,2026-01-01 00:39:42.500000
ev1,34.2,-E140,8005.62,E30,548.87,evehicle,97.86,2026-01-01 00:39:43
ev1,36.5,-E140,8010.69,E30,543.8,evehicle,97.86,2026-01-01 00:39:43.500000
ev1,28.51,-E140,8014.65,E30,539.84,evehicle,97.89,2026-01-01 00:39:44
ev1,21.06,:J98_0,8014.65,E30,539.84,evehicle,97.89,2026-01-01 00:39:44.500000
ev1,21.06,:J98_0,8014.65,E30,539.84,evehicle,97.89,2026-01-01 00:39:45
ev1,22.1,:J98_0,8014.65,E30,539.84,evehicle,97.89,2026-01-01 00:39:45.500000
ev1,20.7,-E139,8026.44,E30,528.05,evehicle,97.89,2026-01-01 00:39:46
ev1,23.87,-E139,8029.76,E30,524.73,evehicle,97.89,2026-01-01 00:39:46.500000
ev1,26.28,-E139,8033.41,E30,521.08,evehicle,97.89,2026-01-01 00:39:47
ev1,28.94,-E139,8037.43,E30,517.06,evehicle,97.86,2026-01-01 00:39:47.500000
ev1,33.05,-E139,8042.01,E30,512.48,evehicle,97.86,2026-01-01 00:39:48
ev1,34.92,-E139,8046.86,E30,507.63,evehicle,97.83,2026-01-01 00:39:48.500000
ev1,27.97,-E139,8050.75,E30,503.74,evehicle,97.86,2026-01-01 00:39:49
ev1,19.87,-E139,8053.51,E30,500.98,evehicle,97.89,2026-01-01 00:39:49.500000
ev1,12.71,-E139,8055.28,E30,499.21,evehicle,97.89,2026-01-01 00:39:50
ev1,4.61,-E139,8055.92,E30,498.57,evehicle,97.91,2026-01-01 00:39:50.500000
ev1,0.22,-E139,8055.95,E30,498.54,evehicle,97.91,2026-01-01 00:39:51
ev1,0.0,-E139,8055.95,E30,498.54,evehicle,97.91,2026-01-01 00:39:51.500000
ev1,0.0,-E139,8055.95,E30,498.54,evehicle,97.91,2026-01-01 00:39:52
ev1,0.0,-E139,8055.95,E30,498.54,evehicle,97.91,2026-01-01 00:39:52.500000
ev1,0.0,-E139,8055.95,E30,498.54,evehicle,97.91,2026-01-01 00:39:53
ev1,0.0,-E139,8055.95,E30,498.54,evehicle,97.91,2026-01-01 00:39:53.500000
ev1,0.0,-E139,8055.95,E30,498.54,evehicle,97.91,2026-01-01 00:39:54
ev1,0.0,-E139,8055.95,E30,498.54,evehicle,97.91,2026-01-01 00:39:54.500000
ev1,0.0,-E139,8055.95,E30,498.54,evehicle,97.91,2026-01-01 00:39:55
ev1,0.0,-E139,8055.95,E30,498.54,evehicle,97.91,2026-01-01 00:39:55.500000
ev1,0.0,-E139,8055.95,E30,498.54,evehicle,97.91,2026-01-01 00:39:56
ev1,0.0,-E139,8055.95,E30,498.54,evehicle,97.91,2026-01-01 00:39:56.500000
ev1,0.0,-E139,8055.95,E30,498.54,evehicle,97.91,2026-01-01 00:39:57
ev1,0.0,-E139,8055.95,E30,498.54,evehicle,97.91,2026-01-01 00:39:57.500000
ev1,0.0,-E139,8055.95,E30,498.54,evehicle,97.91,2026-01-01 00:39:58
ev1,0.0,-E139,8055.95,E30,498.54,evehicle,97.91,2026-01-01 00:39:58.500000
ev1,0.0,-E139,8055.95,E30,498.54,evehicle,97.91,2026-01-01 00:39:59
ev1,0.0,-E139,8055.95,E30,498.54,evehicle,97.91,2026-01-01 00:39:59.500000
ev1,0.0,-E139,8055.95,E30,498.54,evehicle,97.91,2026-01-01 00:40:00
ev1,0.0,-E139,8055.95,E30,498.54,evehicle,97.91,2026-01-01 00:40:00.500000
ev1,0.0,-E139,8055.95,E30,498.54,evehicle,97.91,2026-01-01 00:40:01
ev1,0.0,-E139,8055.95,E30,498.54,evehicle,97.91,2026-01-01 00:40:01.500000
ev1,0.0,-E139,8055.95,E30,498.54,evehicle,97.91,2026-01-01 00:40:02
ev1,0.0,-E139,8055.95,E30,498.54,evehicle,97.91,2026-01-01 00:40:02.500000
ev1,0.0,-E139,8055.95,E30,498.54,evehicle,97.91,2026-01-01 00:40:03
ev1,0.0,-E139,8055.95,E30,498.54,evehicle,97.91,2026-01-01 00:40:03.500000
ev1,0.0,-E139,8055.95,E30,498.54,evehicle,97.91,2026-01-01 00:40:04
ev1,0.0,-E139,8055.95,E30,498.54,evehicle,97.91,2026-01-01 00:40:04.500000
ev1,0.0,-E139,8055.95,E30,498.54,evehicle,97.91,2026-01-01 00:40:05
ev1,0.0,-E139,8055.95,E30,498.54,evehicle,97.91,2026-01-01 00:40:05.500000
ev1,0.0,-E139,8055.95,E30,498.54,evehicle,97.91,2026-01-01 00:40:06
ev1,0.0,-E139,8055.95,E30,498.54,evehicle,97.91,2026-01-01 00:40:06.500000
ev1,0.0,-E139,8055.95,E30,498.54,evehicle,97.91,2026-01-01 00:40:07
ev1,0.0,-E139,8055.95,E30,498.54,evehicle,97.91,2026-01-01 00:40:07.500000
ev1,0.0,-E139,8055.95,E30,498.54,evehicle,97.91,2026-01-01 00:40:08
ev1,0.0,-E139,8055.95,E30,498.54,evehicle,97.91,2026-01-01 00:40:08.500000
ev1,0.0,-E139,8055.95,E30,498.54,evehicle,97.91,2026-01-01 00:40:09
ev1,0.0,-E139,8055.95,E30,498.54,evehicle,97.91,2026-01-01 00:40:09.500000
ev1,0.0,-E139,8055.95,E30,498.54,evehicle,97.91,2026-01-01 00:40:10
ev1,0.0,-E139,8055.95,E30,498.54,evehicle,97.91,2026-01-01 00:40:10.500000
ev1,0.0,-E139,8055.95,E30,498.54,evehicle,97.91,2026-01-01 00:40:11
ev1,0.0,-E139,8055.95,E30,498.54,evehicle,97.91,2026-01-01 00:40:11.500000
ev1,0.0,-E139,8055.95,E30,498.54,evehicle,97.91,2026-01-01 00:40:12
ev1,0.0,-E139,8055.95,E30,498.54,evehicle,97.91,2026-01-01 00:40:12.500000
ev1,0.0,-E139,8055.95,E30,498.54,evehicle,97.91,2026-01-01 00:40:13
ev1,0.0,-E139,8055.95,E30,498.54,evehicle,97.91,2026-01-01 00:40:13.500000
ev1,0.0,-E139,8055.95,E30,498.54,evehicle,97.91,2026-01-01 00:40:14
ev1,0.0,-E139,8055.95,E30,498.54,evehicle,97.91,2026-01-01 00:40:14.500000
ev1,0.0,-E139,8055.95,E30,498.54,evehicle,97.91,2026-01-01 00:40:15
ev1,0.0,-E139,8055.95,E30,498.54,evehicle,97.91,2026-01-01 00:40:15.500000
ev1,0.0,-E139,8055.95,E30,498.54,evehicle,97.91,2026-01-01 00:40:16
ev1,0.0,-E139,8055.95,E30,498.54,evehicle,97.91,2026-01-01 00:40:16.500000
ev1,0.0,-E139,8055.95,E30,498.54,evehicle,97.91,2026-01-01 00:40:17
ev1,0.0,-E139,8055.95,E30,498.54,evehicle,97.91,2026-01-01 00:40:17.500000
ev1,0.0,-E139,8055.95,E30,498.54,evehicle,97.91,2026-01-01 00:40:18
ev1,0.0,-E139,8055.95,E30,498.54,evehicle,97.91,2026-01-01 00:40:18.500000
ev1,0.0,-E139,8055.95,E30,498.54,evehicle,97.91,2026-01-01 00:40:19
ev1,0.0,-E139,8055.95,E30,498.54,evehicle,97.91,2026-01-01 00:40:19.500000
ev1,0.0,-E139,8055.95,E30,498.54,evehicle,97.91,2026-01-01 00:40:20
ev1,0.0,-E139,8055.95,E30,498.54,evehicle,97.91,2026-01-01 00:40:20.500000
ev1,0.0,-E139,8055.95,E30,498.54,evehicle,97.91,2026-01-01 00:40:21
ev1,0.0,-E139,8055.95,E30,498.54,evehicle,97.91,2026-01-01 00:40:21.500000
ev1,0.0,-E139,8055.95,E30,498.54,evehicle,97.91,2026-01-01 00:40:22
ev1,0.0,-E139,8055.95,E30,498.54,evehicle,97.91,2026-01-01 00:40:22.500000
ev1,0.0,-E139,8055.95,E30,498.54,evehicle,97.91,2026-01-01 00:40:23
ev1,0.0,-E139,8055.95,E30,498.54,evehicle,97.91,2026-01-01 00:40:23.500000
ev1,0.0,-E139,8055.95,E30,498.54,evehicle,97.91,2026-01-01 00:40:24
ev1,0.0,-E139,8055.95,E30,498.54,evehicle,97.91,2026-01-01 00:40:24.500000
ev1,0.0,-E139,8055.95,E30,498.54,evehicle,97.91,2026-01-01 00:40:25
ev1,0.0,-E139,8055.95,E30,498.54,evehicle,97.91,2026-01-01 00:40:25.500000
ev1,0.0,-E139,8055.95,E30,498.54,evehicle,97.91,2026-01-01 00:40:26
ev1,0.0,-E139,8055.95,E30,498.54,evehicle,97.91,2026-01-01 00:40:26.500000
ev1,0.0,-E139,8055.95,E30,498.54,evehicle,97.91,2026-01-01 00:40:27
ev1,0.0,-E139,8055.95,E30,498.54,evehicle,97.91,2026-01-01 00:40:27.500000
ev1,0.0,-E139,8055.95,E30,498.54,evehicle,97.91,2026-01-01 00:40:28
ev1,0.0,-E139,8055.95,E30,498.54,evehicle,97.91,2026-01-01 00:40:28.500000
ev1,0.0,-E139,8055.95,E30,498.54,evehicle,97.91,2026-01-01 00:40:29
ev1,0.0,-E139,8055.95,E30,498.54,evehicle,97.91,2026-01-01 00:40:29.500000
ev1,0.0,-E139,8055.95,E30,498.54,evehicle,97.91,2026-01-01 00:40:30
ev1,4.14,-E139,8056.53,E30,497.96,evehicle,97.91,2026-01-01 00:40:30.500000
ev1,7.78,:J85_4,8056.53,E30,497.96,evehicle,97.91,2026-01-01 00:40:31
ev1,10.12,:J85_4,8056.53,E30,497.96,evehicle,97.89,2026-01-01 00:40:31.500000
ev1,12.64,:J85_4,8056.53,E30,497.96,evehicle,97.89,2026-01-01 00:40:32
ev1,15.73,:J85_4,8056.53,E30,497.96,evehicle,97.89,2026-01-01 00:40:32.500000
ev1,18.22,:J85_4,8056.53,E30,497.96,evehicle,97.89,2026-01-01 00:40:33
ev1,20.16,E105,8068.28,E30,486.21,evehicle,97.89,2026-01-01 00:40:33.500000
ev1,24.12,E105,8071.63,E30,482.86,evehicle,97.86,2026-01-01 00:40:34
ev1,28.76,E105,8075.63,E30,478.86,evehicle,97.86,2026-01-01 00:40:34.500000
ev1,32.11,E105,8080.08,E30,474.41,evehicle,97.83,2026-01-01 00:40:35
ev1,35.68,E105,8085.04,E30,469.45,evehicle,97.83,2026-01-01 00:40:35.500000
ev1,40.25,E105,8090.63,E30,463.86,evehicle,97.8,2026-01-01 00:40:36
ev1,43.06,E105,8096.61,E30,457.88,evehicle,97.77,2026-01-01 00:40:36.500000
ev1,46.51,E105,8103.07,E30,451.42,evehicle,97.77,2026-01-01 00:40:37
ev1,46.84,E105,8109.57,E30,444.92,evehicle,97.77,2026-01-01 00:40:37.500000
ev1,42.05,E105,8115.42,E30,439.07,evehicle,97.77,2026-01-01 00:40:38
ev1,35.5,E105,8120.34,E30,434.15,evehicle,97.8,2026-01-01 00:40:38.500000
ev1,27.4,E105,8124.15,E30,430.34,evehicle,97.83,2026-01-01 00:40:39
ev1,20.38,E105,8126.98,E30,427.51,evehicle,97.86,2026-01-01 00:40:39.500000
ev1,21.92,:J6_4,8126.98,E30,427.51,evehicle,97.86,2026-01-01 00:40:40
ev1,20.23,:J6_4,8126.98,E30,427.51,evehicle,97.86,2026-01-01 00:40:40.500000
ev1,20.41,:J6_4,8126.98,E30,427.51,evehicle,97.86,2026-01-01 00:40:41
ev1,20.63,-joulesA,8138.53,E30,415.96,evehicle,97.86,2026-01-01 00:40:41.500000
ev1,24.41,-joulesA,8141.92,E30,412.57,evehicle,97.83,2026-01-01 00:40:42
ev1,27.97,-joulesA,8145.8,E30,408.69,evehicle,97.83,2026-01-01 00:40:42.500000
ev1,30.38,-joulesA,8150.02,E30,404.47,evehicle,97.83,2026-01-01 00:40:43
ev1,33.16,-joulesA,8154.63,E30,399.86,evehicle,97.8,2026-01-01 00:40:43.500000
ev1,36.5,-joulesA,8159.7,E30,394.79,evehicle,97.8,2026-01-01 00:40:44
ev1,40.0,-joulesA,8165.25,E30,389.24,evehicle,97.77,2026-01-01 00:40:44.500000
ev1,42.59,-joulesA,8171.16,E30,383.33,evehicle,97.77,2026-01-01 00:40:45
ev1,47.16,-joulesA,8177.71,E30,376.78,evehicle,97.74,2026-01-01 00:40:45.500000
ev1,50.62,-joulesA,8184.74,E30,369.75,evehicle,97.71,2026-01-01 00:40:46
ev1,53.57,-joulesA,8192.18,E30,362.31,evehicle,97.69,2026-01-01 00:40:46.500000
ev1,56.56,-joulesA,8200.03,E30,354.46,evehicle,97.69,2026-01-01 00:40:47
ev1,60.23,-joulesA,8208.4,E30,346.09,evehicle,97.66,2026-01-01 00:40:47.500000
ev1,64.01,-joulesA,8217.29,E30,337.2,evehicle,97.63,2026-01-01 00:40:48
ev1,68.33,-joulesA,8226.78,E30,327.71,evehicle,97.57,2026-01-01 00:40:48.500000
ev1,70.7,-joulesA,8236.6,E30,317.89,evehicle,97.54,2026-01-01 00:40:49
ev1,73.33,-joulesA,8246.79,E30,307.7,evehicle,97.54,2026-01-01 00:40:49.500000
ev1,77.11,-joulesA,8257.5,E30,296.99,evehicle,97.49,2026-01-01 00:40:50
ev1,79.78,-joulesA,8268.58,E30,285.91,evehicle,97.46,2026-01-01 00:40:50.500000
ev1,74.48,-joulesA,8278.93,E30,275.56,evehicle,97.51,2026-01-01 00:40:51
ev1,66.38,-joulesA,8288.15,E30,266.34,evehicle,97.57,2026-01-01 00:40:51.500000
ev1,58.28,-joulesA,8296.25,E30,258.24,evehicle,97.63,2026-01-01 00:40:52
ev1,50.54,-joulesA,8303.27,E30,251.22,evehicle,97.66,2026-01-01 00:40:52.500000
ev1,42.62,-joulesA,8309.19,E30,245.3,evehicle,97.71,2026-01-01 00:40:53
ev1,34.52,-joulesA,8313.98,E30,240.51,evehicle,97.74,2026-01-01 00:40:53.500000
ev1,26.64,-joulesA,8317.68,E30,236.81,evehicle,97.77,2026-01-01 00:40:54
ev1,20.45,:J5_7,8317.68,E30,236.81,evehicle,97.77,2026-01-01 00:40:54.500000
ev1,22.18,:J5_7,8317.68,E30,236.81,evehicle,97.77,2026-01-01 00:40:55
ev1,20.48,:J5_7,8317.68,E30,236.81,evehicle,97.77,2026-01-01 00:40:55.500000
ev1,21.02,pitagoras,8329.37,E30,225.12,evehicle,97.77,2026-01-01 00:40:56
ev1,23.72,pitagoras,8332.66,E30,221.83,evehicle,97.77,2026-01-01 00:40:56.500000
ev1,27.25,pitagoras,8336.45,E30,218.04,evehicle,97.77,2026-01-01 00:40:57
ev1,31.72,pitagoras,8340.86,E30,213.63,evehicle,97.74,2026-01-01 00:40:57.500000
ev1,34.99,pitagoras,8345.72,E30,208.77,evehicle,97.71,2026-01-01 00:40:58
ev1,39.1,pitagoras,8351.15,E30,203.34,evehicle,97.71,2026-01-01 00:40:58.500000
ev1,43.74,:J0_1,8351.15,E30,203.34,evehicle,97.69,2026-01-01 00:40:59
ev1,47.12,:J0_1,8351.15,E30,203.34,evehicle,97.66,2026-01-01 00:40:59.500000
ev1,46.01,:J0_1,8351.15,E30,203.34,evehicle,97.66,2026-01-01 00:41:00
ev1,46.69,E15,8376.64,E30,177.85,evehicle,97.66,2026-01-01 00:41:00.500000
ev1,45.22,E15,8382.92,E30,171.57,evehicle,97.66,2026-01-01 00:41:01
ev1,45.65,E15,8389.26,E30,165.23,evehicle,97.66,2026-01-01 00:41:01.500000
ev1,41.76,E15,8395.06,E30,159.43,evehicle,97.69,2026-01-01 00:41:02
ev1,33.8,E15,8399.75,E30,154.74,evehicle,97.71,2026-01-01 00:41:02.500000
ev1,26.21,:J26_3,8399.75,E30,154.74,evehicle,97.74,2026-01-01 00:41:03
ev1,30.89,:J26_3,8399.75,E30,154.74,evehicle,97.71,2026-01-01 00:41:03.500000
ev1,30.56,:J26_16,8399.75,E30,154.74,evehicle,97.71,2026-01-01 00:41:04
ev1,29.41,:J26_16,8399.75,E30,154.74,evehicle,97.71,2026-01-01 00:41:04.500000
ev1,31.0,:J26_16,8399.75,E30,154.74,evehicle,97.71,2026-01-01 00:41:05
ev1,31.54,E16,8424.69,E30,129.8,evehicle,97.71,2026-01-01 00:41:05.500000
ev1,31.0,E16,8429.0,E30,125.49,evehicle,97.71,2026-01-01 00:41:06
ev1,30.49,E16,8433.23,E30,121.26,evehicle,97.71,2026-01-01 00:41:06.500000
ev1,29.95,E16,8437.39,E30,117.1,evehicle,97.71,2026-01-01 00:41:07
ev1,29.41,E16,8441.48,E30,113.01,evehicle,97.71,2026-01-01 00:41:07.500000
ev1,28.87,E16,8445.49,E30,109.0,evehicle,97.71,2026-01-01 00:41:08
ev1,28.33,E16,8449.43,E30,105.06,evehicle,97.71,2026-01-01 00:41:08.500000
ev1,27.83,E16,8453.29,E30,101.2,evehicle,97.71,2026-01-01 00:41:09
ev1,27.29,:J27_11,8453.29,E30,101.2,evehicle,97.71,2026-01-01 00:41:09.500000
ev1,26.78,:J27_11,8453.29,E30,101.2,evehicle,97.71,2026-01-01 00:41:10
ev1,26.28,:J27_11,8453.29,E30,101.2,evehicle,97.71,2026-01-01 00:41:10.500000
ev1,25.81,:J27_11,8453.29,E30,101.2,evehicle,97.71,2026-01-01 00:41:11
ev1,25.34,E27,8471.55,E30,82.94,evehicle,97.71,2026-01-01 00:41:11.500000
ev1,24.8,E27,8475.0,E30,79.49,evehicle,97.71,2026-01-01 00:41:12
ev1,24.26,E27,8478.37,E30,76.12,evehicle,97.71,2026-01-01 00:41:12.500000
ev1,23.72,E27,8481.67,E30,72.82,evehicle,97.74,2026-01-01 00:41:13
ev1,23.22,E27,8484.89,E30,69.6,evehicle,97.74,2026-01-01 00:41:13.500000
ev1,22.68,E27,8488.04,E30,66.45,evehicle,97.74,2026-01-01 00:41:14
ev1,22.14,E27,8491.11,E30,63.38,evehicle,97.74,2026-01-01 00:41:14.500000
ev1,21.6,E27,8494.11,E30,60.38,evehicle,97.74,2026-01-01 00:41:15
ev1,21.06,E27,8497.04,E30,57.45,evehicle,97.74,2026-01-01 00:41:15.500000
ev1,20.52,E27,8499.89,E30,54.6,evehicle,97.74,2026-01-01 00:41:16
ev1,19.98,E27,8502.66,E30,51.83,evehicle,97.74,2026-01-01 00:41:16.500000
ev1,19.44,:J18_11,8502.66,E30,51.83,evehicle,97.74,2026-01-01 00:41:17
ev1,18.94,:J18_11,8502.66,E30,51.83,evehicle,97.74,2026-01-01 00:41:17.500000
ev1,18.47,:J18_11,8502.66,E30,51.83,evehicle,97.74,2026-01-01 00:41:18
ev1,18.0,:J18_11,8502.66,E30,51.83,evehicle,97.74,2026-01-01 00:41:18.500000
ev1,17.57,:J18_11,8502.66,E30,51.83,evehicle,97.74,2026-01-01 00:41:19
ev1,17.17,:J18_11,8502.66,E30,51.83,evehicle,97.74,2026-01-01 00:41:19.500000
ev1,16.78,E30,8520.21,E30,34.28,evehicle,97.74,2026-01-01 00:41:20
ev1,16.2,E30,8522.46,E30,32.03,evehicle,97.74,2026-01-01 00:41:20.500000
ev1,15.62,E30,8524.63,E30,29.86,evehicle,97.74,2026-01-01 00:41:21
ev1,15.05,E30,8526.72,E30,27.77,evehicle,97.74,2026-01-01 00:41:21.500000
ev1,14.47,E30,8528.73,E30,25.76,evehicle,97.74,2026-01-01 00:41:22
ev1,13.93,E30,8530.67,E30,23.82,evehicle,97.74,2026-01-01 00:41:22.500000
ev1,13.36,E30,8532.52,E30,21.97,evehicle,97.74,2026-01-01 00:41:23
ev1,12.78,E30,8534.3,E30,20.19,evehicle,97.74,2026-01-01 00:41:23.500000
ev1,12.24,E30,8536.0,E30,18.49,evehicle,97.74,2026-01-01 00:41:24
ev1,11.66,E30,8537.62,E30,16.87,evehicle,97.74,2026-01-01 00:41:24.500000
ev1,11.12,E30,8539.16,E30,15.33,evehicle,97.74,2026-01-01 00:41:25
ev1,10.55,E30,8540.63,E30,13.86,evehicle,97.74,2026-01-01 00:41:25.500000
ev1,10.01,E30,8542.01,E30,12.48,evehicle,97.74,2026-01-01 00:41:26
ev1,9.43,E30,8543.32,E30,11.17,evehicle,97.74,2026-01-01 00:41:26.500000
ev1,8.89,E30,8544.56,E30,9.93,evehicle,97.74,2026-01-01 00:41:27
ev1,0.79,E30,8544.67,E30,9.82,evehicle,97.74,2026-01-01 00:41:27.500000
ev1,0.0,E30,8544.67,E60,223.47,evehicle,97.74,2026-01-01 00:41:28
ev1,0.0,E30,8544.67,E60,223.47,evehicle,97.74,2026-01-01 00:41:28.500000
ev1,0.0,E30,8544.67,E60,223.47,evehicle,97.74,2026-01-01 00:41:29
ev1,0.0,E30,8544.67,E60,223.47,evehicle,97.74,2026-01-01 00:41:29.500000
ev1,0.0,E30,8544.67,E60,223.47,evehicle,97.74,2026-01-01 00:41:30
ev1,0.0,E30,8544.67,E60,223.47,evehicle,97.74,2026-01-01 00:41:30.500000
ev1,0.0,E30,8544.67,E60,223.47,evehicle,97.74,2026-01-01 00:41:31
ev1,0.0,E30,8544.67,E60,223.47,evehicle,97.74,2026-01-01 00:41:31.500000
ev1,0.0,E30,8544.67,E60,223.47,evehicle,97.74,2026-01-01 00:41:32
ev1,0.0,E30,8544.67,E60,223.47,evehicle,97.74,2026-01-01 00:41:32.500000
ev1,0.0,E30,8544.67,E60,223.47,evehicle,97.74,2026-01-01 00:41:33
ev1,0.0,E30,8544.67,E60,223.47,evehicle,97.74,2026-01-01 00:41:33.500000
ev1,0.0,E30,8544.67,E60,223.47,evehicle,97.74,2026-01-01 00:41:34
ev1,0.0,E30,8544.67,E60,223.47,evehicle,97.74,2026-01-01 00:41:34.500000
ev1,0.0,E30,8544.67,E60,223.47,evehicle,97.74,2026-01-01 00:41:35
ev1,0.0,E30,8544.67,E60,223.47,evehicle,97.74,2026-01-01 00:41:35.500000
ev1,0.0,E30,8544.67,E60,223.47,evehicle,97.74,2026-01-01 00:41:36
ev1,0.0,E30,8544.67,E60,223.47,evehicle,97.74,2026-01-01 00:41:36.500000
ev1,0.0,E30,8544.67,E60,223.47,evehicle,97.74,2026-01-01 00:41:37
ev1,0.0,E30,8544.67,E60,223.47,evehicle,97.74,2026-01-01 00:41:37.500000
ev1,0.0,E30,8544.67,E60,223.47,evehicle,97.74,2026-01-01 00:41:38
ev1,0.0,E30,8544.67,E60,223.47,evehicle,97.74,2026-01-01 00:41:38.500000
ev1,0.0,E30,8544.67,E60,223.47,evehicle,97.74,2026-01-01 00:41:39
ev1,0.0,E30,8544.67,E60,223.47,evehicle,97.74,2026-01-01 00:41:39.500000
ev1,0.0,E30,8544.67,E60,223.47,evehicle,97.74,2026-01-01 00:41:40
ev1,0.0,E30,8544.67,E60,223.47,evehicle,97.74,2026-01-01 00:41:40.500000
ev1,0.0,E30,8544.67,E60,223.47,evehicle,97.74,2026-01-01 00:41:41
ev1,0.0,E30,8544.67,E60,223.47,evehicle,97.74,2026-01-01 00:41:41.500000
ev1,0.0,E30,8544.67,E60,223.47,evehicle,97.74,2026-01-01 00:41:42
ev1,0.0,E30,8544.67,E60,223.47,evehicle,97.74,2026-01-01 00:41:42.500000
ev1,0.0,E30,8544.67,E60,223.47,evehicle,97.74,2026-01-01 00:41:43
ev1,0.0,E30,8544.67,E60,223.47,evehicle,97.74,2026-01-01 00:41:43.500000
ev1,0.0,E30,8544.67,E60,223.47,evehicle,97.74,2026-01-01 00:41:44
ev1,0.0,E30,8544.67,E60,223.47,evehicle,97.74,2026-01-01 00:41:44.500000
ev1,0.0,E30,8544.67,E60,223.47,evehicle,97.74,2026-01-01 00:41:45
ev1,0.0,E30,8544.67,E60,223.47,evehicle,97.74,2026-01-01 00:41:45.500000
ev1,0.0,E30,8544.67,E60,223.47,evehicle,97.74,2026-01-01 00:41:46
ev1,0.0,E30,8544.67,E60,223.47,evehicle,97.74,2026-01-01 00:41:46.500000
ev1,0.0,E30,8544.67,E60,223.47,evehicle,97.74,2026-01-01 00:41:47
ev1,0.0,E30,8544.67,E60,223.47,evehicle,97.74,2026-01-01 00:41:47.500000
ev1,0.0,E30,8544.67,E60,223.47,evehicle,97.74,2026-01-01 00:41:48
ev1,0.0,E30,8544.67,E60,223.47,evehicle,97.74,2026-01-01 00:41:48.500000
ev1,0.0,E30,8544.67,E60,223.47,evehicle,97.74,2026-01-01 00:41:49
ev1,0.0,E30,8544.67,E60,223.47,evehicle,97.74,2026-01-01 00:41:49.500000
ev1,0.0,E30,8544.67,E60,223.47,evehicle,97.74,2026-01-01 00:41:50
ev1,0.0,E30,8544.67,E60,223.47,evehicle,97.74,2026-01-01 00:41:50.500000
ev1,0.0,E30,8544.67,E60,223.47,evehicle,97.74,2026-01-01 00:41:51
ev1,0.0,E30,8544.67,E60,223.47,evehicle,97.74,2026-01-01 00:41:51.500000
ev1,0.0,E30,8544.67,E60,223.47,evehicle,97.74,2026-01-01 00:41:52
ev1,0.0,E30,8544.67,E60,223.47,evehicle,97.74,2026-01-01 00:41:52.500000
ev1,0.0,E30,8544.67,E60,223.47,evehicle,97.74,2026-01-01 00:41:53
ev1,0.0,E30,8544.67,E60,223.47,evehicle,97.74,2026-01-01 00:41:53.500000
ev1,0.0,E30,8544.67,E60,223.47,evehicle,97.74,2026-01-01 00:41:54
ev1,0.0,E30,8544.67,E60,223.47,evehicle,97.74,2026-01-01 00:41:54.500000
ev1,0.0,E30,8544.67,E60,223.47,evehicle,97.74,2026-01-01 00:41:55
ev1,0.0,E30,8544.67,E60,223.47,evehicle,97.74,2026-01-01 00:41:55.500000
ev1,0.0,E30,8544.67,E60,223.47,evehicle,97.74,2026-01-01 00:41:56
ev1,0.0,E30,8544.67,E60,223.47,evehicle,97.74,2026-01-01 00:41:56.500000
ev1,0.0,E30,8544.67,E60,223.47,evehicle,97.74,2026-01-01 00:41:57
ev1,0.0,E30,8544.67,E60,223.47,evehicle,97.74,2026-01-01 00:41:57.500000
ev1,0.0,E30,8544.67,E60,223.47,evehicle,97.74,2026-01-01 00:41:58
ev1,0.0,E30,8544.67,E60,223.47,evehicle,97.74,2026-01-01 00:41:58.500000
ev1,0.0,E30,8544.67,E60,223.47,evehicle,97.74,2026-01-01 00:41:59
ev1,0.0,E30,8544.67,E60,223.47,evehicle,97.74,2026-01-01 00:41:59.500000
ev1,0.0,E30,8544.67,E60,223.47,evehicle,97.74,2026-01-01 00:42:00
ev1,0.0,E30,8544.67,E60,223.47,evehicle,97.74,2026-01-01 00:42:00.500000
ev1,0.0,E30,8544.67,E60,223.47,evehicle,97.74,2026-01-01 00:42:01
ev1,0.0,E30,8544.67,E60,223.47,evehicle,97.74,2026-01-01 00:42:01.500000
ev1,0.0,E30,8544.67,E60,223.47,evehicle,97.74,2026-01-01 00:42:02
ev1,0.0,E30,8544.67,E60,223.47,evehicle,97.74,2026-01-01 00:42:02.500000
ev1,0.0,E30,8544.67,E60,223.47,evehicle,97.74,2026-01-01 00:42:03
ev1,0.0,E30,8544.67,E60,223.47,evehicle,97.74,2026-01-01 00:42:03.500000
ev1,0.0,E30,8544.67,E60,223.47,evehicle,97.74,2026-01-01 00:42:04
ev1,0.0,E30,8544.67,E60,223.47,evehicle,97.74,2026-01-01 00:42:04.500000
ev1,0.0,E30,8544.67,E60,223.47,evehicle,97.74,2026-01-01 00:42:05
ev1,0.0,E30,8544.67,E60,223.47,evehicle,97.74,2026-01-01 00:42:05.500000
ev1,0.0,E30,8544.67,E60,223.47,evehicle,97.74,2026-01-01 00:42:06
ev1,0.0,E30,8544.67,E60,223.47,evehicle,97.74,2026-01-01 00:42:06.500000
ev1,0.0,E30,8544.67,E60,223.47,evehicle,97.74,2026-01-01 00:42:07
ev1,0.0,E30,8544.67,E60,223.47,evehicle,97.74,2026-01-01 00:42:07.500000
ev1,0.0,E30,8544.67,E60,223.47,evehicle,97.74,2026-01-01 00:42:08
ev1,0.0,E30,8544.67,E60,223.47,evehicle,97.74,2026-01-01 00:42:08.500000
ev1,0.0,E30,8544.67,E60,223.47,evehicle,97.74,2026-01-01 00:42:09
ev1,0.0,E30,8544.67,E60,223.47,evehicle,97.74,2026-01-01 00:42:09.500000
ev1,0.0,E30,8544.67,E60,223.47,evehicle,97.74,2026-01-01 00:42:10
ev1,0.0,E30,8544.67,E60,223.47,evehicle,97.74,2026-01-01 00:42:10.500000
ev1,0.0,E30,8544.67,E60,223.47,evehicle,97.74,2026-01-01 00:42:11
ev1,0.0,E30,8544.67,E60,223.47,evehicle,97.74,2026-01-01 00:42:11.500000
ev1,0.0,E30,8544.67,E60,223.47,evehicle,97.74,2026-01-01 00:42:12
ev1,0.0,E30,8544.67,E60,223.47,evehicle,97.74,2026-01-01 00:42:12.500000
ev1,0.0,E30,8544.67,E60,223.47,evehicle,97.74,2026-01-01 00:42:13
ev1,0.0,E30,8544.67,E60,223.47,evehicle,97.74,2026-01-01 00:42:13.500000
ev1,0.0,E30,8544.67,E60,223.47,evehicle,97.74,2026-01-01 00:42:14
ev1,0.0,E30,8544.67,E60,223.47,evehicle,97.74,2026-01-01 00:42:14.500000
ev1,0.0,E30,8544.67,E60,223.47,evehicle,97.74,2026-01-01 00:42:15
ev1,0.0,E30,8544.67,E60,223.47,evehicle,97.74,2026-01-01 00:42:15.500000
ev1,0.0,E30,8544.67,E60,223.47,evehicle,97.74,2026-01-01 00:42:16
ev1,0.0,E30,8544.67,E60,223.47,evehicle,97.74,2026-01-01 00:42:16.500000
ev1,0.0,E30,8544.67,E60,223.47,evehicle,97.74,2026-01-01 00:42:17
ev1,0.0,E30,8544.67,E60,223.47,evehicle,97.74,2026-01-01 00:42:17.500000
ev1,0.0,E30,8544.67,E60,223.47,evehicle,97.74,2026-01-01 00:42:18
ev1,0.0,E30,8544.67,E60,223.47,evehicle,97.74,2026-01-01 00:42:18.500000
ev1,0.0,E30,8544.67,E60,223.47,evehicle,97.74,2026-01-01 00:42:19
ev1,0.0,E30,8544.67,E60,223.47,evehicle,97.74,2026-01-01 00:42:19.500000
ev1,0.0,E30,8544.67,E60,223.47,evehicle,97.74,2026-01-01 00:42:20
ev1,0.0,E30,8544.67,E60,223.47,evehicle,97.74,2026-01-01 00:42:20.500000
ev1,0.0,E30,8544.67,E60,223.47,evehicle,97.74,2026-01-01 00:42:21
ev1,0.0,E30,8544.67,E60,223.47,evehicle,97.74,2026-01-01 00:42:21.500000
ev1,0.0,E30,8544.67,E60,223.47,evehicle,97.74,2026-01-01 00:42:22
ev1,0.0,E30,8544.67,E60,223.47,evehicle,97.74,2026-01-01 00:42:22.500000
ev1,0.0,E30,8544.67,E60,223.47,evehicle,97.74,2026-01-01 00:42:23
ev1,0.0,E30,8544.67,E60,223.47,evehicle,97.74,2026-01-01 00:42:23.500000
ev1,0.0,E30,8544.67,E60,223.47,evehicle,97.74,2026-01-01 00:42:24
ev1,0.0,E30,8544.67,E60,223.47,evehicle,97.74,2026-01-01 00:42:24.500000
ev1,0.0,E30,8544.67,E60,223.47,evehicle,97.74,2026-01-01 00:42:25
ev1,0.0,E30,8544.67,E60,223.47,evehicle,97.74,2026-01-01 00:42:25.500000
ev1,0.0,E30,8544.67,E60,223.47,evehicle,97.74,2026-01-01 00:42:26
ev1,0.0,E30,8544.67,E60,223.47,evehicle,97.74,2026-01-01 00:42:26.500000
ev1,0.0,E30,8544.67,E60,223.47,evehicle,97.74,2026-01-01 00:42:27
ev1,0.0,E30,8544.67,E60,223.47,evehicle,97.74,2026-01-01 00:42:27.500000
ev1,0.0,E30,8544.67,E60,223.47,evehicle,97.74,2026-01-01 00:42:28
ev1,3.96,E30,8545.22,E60,222.92,evehicle,97.74,2026-01-01 00:42:28.500000
ev1,7.85,E30,8546.31,E60,221.83,evehicle,97.74,2026-01-01 00:42:29
ev1,11.41,E30,8547.89,E60,220.25,evehicle,97.74,2026-01-01 00:42:29.500000
ev1,14.9,E30,8549.96,E60,218.18,evehicle,97.74,2026-01-01 00:42:30
ev1,17.28,E30,8552.37,E60,215.77,evehicle,97.71,2026-01-01 00:42:30.500000
ev1,19.8,:J40_13,8552.37,E60,215.77,evehicle,97.71,2026-01-01 00:42:31
ev1,24.26,:J40_15,8552.37,E60,215.77,evehicle,97.71,2026-01-01 00:42:31.500000
ev1,26.96,:J40_15,8552.37,E60,215.77,evehicle,97.69,2026-01-01 00:42:32
ev1,29.48,:J40_15,8552.37,E60,215.77,evehicle,97.69,2026-01-01 00:42:32.500000
ev1,33.52,:J40_15,8552.37,E60,215.77,evehicle,97.69,2026-01-01 00:42:33
ev1,36.5,:J40_15,8552.37,E60,215.77,evehicle,97.66,2026-01-01 00:42:33.500000
ev1,39.96,E132,8581.6,E60,186.54,evehicle,97.63,2026-01-01 00:42:34
ev1,43.7,E132,8587.67,E60,180.47,evehicle,97.63,2026-01-01 00:42:34.500000
ev1,45.58,E132,8594.0,E60,174.14,evehicle,97.6,2026-01-01 00:42:35
ev1,45.32,E132,8600.29,E60,167.85,evehicle,97.6,2026-01-01 00:42:35.500000
ev1,44.17,E132,8606.43,E60,161.71,evehicle,97.63,2026-01-01 00:42:36
ev1,36.07,E132,8611.43,E60,156.71,evehicle,97.66,2026-01-01 00:42:36.500000
ev1,28.91,E132,8615.45,E60,152.69,evehicle,97.69,2026-01-01 00:42:37
ev1,20.81,E132,8618.34,E60,149.8,evehicle,97.69,2026-01-01 00:42:37.500000
ev1,20.63,:J42_15,8618.34,E60,149.8,evehicle,97.69,2026-01-01 00:42:38
ev1,20.41,:J42_15,8618.34,E60,149.8,evehicle,97.69,2026-01-01 00:42:38.500000
ev1,20.23,:J42_15,8618.34,E60,149.8,evehicle,97.69,2026-01-01 00:42:39
ev1,20.02,:J42_15,8618.34,E60,149.8,evehicle,97.69,2026-01-01 00:42:39.500000
ev1,19.84,:J42_15,8618.34,E60,149.8,evehicle,97.69,2026-01-01 00:42:40
ev1,19.66,:J42_15,8618.34,E60,149.8,evehicle,97.69,2026-01-01 00:42:40.500000
ev1,19.48,:J42_15,8618.34,E60,149.8,evehicle,97.69,2026-01-01 00:42:41
ev1,19.3,-E32,8640.51,E60,127.63,evehicle,97.69,2026-01-01 00:42:41.500000
ev1,19.12,-E32,8643.16,E60,124.98,evehicle,97.69,2026-01-01 00:42:42
ev1,18.9,-E32,8645.79,E60,122.35,evehicle,97.69,2026-01-01 00:42:42.500000
ev1,18.72,-E32,8648.38,E60,119.76,evehicle,97.69,2026-01-01 00:42:43
ev1,18.5,-E32,8650.95,E60,117.19,evehicle,97.69,2026-01-01 00:42:43.500000
ev1,18.29,-E32,8653.49,E60,114.65,evehicle,97.69,2026-01-01 00:42:44
ev1,18.11,-E32,8656.01,E60,112.13,evehicle,97.69,2026-01-01 00:42:44.500000
ev1,17.89,-E32,8658.49,E60,109.65,evehicle,97.69,2026-01-01 00:42:45
ev1,17.68,-E32,8660.95,E60,107.19,evehicle,97.69,2026-01-01 00:42:45.500000
ev1,17.5,-E32,8663.38,E60,104.76,evehicle,97.69,2026-01-01 00:42:46
ev1,17.28,-E32,8665.78,E60,102.36,evehicle,97.69,2026-01-01 00:42:46.500000
ev1,17.06,-E32,8668.15,E60,99.99,evehicle,97.69,2026-01-01 00:42:47
ev1,16.88,-E32,8670.49,E60,97.65,evehicle,97.69,2026-01-01 00:42:47.500000
ev1,16.67,-E32,8672.81,E60,95.33,evehicle,97.69,2026-01-01 00:42:48
ev1,16.49,-E32,8675.1,E60,93.04,evehicle,97.69,2026-01-01 00:42:48.500000
ev1,16.27,-E32,8677.36,E60,90.78,evehicle,97.69,2026-01-01 00:42:49
ev1,16.06,-E29,8679.59,E60,88.55,evehicle,97.69,2026-01-01 00:42:49.500000
ev1,15.88,-E29,8681.79,E60,86.35,evehicle,97.69,2026-01-01 00:42:50
ev1,15.66,-E29,8683.97,E60,84.17,evehicle,97.69,2026-01-01 00:42:50.500000
ev1,15.44,-E29,8686.12,E60,82.02,evehicle,97.69,2026-01-01 00:42:51
ev1,15.26,-E29,8688.23,E60,79.91,evehicle,97.69,2026-01-01 00:42:51.500000
ev1,15.05,-E29,8690.33,E60,77.81,evehicle,97.69,2026-01-01 00:42:52
ev1,14.87,-E29,8692.39,E60,75.75,evehicle,97.69,2026-01-01 00:42:52.500000
ev1,14.65,-E29,8694.42,E60,73.72,evehicle,97.69,2026-01-01 00:42:53
ev1,14.44,-E29,8696.43,E60,71.71,evehicle,97.69,2026-01-01 00:42:53.500000
ev1,14.26,-E29,8698.41,E60,69.73,evehicle,97.69,2026-01-01 00:42:54
ev1,14.04,-E29,8700.36,E60,67.78,evehicle,97.69,2026-01-01 00:42:54.500000
ev1,13.86,-E29,8702.28,E60,65.86,evehicle,97.69,2026-01-01 00:42:55
ev1,13.64,-E29,8704.18,E60,63.96,evehicle,97.69,2026-01-01 00:42:55.500000
ev1,13.43,-E29,8706.04,E60,62.1,evehicle,97.69,2026-01-01 00:42:56
ev1,13.25,-E29,8707.88,E60,60.26,evehicle,97.69,2026-01-01 00:42:56.500000
ev1,13.03,-E29,8709.69,E60,58.45,evehicle,97.69,2026-01-01 00:42:57
ev1,12.82,-E29,8711.47,E60,56.67,evehicle,97.69,2026-01-01 00:42:57.500000
ev1,12.64,-E29,8713.23,E60,54.91,evehicle,97.69,2026-01-01 00:42:58
ev1,12.42,-E29,8714.95,E60,53.19,evehicle,97.69,2026-01-01 00:42:58.500000
ev1,12.24,-E29,8716.65,E60,51.49,evehicle,97.69,2026-01-01 00:42:59
ev1,12.02,-E29,8718.32,E60,49.82,evehicle,97.69,2026-01-01 00:42:59.500000
ev1,11.81,-E29,8719.96,E60,48.18,evehicle,97.69,2026-01-01 00:43:00
ev1,11.63,:J14_1,8719.96,E60,48.18,evehicle,97.69,2026-01-01 00:43:00.500000
ev1,11.41,:J14_1,8719.96,E60,48.18,evehicle,97.69,2026-01-01 00:43:01
ev1,11.23,:J14_1,8719.96,E60,48.18,evehicle,97.69,2026-01-01 00:43:01.500000
ev1,11.05,:J14_6,8719.96,E60,48.18,evehicle,97.69,2026-01-01 00:43:02
ev1,10.87,:J14_6,8719.96,E60,48.18,evehicle,97.69,2026-01-01 00:43:02.500000
ev1,10.73,:J14_6,8719.96,E60,48.18,evehicle,97.69,2026-01-01 00:43:03
ev1,10.55,:J14_6,8719.96,E60,48.18,evehicle,97.69,2026-01-01 00:43:03.500000
ev1,10.37,:J14_6,8719.96,E60,48.18,evehicle,97.69,2026-01-01 00:43:04
ev1,10.22,:J14_6,8719.96,E60,48.18,evehicle,97.69,2026-01-01 00:43:04.500000
ev1,10.08,:J14_6,8719.96,E60,48.18,evehicle,97.69,2026-01-01 00:43:05
ev1,9.94,E60,8736.37,E60,31.77,evehicle,97.69,2026-01-01 00:43:05.500000
ev1,9.72,E60,8737.72,E60,30.42,evehicle,97.69,2026-01-01 00:43:06
ev1,9.5,E60,8739.04,E60,29.1,evehicle,97.69,2026-01-01 00:43:06.500000
ev1,9.29,E60,8740.33,E60,27.81,evehicle,97.69,2026-01-01 00:43:07
ev1,9.07,E60,8741.59,E60,26.55,evehicle,97.69,2026-01-01 00:43:07.500000
ev1,8.86,E60,8742.82,E60,25.32,evehicle,97.69,2026-01-01 00:43:08
ev1,8.64,E60,8744.02,E60,24.12,evehicle,97.69,2026-01-01 00:43:08.500000
ev1,8.42,E60,8745.19,E60,22.95,evehicle,97.69,2026-01-01 00:43:09
ev1,8.21,E60,8746.33,E60,21.81,evehicle,97.69,2026-01-01 00:43:09.500000
ev1,7.99,E60,8747.44,E60,20.7,evehicle,97.69,2026-01-01 00:43:10
ev1,7.78,E60,8748.52,E60,19.62,evehicle,97.69,2026-01-01 00:43:10.500000
ev1,7.56,E60,8749.57,E60,18.57,evehicle,97.69,2026-01-01 00:43:11
ev1,7.34,E60,8750.59,E60,17.55,evehicle,97.69,2026-01-01 00:43:11.500000
ev1,7.13,E60,8751.59,E60,16.55,evehicle,97.69,2026-01-01 00:43:12
ev1,6.91,E60,8752.55,E60,15.59,evehicle,97.69,2026-01-01 00:43:12.500000
ev1,6.73,E60,8753.48,E60,14.66,evehicle,97.69,2026-01-01 00:43:13
ev1,6.52,E60,8754.38,E60,13.76,evehicle,97.69,2026-01-01 00:43:13.500000
ev1,6.3,E60,8755.26,E60,12.88,evehicle,97.69,2026-01-01 00:43:14
ev1,6.08,E60,8756.1,E60,12.04,evehicle,97.69,2026-01-01 00:43:14.500000
ev1,5.87,E60,8756.91,E60,11.23,evehicle,97.69,2026-01-01 00:43:15
ev1,5.65,E60,8757.7,E60,10.44,evehicle,97.69,2026-01-01 00:43:15.500000
ev1,5.44,E60,8758.45,E60,9.69,evehicle,97.69,2026-01-01 00:43:16
ev1,0.0,E60,8758.45,E156,1142.69,evehicle,97.69,2026-01-01 00:43:16.500000
ev1,0.0,E60,8758.45,E156,1142.69,evehicle,97.69,2026-01-01 00:43:17
ev1,0.0,E60,8758.45,E156,1142.69,evehicle,97.69,2026-01-01 00:43:17.500000
ev1,0.0,E60,8758.45,E156,1142.69,evehicle,97.69,2026-01-01 00:43:18
ev1,0.0,E60,8758.45,E156,1142.69,evehicle,97.69,2026-01-01 00:43:18.500000
ev1,0.0,E60,8758.45,E156,1142.69,evehicle,97.69,2026-01-01 00:43:19
ev1,0.0,E60,8758.45,E156,1142.69,evehicle,97.69,2026-01-01 00:43:19.500000
ev1,0.0,E60,8758.45,E156,1142.69,evehicle,97.69,2026-01-01 00:43:20
ev1,0.0,E60,8758.45,E156,1142.69,evehicle,97.69,2026-01-01 00:43:20.500000
ev1,0.0,E60,8758.45,E156,1142.69,evehicle,97.69,2026-01-01 00:43:21
ev1,0.0,E60,8758.45,E156,1142.69,evehicle,97.69,2026-01-01 00:43:21.500000
ev1,0.0,E60,8758.45,E156,1142.69,evehicle,97.69,2026-01-01 00:43:22
ev1,0.0,E60,8758.45,E156,1142.69,evehicle,97.69,2026-01-01 00:43:22.500000
ev1,0.0,E60,8758.45,E156,1142.69,evehicle,97.69,2026-01-01 00:43:23
ev1,0.0,E60,8758.45,E156,1142.69,evehicle,97.69,2026-01-01 00:43:23.500000
ev1,0.0,E60,8758.45,E156,1142.69,evehicle,97.69,2026-01-01 00:43:24
ev1,0.0,E60,8758.45,E156,1142.69,evehicle,97.69,2026-01-01 00:43:24.500000
ev1,0.0,E60,8758.45,E156,1142.69,evehicle,97.69,2026-01-01 00:43:25
ev1,0.0,E60,8758.45,E156,1142.69,evehicle,97.69,2026-01-01 00:43:25.500000
ev1,0.0,E60,8758.45,E156,1142.69,evehicle,97.69,2026-01-01 00:43:26
ev1,0.0,E60,8758.45,E156,1142.69,evehicle,97.69,2026-01-01 00:43:26.500000
ev1,0.0,E60,8758.45,E156,1142.69,evehicle,97.69,2026-01-01 00:43:27
ev1,0.0,E60,8758.45,E156,1142.69,evehicle,97.69,2026-01-01 00:43:27.500000
ev1,0.0,E60,8758.45,E156,1142.69,evehicle,97.69,2026-01-01 00:43:28
ev1,0.0,E60,8758.45,E156,1142.69,evehicle,97.69,2026-01-01 00:43:28.500000
ev1,0.0,E60,8758.45,E156,1142.69,evehicle,97.69,2026-01-01 00:43:29
ev1,0.0,E60,8758.45,E156,1142.69,evehicle,97.69,2026-01-01 00:43:29.500000
ev1,0.0,E60,8758.45,E156,1142.69,evehicle,97.69,2026-01-01 00:43:30
ev1,0.0,E60,8758.45,E156,1142.69,evehicle,97.69,2026-01-01 00:43:30.500000
ev1,0.0,E60,8758.45,E156,1142.69,evehicle,97.69,2026-01-01 00:43:31
ev1,0.0,E60,8758.45,E156,1142.69,evehicle,97.69,2026-01-01 00:43:31.500000
ev1,0.0,E60,8758.45,E156,1142.69,evehicle,97.69,2026-01-01 00:43:32
ev1,0.0,E60,8758.45,E156,1142.69,evehicle,97.69,2026-01-01 00:43:32.500000
ev1,0.0,E60,8758.45,E156,1142.69,evehicle,97.69,2026-01-01 00:43:33
ev1,0.0,E60,8758.45,E156,1142.69,evehicle,97.69,2026-01-01 00:43:33.500000
ev1,0.0,E60,8758.45,E156,1142.69,evehicle,97.69,2026-01-01 00:43:34
ev1,0.0,E60,8758.45,E156,1142.69,evehicle,97.69,2026-01-01 00:43:34.500000
ev1,0.0,E60,8758.45,E156,1142.69,evehicle,97.69,2026-01-01 00:43:35
ev1,0.0,E60,8758.45,E156,1142.69,evehicle,97.69,2026-01-01 00:43:35.500000
ev1,0.0,E60,8758.45,E156,1142.69,evehicle,97.69,2026-01-01 00:43:36
ev1,0.0,E60,8758.45,E156,1142.69,evehicle,97.69,2026-01-01 00:43:36.500000
ev1,0.0,E60,8758.45,E156,1142.69,evehicle,97.69,2026-01-01 00:43:37
ev1,0.0,E60,8758.45,E156,1142.69,evehicle,97.69,2026-01-01 00:43:37.500000
ev1,0.0,E60,8758.45,E156,1142.69,evehicle,97.69,2026-01-01 00:43:38
ev1,0.0,E60,8758.45,E156,1142.69,evehicle,97.69,2026-01-01 00:43:38.500000
ev1,0.0,E60,8758.45,E156,1142.69,evehicle,97.69,2026-01-01 00:43:39
ev1,0.0,E60,8758.45,E156,1142.69,evehicle,97.69,2026-01-01 00:43:39.500000
ev1,0.0,E60,8758.45,E156,1142.69,evehicle,97.69,2026-01-01 00:43:40
ev1,0.0,E60,8758.45,E156,1142.69,evehicle,97.69,2026-01-01 00:43:40.500000
ev1,0.0,E60,8758.45,E156,1142.69,evehicle,97.69,2026-01-01 00:43:41
ev1,0.0,E60,8758.45,E156,1142.69,evehicle,97.69,2026-01-01 00:43:41.500000
ev1,0.0,E60,8758.45,E156,1142.69,evehicle,97.69,2026-01-01 00:43:42
ev1,0.0,E60,8758.45,E156,1142.69,evehicle,97.69,2026-01-01 00:43:42.500000
ev1,0.0,E60,8758.45,E156,1142.69,evehicle,97.69,2026-01-01 00:43:43
ev1,0.0,E60,8758.45,E156,1142.69,evehicle,97.69,2026-01-01 00:43:43.500000
ev1,0.0,E60,8758.45,E156,1142.69,evehicle,97.69,2026-01-01 00:43:44
ev1,0.0,E60,8758.45,E156,1142.69,evehicle,97.69,2026-01-01 00:43:44.500000
ev1,0.0,E60,8758.45,E156,1142.69,evehicle,97.69,2026-01-01 00:43:45
ev1,0.0,E60,8758.45,E156,1142.69,evehicle,97.69,2026-01-01 00:43:45.500000
ev1,0.0,E60,8758.45,E156,1142.69,evehicle,97.69,2026-01-01 00:43:46
ev1,0.0,E60,8758.45,E156,1142.69,evehicle,97.69,2026-01-01 00:43:46.500000
ev1,0.0,E60,8758.45,E156,1142.69,evehicle,97.69,2026-01-01 00:43:47
ev1,0.0,E60,8758.45,E156,1142.69,evehicle,97.69,2026-01-01 00:43:47.500000
ev1,0.0,E60,8758.45,E156,1142.69,evehicle,97.69,2026-01-01 00:43:48
ev1,0.0,E60,8758.45,E156,1142.69,evehicle,97.69,2026-01-01 00:43:48.500000
ev1,0.0,E60,8758.45,E156,1142.69,evehicle,97.69,2026-01-01 00:43:49
ev1,0.0,E60,8758.45,E156,1142.69,evehicle,97.69,2026-01-01 00:43:49.500000
ev1,0.0,E60,8758.45,E156,1142.69,evehicle,97.69,2026-01-01 00:43:50
ev1,0.0,E60,8758.45,E156,1142.69,evehicle,97.69,2026-01-01 00:43:50.500000
ev1,0.0,E60,8758.45,E156,1142.69,evehicle,97.69,2026-01-01 00:43:51
ev1,0.0,E60,8758.45,E156,1142.69,evehicle,97.69,2026-01-01 00:43:51.500000
ev1,0.0,E60,8758.45,E156,1142.69,evehicle,97.69,2026-01-01 00:43:52
ev1,0.0,E60,8758.45,E156,1142.69,evehicle,97.69,2026-01-01 00:43:52.500000
ev1,0.0,E60,8758.45,E156,1142.69,evehicle,97.69,2026-01-01 00:43:53
ev1,0.0,E60,8758.45,E156,1142.69,evehicle,97.69,2026-01-01 00:43:53.500000
ev1,0.0,E60,8758.45,E156,1142.69,evehicle,97.69,2026-01-01 00:43:54
ev1,0.0,E60,8758.45,E156,1142.69,evehicle,97.69,2026-01-01 00:43:54.500000
ev1,0.0,E60,8758.45,E156,1142.69,evehicle,97.69,2026-01-01 00:43:55
ev1,0.0,E60,8758.45,E156,1142.69,evehicle,97.69,2026-01-01 00:43:55.500000
ev1,0.0,E60,8758.45,E156,1142.69,evehicle,97.69,2026-01-01 00:43:56
ev1,0.0,E60,8758.45,E156,1142.69,evehicle,97.69,2026-01-01 00:43:56.500000
ev1,0.0,E60,8758.45,E156,1142.69,evehicle,97.69,2026-01-01 00:43:57
ev1,0.0,E60,8758.45,E156,1142.69,evehicle,97.69,2026-01-01 00:43:57.500000
ev1,0.0,E60,8758.45,E156,1142.69,evehicle,97.69,2026-01-01 00:43:58
ev1,0.0,E60,8758.45,E156,1142.69,evehicle,97.69,2026-01-01 00:43:58.500000
ev1,0.0,E60,8758.45,E156,1142.69,evehicle,97.69,2026-01-01 00:43:59
ev1,0.0,E60,8758.45,E156,1142.69,evehicle,97.69,2026-01-01 00:43:59.500000
ev1,0.0,E60,8758.45,E156,1142.69,evehicle,97.69,2026-01-01 00:44:00
ev1,0.0,E60,8758.45,E156,1142.69,evehicle,97.69,2026-01-01 00:44:00.500000
ev1,0.0,E60,8758.45,E156,1142.69,evehicle,97.69,2026-01-01 00:44:01
ev1,0.0,E60,8758.45,E156,1142.69,evehicle,97.69,2026-01-01 00:44:01.500000
ev1,0.0,E60,8758.45,E156,1142.69,evehicle,97.69,2026-01-01 00:44:02
ev1,0.0,E60,8758.45,E156,1142.69,evehicle,97.69,2026-01-01 00:44:02.500000
ev1,0.0,E60,8758.45,E156,1142.69,evehicle,97.69,2026-01-01 00:44:03
ev1,0.0,E60,8758.45,E156,1142.69,evehicle,97.69,2026-01-01 00:44:03.500000
ev1,0.0,E60,8758.45,E156,1142.69,evehicle,97.69,2026-01-01 00:44:04
ev1,0.0,E60,8758.45,E156,1142.69,evehicle,97.69,2026-01-01 00:44:04.500000
ev1,0.0,E60,8758.45,E156,1142.69,evehicle,97.69,2026-01-01 00:44:05
ev1,0.0,E60,8758.45,E156,1142.69,evehicle,97.69,2026-01-01 00:44:05.500000
ev1,0.0,E60,8758.45,E156,1142.69,evehicle,97.69,2026-01-01 00:44:06
ev1,0.0,E60,8758.45,E156,1142.69,evehicle,97.69,2026-01-01 00:44:06.500000
ev1,0.0,E60,8758.45,E156,1142.69,evehicle,97.69,2026-01-01 00:44:07
ev1,0.0,E60,8758.45,E156,1142.69,evehicle,97.69,2026-01-01 00:44:07.500000
ev1,0.0,E60,8758.45,E156,1142.69,evehicle,97.69,2026-01-01 00:44:08
ev1,0.0,E60,8758.45,E156,1142.69,evehicle,97.69,2026-01-01 00:44:08.500000
ev1,0.0,E60,8758.45,E156,1142.69,evehicle,97.69,2026-01-01 00:44:09
ev1,0.0,E60,8758.45,E156,1142.69,evehicle,97.69,2026-01-01 00:44:09.500000
ev1,0.0,E60,8758.45,E156,1142.69,evehicle,97.69,2026-01-01 00:44:10
ev1,0.0,E60,8758.45,E156,1142.69,evehicle,97.69,2026-01-01 00:44:10.500000
ev1,0.0,E60,8758.45,E156,1142.69,evehicle,97.69,2026-01-01 00:44:11
ev1,0.0,E60,8758.45,E156,1142.69,evehicle,97.69,2026-01-01 00:44:11.500000
ev1,0.0,E60,8758.45,E156,1142.69,evehicle,97.69,2026-01-01 00:44:12
ev1,0.0,E60,8758.45,E156,1142.69,evehicle,97.69,2026-01-01 00:44:12.500000
ev1,0.0,E60,8758.45,E156,1142.69,evehicle,97.69,2026-01-01 00:44:13
ev1,0.0,E60,8758.45,E156,1142.69,evehicle,97.69,2026-01-01 00:44:13.500000
ev1,0.0,E60,8758.45,E156,1142.69,evehicle,97.69,2026-01-01 00:44:14
ev1,0.0,E60,8758.45,E156,1142.69,evehicle,97.69,2026-01-01 00:44:14.500000
ev1,0.0,E60,8758.45,E156,1142.69,evehicle,97.69,2026-01-01 00:44:15
ev1,0.0,E60,8758.45,E156,1142.69,evehicle,97.69,2026-01-01 00:44:15.500000
ev1,0.0,E60,8758.45,E156,1142.69,evehicle,97.69,2026-01-01 00:44:16
ev1,0.0,E60,8758.45,E156,1142.69,evehicle,97.69,2026-01-01 00:44:16.500000
ev1,4.36,E60,8759.06,E156,1142.08,evehicle,97.69,2026-01-01 00:44:17
ev1,8.03,E60,8760.17,E156,1140.97,evehicle,97.69,2026-01-01 00:44:17.500000
ev1,12.1,E60,8761.85,E156,1139.29,evehicle,97.69,2026-01-01 00:44:18
ev1,16.45,E60,8764.13,E156,1137.01,evehicle,97.66,2026-01-01 00:44:18.500000
ev1,21.13,E60,8767.07,E156,1134.07,evehicle,97.66,2026-01-01 00:44:19
ev1,25.63,:J18_2,8767.07,E156,1134.07,evehicle,97.66,2026-01-01 00:44:19.500000
ev1,28.12,:J18_2,8767.07,E156,1134.07,evehicle,97.63,2026-01-01 00:44:20
ev1,27.72,:J18_2,8767.07,E156,1134.07,evehicle,97.63,2026-01-01 00:44:20.500000
ev1,29.27,:J18_2,8767.07,E156,1134.07,evehicle,97.63,2026-01-01 00:44:21
ev1,27.79,E30,8786.3,E156,1114.84,evehicle,97.63,2026-01-01 00:44:21.500000
ev1,31.03,E30,8790.62,E156,1110.52,evehicle,97.63,2026-01-01 00:44:22
ev1,35.5,E30,8795.54,E156,1105.6,evehicle,97.6,2026-01-01 00:44:22.500000
ev1,39.2,E30,8800.99,E156,1100.15,evehicle,97.57,2026-01-01 00:44:23
ev1,42.37,E30,8806.87,E156,1094.27,evehicle,97.57,2026-01-01 00:44:23.500000
ev1,39.85,E30,8812.41,E156,1088.73,evehicle,97.57,2026-01-01 00:44:24
ev1,32.65,E30,8816.95,E156,1084.19,evehicle,97.6,2026-01-01 00:44:24.500000
ev1,25.49,E30,8820.48,E156,1080.66,evehicle,97.63,2026-01-01 00:44:25
ev1,21.74,:J40_10,8820.48,E156,1080.66,evehicle,97.63,2026-01-01 00:44:25.500000
ev1,21.56,:J40_10,8820.48,E156,1080.66,evehicle,97.63,2026-01-01 00:44:26
ev1,21.31,:J40_10,8820.48,E156,1080.66,evehicle,97.63,2026-01-01 00:44:26.500000
ev1,20.3,E63,8832.28,E156,1068.86,evehicle,97.63,2026-01-01 00:44:27
ev1,24.41,E63,8835.67,E156,1065.47,evehicle,97.63,2026-01-01 00:44:27.500000
ev1,29.05,E63,8839.7,E156,1061.44,evehicle,97.6,2026-01-01 00:44:28
ev1,32.98,E63,8844.28,E156,1056.86,evehicle,97.6,2026-01-01 00:44:28.500000
ev1,32.18,E63,8848.76,E156,1052.38,evehicle,97.6,2026-01-01 00:44:29
ev1,24.59,E63,8852.17,E156,1048.97,evehicle,97.63,2026-01-01 00:44:29.500000
ev1,17.21,E63,8854.56,E156,1046.58,evehicle,97.63,2026-01-01 00:44:30
ev1,9.61,E63,8855.89,E156,1045.25,evehicle,97.66,2026-01-01 00:44:30.500000
ev1,3.49,E63,8856.38,E156,1044.76,evehicle,97.66,2026-01-01 00:44:31
ev1,0.61,E63,8856.47,E156,1044.67,evehicle,97.66,2026-01-01 00:44:31.500000
ev1,0.14,E63,8856.48,E156,1044.66,evehicle,97.66,2026-01-01 00:44:32
ev1,0.04,E63,8856.49,E156,1044.65,evehicle,97.66,2026-01-01 00:44:32.500000
ev1,0.0,E63,8856.49,E156,1044.65,evehicle,97.66,2026-01-01 00:44:33
ev1,0.0,E63,8856.49,E156,1044.65,evehicle,97.66,2026-01-01 00:44:33.500000
ev1,0.0,E63,8856.49,E156,1044.65,evehicle,97.66,2026-01-01 00:44:34
ev1,0.0,E63,8856.49,E156,1044.65,evehicle,97.66,2026-01-01 00:44:34.500000
ev1,0.0,E63,8856.49,E156,1044.65,evehicle,97.66,2026-01-01 00:44:35
ev1,0.0,E63,8856.49,E156,1044.65,evehicle,97.66,2026-01-01 00:44:35.500000
ev1,0.0,E63,8856.49,E156,1044.65,evehicle,97.66,2026-01-01 00:44:36
ev1,0.0,E63,8856.49,E156,1044.65,evehicle,97.66,2026-01-01 00:44:36.500000
ev1,0.0,E63,8856.49,E156,1044.65,evehicle,97.66,2026-01-01 00:44:37
ev1,0.0,E63,8856.49,E156,1044.65,evehicle,97.66,2026-01-01 00:44:37.500000
ev1,0.0,E63,8856.49,E156,1044.65,evehicle,97.66,2026-01-01 00:44:38
ev1,0.0,E63,8856.49,E156,1044.65,evehicle,97.66,2026-01-01 00:44:38.500000
ev1,0.0,E63,8856.49,E156,1044.65,evehicle,97.66,2026-01-01 00:44:39
ev1,0.0,E63,8856.49,E156,1044.65,evehicle,97.66,2026-01-01 00:44:39.500000
ev1,0.0,E63,8856.49,E156,1044.65,evehicle,97.66,2026-01-01 00:44:40
ev1,0.0,E63,8856.49,E156,1044.65,evehicle,97.66,2026-01-01 00:44:40.500000
ev1,0.0,E63,8856.49,E156,1044.65,evehicle,97.66,2026-01-01 00:44:41
ev1,0.0,E63,8856.49,E156,1044.65,evehicle,97.66,2026-01-01 00:44:41.500000
ev1,0.0,E63,8856.49,E156,1044.65,evehicle,97.66,2026-01-01 00:44:42
ev1,0.0,E63,8856.49,E156,1044.65,evehicle,97.66,2026-01-01 00:44:42.500000
ev1,0.0,E63,8856.49,E156,1044.65,evehicle,97.66,2026-01-01 00:44:43
ev1,0.0,E63,8856.49,E156,1044.65,evehicle,97.66,2026-01-01 00:44:43.500000
ev1,0.0,E63,8856.49,E156,1044.65,evehicle,97.66,2026-01-01 00:44:44
ev1,0.0,E63,8856.49,E156,1044.65,evehicle,97.66,2026-01-01 00:44:44.500000
ev1,0.0,E63,8856.49,E156,1044.65,evehicle,97.66,2026-01-01 00:44:45
ev1,0.0,E63,8856.49,E156,1044.65,evehicle,97.66,2026-01-01 00:44:45.500000
ev1,0.0,E63,8856.49,E156,1044.65,evehicle,97.66,2026-01-01 00:44:46
ev1,0.0,E63,8856.49,E156,1044.65,evehicle,97.66,2026-01-01 00:44:46.500000
ev1,0.0,E63,8856.49,E156,1044.65,evehicle,97.66,2026-01-01 00:44:47
ev1,0.0,E63,8856.49,E156,1044.65,evehicle,97.66,2026-01-01 00:44:47.500000
ev1,0.0,E63,8856.49,E156,1044.65,evehicle,97.66,2026-01-01 00:44:48
ev1,0.0,E63,8856.49,E156,1044.65,evehicle,97.66,2026-01-01 00:44:48.500000
ev1,0.0,E63,8856.49,E156,1044.65,evehicle,97.66,2026-01-01 00:44:49
ev1,0.0,E63,8856.49,E156,1044.65,evehicle,97.66,2026-01-01 00:44:49.500000
ev1,0.0,E63,8856.49,E156,1044.65,evehicle,97.66,2026-01-01 00:44:50
ev1,0.0,E63,8856.49,E156,1044.65,evehicle,97.66,2026-01-01 00:44:50.500000
ev1,0.0,E63,8856.49,E156,1044.65,evehicle,97.66,2026-01-01 00:44:51
ev1,0.0,E63,8856.49,E156,1044.65,evehicle,97.66,2026-01-01 00:44:51.500000
ev1,0.0,E63,8856.49,E156,1044.65,evehicle,97.66,2026-01-01 00:44:52
ev1,0.0,E63,8856.49,E156,1044.65,evehicle,97.66,2026-01-01 00:44:52.500000
ev1,0.0,E63,8856.49,E156,1044.65,evehicle,97.66,2026-01-01 00:44:53
ev1,0.0,E63,8856.49,E156,1044.65,evehicle,97.66,2026-01-01 00:44:53.500000
ev1,0.0,E63,8856.49,E156,1044.65,evehicle,97.66,2026-01-01 00:44:54
ev1,0.0,E63,8856.49,E156,1044.65,evehicle,97.66,2026-01-01 00:44:54.500000
ev1,0.0,E63,8856.49,E156,1044.65,evehicle,97.66,2026-01-01 00:44:55
ev1,0.0,E63,8856.49,E156,1044.65,evehicle,97.66,2026-01-01 00:44:55.500000
ev1,0.0,E63,8856.49,E156,1044.65,evehicle,97.66,2026-01-01 00:44:56
ev1,0.0,E63,8856.49,E156,1044.65,evehicle,97.66,2026-01-01 00:44:56.500000
ev1,0.0,E63,8856.49,E156,1044.65,evehicle,97.66,2026-01-01 00:44:57
ev1,0.0,E63,8856.49,E156,1044.65,evehicle,97.66,2026-01-01 00:44:57.500000
ev1,0.0,E63,8856.49,E156,1044.65,evehicle,97.66,2026-01-01 00:44:58
ev1,0.0,E63,8856.49,E156,1044.65,evehicle,97.66,2026-01-01 00:44:58.500000
ev1,0.0,E63,8856.49,E156,1044.65,evehicle,97.66,2026-01-01 00:44:59
ev1,0.0,E63,8856.49,E156,1044.65,evehicle,97.66,2026-01-01 00:44:59.500000
ev1,0.0,E63,8856.49,E156,1044.65,evehicle,97.66,2026-01-01 00:45:00
ev1,3.89,E63,8857.03,E156,1044.11,evehicle,97.66,2026-01-01 00:45:00.500000
ev1,7.31,:J41_1,8857.03,E156,1044.11,evehicle,97.66,2026-01-01 00:45:01
ev1,11.16,:J41_1,8857.03,E156,1044.11,evehicle,97.66,2026-01-01 00:45:01.500000
ev1,15.44,:J41_1,8857.03,E156,1044.11,evehicle,97.63,2026-01-01 00:45:02
ev1,19.48,:J41_1,8857.03,E156,1044.11,evehicle,97.63,2026-01-01 00:45:02.500000
ev1,23.15,:J41_1,8857.03,E156,1044.11,evehicle,97.63,2026-01-01 00:45:03
ev1,26.96,:J41_1,8857.03,E156,1044.11,evehicle,97.6,2026-01-01 00:45:03.500000
ev1,31.14,:J41_1,8857.03,E156,1044.11,evehicle,97.6,2026-01-01 00:45:04
ev1,33.88,E108,8880.43,E156,1020.71,evehicle,97.57,2026-01-01 00:45:04.500000
ev1,36.29,E108,8885.47,E156,1015.67,evehicle,97.57,2026-01-01 00:45:05
ev1,39.46,E108,8890.95,E156,1010.19,evehicle,97.54,2026-01-01 00:45:05.500000
ev1,42.01,E108,8896.78,E156,1004.36,evehicle,97.54,2026-01-01 00:45:06
ev1,45.76,E108,8903.14,E156,998.0,evehicle,97.51,2026-01-01 00:45:06.500000
ev1,39.46,E108,8908.62,E156,992.52,evehicle,97.54,2026-01-01 00:45:07
ev1,32.83,E108,8913.18,E156,987.96,evehicle,97.57,2026-01-01 00:45:07.500000
ev1,25.85,E108,8916.77,E156,984.37,evehicle,97.6,2026-01-01 00:45:08
ev1,30.53,:J73_2,8916.77,E156,984.37,evehicle,97.57,2026-01-01 00:45:08.500000
ev1,32.33,:J73_2,8916.77,E156,984.37,evehicle,97.57,2026-01-01 00:45:09
ev1,31.64,:J73_2,8916.77,E156,984.37,evehicle,97.57,2026-01-01 00:45:09.500000
ev1,31.79,:J73_2,8916.77,E156,984.37,evehicle,97.57,2026-01-01 00:45:10
ev1,31.64,:J73_2,8916.77,E156,984.37,evehicle,97.57,2026-01-01 00:45:10.500000
ev1,33.01,watt,8943.29,E156,957.85,evehicle,97.57,2026-01-01 00:45:11
ev1,35.68,watt,8948.25,E156,952.89,evehicle,97.54,2026-01-01 00:45:11.500000
ev1,39.02,watt,8953.67,E156,947.47,evehicle,97.54,2026-01-01 00:45:12
ev1,43.67,watt,8959.74,E156,941.4,evehicle,97.51,2026-01-01 00:45:12.500000
ev1,47.45,watt,8966.32,E156,934.82,evehicle,97.49,2026-01-01 00:45:13
ev1,51.05,watt,8973.42,E156,927.72,evehicle,97.46,2026-01-01 00:45:13.500000
ev1,54.07,watt,8980.93,E156,920.21,evehicle,97.43,2026-01-01 00:45:14
ev1,58.64,watt,8989.07,E156,912.07,evehicle,97.4,2026-01-01 00:45:14.500000
ev1,62.24,watt,8997.72,E156,903.42,evehicle,97.37,2026-01-01 00:45:15
ev1,65.77,watt,9006.85,E156,894.29,evehicle,97.34,2026-01-01 00:45:15.500000
ev1,68.83,watt,9016.41,E156,884.73,evehicle,97.31,2026-01-01 00:45:16
ev1,71.5,watt,9026.34,E156,874.8,evehicle,97.29,2026-01-01 00:45:16.500000
ev1,75.92,watt,9036.89,E156,864.25,evehicle,97.26,2026-01-01 00:45:17
ev1,78.37,watt,9047.77,E156,853.37,evehicle,97.23,2026-01-01 00:45:17.500000
ev1,82.3,watt,9059.2,E156,841.94,evehicle,97.2,2026-01-01 00:45:18
ev1,85.36,watt,9071.06,E156,830.08,evehicle,97.14,2026-01-01 00:45:18.500000
ev1,88.67,watt,9083.37,E156,817.77,evehicle,97.11,2026-01-01 00:45:19
ev1,93.2,watt,9096.32,E156,804.82,evehicle,97.06,2026-01-01 00:45:19.500000
ev1,97.85,watt,9109.91,E156,791.23,evehicle,97.0,2026-01-01 00:45:20
ev1,101.84,watt,9124.05,E156,777.09,evehicle,96.94,2026-01-01 00:45:20.500000
ev1,106.02,watt,9138.78,E156,762.36,evehicle,96.89,2026-01-01 00:45:21
ev1,110.3,watt,9154.1,E156,747.04,evehicle,96.83,2026-01-01 00:45:21.500000
ev1,112.14,watt,9169.67,E156,731.47,evehicle,96.8,2026-01-01 00:45:22
ev1,113.08,watt,9185.38,E156,715.76,evehicle,96.77,2026-01-01 00:45:22.500000
ev1,113.15,watt,9201.09,E156,700.05,evehicle,96.77,2026-01-01 00:45:23
ev1,112.72,watt,9216.75,E156,684.39,evehicle,96.74,2026-01-01 00:45:23.500000
ev1,112.9,:J74_12,9216.75,E156,684.39,evehicle,96.74,2026-01-01 00:45:24
ev1,113.18,ohm,9248.15,E156,653.15,evehicle,96.74,2026-01-01 00:45:24.500000
ev1,112.93,ohm,9263.84,E156,637.46,evehicle,96.71,2026-01-01 00:45:25
ev1,111.92,ohm,9279.38,E156,621.92,evehicle,96.71,2026-01-01 00:45:25.500000
ev1,111.46,ohm,9294.86,E156,606.44,evehicle,96.71,2026-01-01 00:45:26
ev1,111.46,ohm,9310.34,E156,590.96,evehicle,96.71,2026-01-01 00:45:26.500000
ev1,111.85,ohm,9325.88,E156,575.42,evehicle,96.71,2026-01-01 00:45:27
ev1,113.08,ohm,9341.58,E156,559.72,evehicle,96.69,2026-01-01 00:45:27.500000
ev1,111.49,ohm,9357.07,E156,544.23,evehicle,96.69,2026-01-01 00:45:28
ev1,112.07,ohm,9372.63,E156,528.67,evehicle,96.66,2026-01-01 00:45:28.500000
ev1,112.03,ohm,9388.19,E156,513.11,evehicle,96.66,2026-01-01 00:45:29
ev1,112.18,ohm,9403.77,E156,497.53,evehicle,96.66,2026-01-01 00:45:29.500000
ev1,113.15,ohm,9419.48,E156,481.82,evehicle,96.63,2026-01-01 00:45:30
ev1,113.33,:J75_10,9419.48,E156,481.82,evehicle,96.63,2026-01-01 00:45:30.500000
ev1,112.28,einstein,9450.82,E156,450.48,evehicle,96.63,2026-01-01 00:45:31
ev1,113.4,einstein,9466.56,E156,434.74,evehicle,96.6,2026-01-01 00:45:31.500000
ev1,106.81,einstein,9481.4,E156,419.9,evehicle,96.66,2026-01-01 00:45:32
ev1,99.68,einstein,9495.25,E156,406.05,evehicle,96.74,2026-01-01 00:45:32.500000
ev1,91.58,einstein,9507.97,E156,393.33,evehicle,96.83,2026-01-01 00:45:33
ev1,83.52,einstein,9519.57,E156,381.73,evehicle,96.91,2026-01-01 00:45:33.500000
ev1,75.71,einstein,9530.09,E156,371.21,evehicle,96.97,2026-01-01 00:45:34
ev1,69.08,einstein,9539.68,E156,361.62,evehicle,97.03,2026-01-01 00:45:34.500000
ev1,60.98,einstein,9548.15,E156,353.15,evehicle,97.09,2026-01-01 00:45:35
ev1,52.88,einstein,9555.5,E156,345.8,evehicle,97.11,2026-01-01 00:45:35.500000
ev1,44.78,einstein,9561.72,E156,339.58,evehicle,97.17,2026-01-01 00:45:36
ev1,36.68,einstein,9566.82,E156,334.48,evehicle,97.2,2026-01-01 00:45:36.500000
ev1,28.58,einstein,9570.79,E156,330.51,evehicle,97.23,2026-01-01 00:45:37
ev1,20.63,:J78_10,9570.79,E156,330.51,evehicle,97.26,2026-01-01 00:45:37.500000
ev1,23.33,:J78_11,9570.79,E156,330.51,evehicle,97.26,2026-01-01 00:45:38
ev1,25.96,:J78_11,9570.79,E156,330.51,evehicle,97.23,2026-01-01 00:45:38.500000
ev1,29.05,:J78_11,9570.79,E156,330.51,evehicle,97.23,2026-01-01 00:45:39
ev1,32.11,:J78_11,9570.79,E156,330.51,evehicle,97.2,2026-01-01 00:45:39.500000
ev1,33.08,:J78_11,9570.79,E156,330.51,evehicle,97.2,2026-01-01 00:45:40
ev1,33.44,-E124,9598.24,E156,303.06,evehicle,97.2,2026-01-01 00:45:40.500000
ev1,37.8,-E124,9603.49,E156,297.81,evehicle,97.17,2026-01-01 00:45:41
ev1,41.15,-E124,9609.2,E156,292.1,evehicle,97.17,2026-01-01 00:45:41.500000
ev1,45.5,-E124,9615.52,E156,285.78,evehicle,97.14,2026-01-01 00:45:42
ev1,45.61,-E124,9621.86,E156,279.44,evehicle,97.14,2026-01-01 00:45:42.500000
ev1,47.05,-E124,9628.39,E156,272.91,evehicle,97.14,2026-01-01 00:45:43
ev1,46.4,-E124,9634.83,E156,266.47,evehicle,97.14,2026-01-01 00:45:43.500000
ev1,47.09,-E124,9641.38,E156,259.92,evehicle,97.11,2026-01-01 00:45:44
ev1,45.76,-E124,9647.73,E156,253.57,evehicle,97.14,2026-01-01 00:45:44.500000
ev1,46.04,-E124,9654.12,E156,247.18,evehicle,97.14,2026-01-01 00:45:45
ev1,45.79,-E124,9660.48,E156,240.82,evehicle,97.14,2026-01-01 00:45:45.500000
ev1,47.2,-E124,9667.04,E156,234.26,evehicle,97.11,2026-01-01 00:45:46
ev1,47.05,-E124,9673.57,E156,227.73,evehicle,97.11,2026-01-01 00:45:46.500000
ev1,47.09,-E124,9680.11,E156,221.19,evehicle,97.11,2026-01-01 00:45:47
ev1,41.51,-E124,9685.87,E156,215.43,evehicle,97.14,2026-01-01 00:45:47.500000
ev1,33.41,-E124,9690.51,E156,210.79,evehicle,97.17,2026-01-01 00:45:48
ev1,25.31,-E124,9694.02,E156,207.28,evehicle,97.2,2026-01-01 00:45:48.500000
ev1,29.81,:J89_17,9694.02,E156,207.28,evehicle,97.2,2026-01-01 00:45:49
ev1,31.46,:J89_17,9694.02,E156,207.28,evehicle,97.17,2026-01-01 00:45:49.500000
ev1,31.18,:J89_17,9694.02,E156,207.28,evehicle,97.17,2026-01-01 00:45:50
ev1,29.84,:J89_17,9694.02,E156,207.28,evehicle,97.17,2026-01-01 00:45:50.500000
ev1,29.84,:J89_17,9694.02,E156,207.28,evehicle,97.17,2026-01-01 00:45:51
ev1,31.36,E135,9719.51,E156,181.79,evehicle,97.17,2026-01-01 00:45:51.500000
ev1,35.57,E135,9724.45,E156,176.85,evehicle,97.14,2026-01-01 00:45:52
ev1,39.96,E135,9730.0,E156,171.3,evehicle,97.14,2026-01-01 00:45:52.500000
ev1,43.74,E135,9736.07,E156,165.23,evehicle,97.11,2026-01-01 00:45:53
ev1,38.84,E135,9741.47,E156,159.83,evehicle,97.14,2026-01-01 00:45:53.500000
ev1,31.03,E135,9745.78,E156,155.52,evehicle,97.17,2026-01-01 00:45:54
ev1,23.76,E135,9749.08,E156,152.22,evehicle,97.2,2026-01-01 00:45:54.500000
ev1,28.44,:J95_5,9749.08,E156,152.22,evehicle,97.17,2026-01-01 00:45:55
ev1,27.5,:J95_12,9749.08,E156,152.22,evehicle,97.17,2026-01-01 00:45:55.500000
ev1,29.41,:J95_12,9749.08,E156,152.22,evehicle,97.17,2026-01-01 00:45:56
ev1,29.38,:J95_12,9749.08,E156,152.22,evehicle,97.17,2026-01-01 00:45:56.500000
ev1,29.16,-E158,9769.06,E156,132.24,evehicle,97.17,2026-01-01 00:45:57
ev1,28.69,-E158,9773.05,E156,128.25,evehicle,97.17,2026-01-01 00:45:57.500000
ev1,28.26,-E158,9776.97,E156,124.33,evehicle,97.17,2026-01-01 00:45:58
ev1,27.79,-E158,9780.84,E156,120.46,evehicle,97.17,2026-01-01 00:45:58.500000
ev1,27.36,-E158,9784.64,E156,116.66,evehicle,97.17,2026-01-01 00:45:59
ev1,26.93,-E158,9788.37,E156,112.93,evehicle,97.17,2026-01-01 00:45:59.500000
ev1,21.42,-E158,9791.35,E156,109.95,evehicle,97.17,2026-01-01 00:46:00
ev1,13.32,:J111_0,9791.35,E156,109.95,evehicle,97.2,2026-01-01 00:46:00.500000
ev1,13.21,:J111_0,9791.35,E156,109.95,evehicle,97.2,2026-01-01 00:46:01
ev1,13.1,-E157,9796.85,E156,104.45,evehicle,97.2,2026-01-01 00:46:01.500000
ev1,12.96,-E157,9798.65,E156,102.65,evehicle,97.2,2026-01-01 00:46:02
ev1,12.85,-E157,9800.44,E156,100.86,evehicle,97.2,2026-01-01 00:46:02.500000
ev1,12.74,-E157,9802.21,E156,99.09,evehicle,97.2,2026-01-01 00:46:03
ev1,12.64,-E157,9803.96,E156,97.34,evehicle,97.2,2026-01-01 00:46:03.500000
ev1,12.53,-E157,9805.7,E156,95.6,evehicle,97.2,2026-01-01 00:46:04
ev1,12.42,-E157,9807.43,E156,93.87,evehicle,97.2,2026-01-01 00:46:04.500000
ev1,12.31,-E157,9809.13,E156,92.17,evehicle,97.2,2026-01-01 00:46:05
ev1,12.17,-E157,9810.83,E156,90.47,evehicle,97.2,2026-01-01 00:46:05.500000
ev1,12.06,-E157,9812.5,E156,88.8,evehicle,97.2,2026-01-01 00:46:06
ev1,11.95,-E157,9814.16,E156,87.14,evehicle,97.2,2026-01-01 00:46:06.500000
ev1,11.84,-E157,9815.81,E156,85.49,evehicle,97.2,2026-01-01 00:46:07
ev1,11.74,-E157,9817.43,E156,83.87,evehicle,97.2,2026-01-01 00:46:07.500000
ev1,11.63,-E157,9819.05,E156,82.25,evehicle,97.2,2026-01-01 00:46:08
ev1,11.48,-E157,9820.64,E156,80.66,evehicle,97.2,2026-01-01 00:46:08.500000
ev1,11.38,-E157,9822.23,E156,79.07,evehicle,97.2,2026-01-01 00:46:09
ev1,11.27,-E157,9823.79,E156,77.51,evehicle,97.2,2026-01-01 00:46:09.500000
ev1,11.16,:J110_3,9823.79,E156,77.51,evehicle,97.2,2026-01-01 00:46:10
ev1,11.05,:J110_3,9823.79,E156,77.51,evehicle,97.2,2026-01-01 00:46:10.500000
ev1,10.94,:J110_3,9823.79,E156,77.51,evehicle,97.2,2026-01-01 00:46:11
ev1,10.84,:J110_3,9823.79,E156,77.51,evehicle,97.2,2026-01-01 00:46:11.500000
ev1,10.73,:J110_3,9823.79,E156,77.51,evehicle,97.2,2026-01-01 00:46:12
ev1,10.62,:J110_3,9823.79,E156,77.51,evehicle,97.2,2026-01-01 00:46:12.500000
ev1,10.51,:J110_3,9823.79,E156,77.51,evehicle,97.2,2026-01-01 00:46:13
ev1,10.4,:J110_3,9823.79,E156,77.51,evehicle,97.2,2026-01-01 00:46:13.500000
ev1,10.33,:J110_3,9823.79,E156,77.51,evehicle,97.2,2026-01-01 00:46:14
ev1,10.22,:J110_3,9823.79,E156,77.51,evehicle,97.2,2026-01-01 00:46:14.500000
ev1,10.12,-E155,9840.03,E156,61.27,evehicle,97.2,2026-01-01 00:46:15
ev1,10.01,-E155,9841.42,E156,59.88,evehicle,97.2,2026-01-01 00:46:15.500000
ev1,9.9,-E155,9842.8,E156,58.5,evehicle,97.2,2026-01-01 00:46:16
ev1,9.79,-E155,9844.16,E156,57.14,evehicle,97.2,2026-01-01 00:46:16.500000
ev1,9.68,-E155,9845.5,E156,55.8,evehicle,97.2,2026-01-01 00:46:17
ev1,9.54,-E155,9846.82,E156,54.48,evehicle,97.2,2026-01-01 00:46:17.500000
ev1,9.43,-E155,9848.13,E156,53.17,evehicle,97.2,2026-01-01 00:46:18
ev1,9.32,-E155,9849.43,E156,51.87,evehicle,97.2,2026-01-01 00:46:18.500000
ev1,9.22,-E155,9850.71,E156,50.59,evehicle,97.2,2026-01-01 00:46:19
ev1,9.07,-E155,9851.97,E156,49.33,evehicle,97.2,2026-01-01 00:46:19.500000
ev1,8.96,-E155,9853.22,E156,48.08,evehicle,97.2,2026-01-01 00:46:20
ev1,8.86,-E155,9854.44,E156,46.86,evehicle,97.2,2026-01-01 00:46:20.500000
ev1,8.75,-E155,9855.66,E156,45.64,evehicle,97.2,2026-01-01 00:46:21
ev1,8.6,-E155,9856.86,E156,44.44,evehicle,97.2,2026-01-01 00:46:21.500000
ev1,8.5,-E155,9858.04,E156,43.26,evehicle,97.2,2026-01-01 00:46:22
ev1,8.39,-E155,9859.2,E156,42.1,evehicle,97.2,2026-01-01 00:46:22.500000
ev1,8.28,-E155,9860.35,E156,40.95,evehicle,97.2,2026-01-01 00:46:23
ev1,8.17,-E155,9861.48,E156,39.82,evehicle,97.2,2026-01-01 00:46:23.500000
ev1,8.03,-E155,9862.6,E156,38.7,evehicle,97.2,2026-01-01 00:46:24
ev1,7.92,-E155,9863.7,E156,37.6,evehicle,97.2,2026-01-01 00:46:24.500000
ev1,7.81,-E155,9864.79,E156,36.51,evehicle,97.2,2026-01-01 00:46:25
ev1,7.7,-E155,9865.86,E156,35.44,evehicle,97.2,2026-01-01 00:46:25.500000
ev1,7.56,-E155,9866.91,E156,34.39,evehicle,97.2,2026-01-01 00:46:26
ev1,7.45,-E155,9867.94,E156,33.36,evehicle,97.2,2026-01-01 00:46:26.500000
ev1,7.34,-E155,9868.96,E156,32.34,evehicle,97.2,2026-01-01 00:46:27
ev1,7.24,:J83_1,9868.96,E156,32.34,evehicle,97.2,2026-01-01 00:46:27.500000
ev1,7.13,:J83_1,9868.96,E156,32.34,evehicle,97.2,2026-01-01 00:46:28
ev1,7.02,E156,9871.93,E156,29.37,evehicle,97.2,2026-01-01 00:46:28.500000
ev1,6.88,E156,9872.89,E156,28.41,evehicle,97.2,2026-01-01 00:46:29
ev1,6.77,E156,9873.83,E156,27.47,evehicle,97.2,2026-01-01 00:46:29.500000
ev1,6.66,E156,9874.75,E156,26.55,evehicle,97.2,2026-01-01 00:46:30
ev1,6.55,E156,9875.66,E156,25.64,evehicle,97.2,2026-01-01 00:46:30.500000
ev1,6.44,E156,9876.56,E156,24.74,evehicle,97.2,2026-01-01 00:46:31
ev1,6.3,E156,9877.43,E156,23.87,evehicle,97.2,2026-01-01 00:46:31.500000
ev1,6.19,E156,9878.29,E156,23.01,evehicle,97.2,2026-01-01 00:46:32
ev1,6.08,E156,9879.14,E156,22.16,evehicle,97.2,2026-01-01 00:46:32.500000
ev1,5.98,E156,9879.97,E156,21.33,evehicle,97.2,2026-01-01 00:46:33
ev1,5.83,E156,9880.78,E156,20.52,evehicle,97.2,2026-01-01 00:46:33.500000
ev1,5.72,E156,9881.58,E156,19.72,evehicle,97.2,2026-01-01 00:46:34
ev1,5.62,E156,9882.36,E156,18.94,evehicle,97.2,2026-01-01 00:46:34.500000
ev1,5.51,E156,9883.12,E156,18.18,evehicle,97.2,2026-01-01 00:46:35
ev1,5.4,E156,9883.87,E156,17.43,evehicle,97.17,2026-01-01 00:46:35.500000
ev1,5.26,E156,9884.6,E156,16.7,evehicle,97.17,2026-01-01 00:46:36
ev1,5.15,E156,9885.32,E156,15.98,evehicle,97.17,2026-01-01 00:46:36.500000
ev1,5.04,E156,9886.02,E156,15.28,evehicle,97.17,2026-01-01 00:46:37
ev1,4.93,E156,9886.7,E156,14.6,evehicle,97.17,2026-01-01 00:46:37.500000
ev1,4.82,E156,9887.37,E156,13.93,evehicle,97.17,2026-01-01 00:46:38
ev1,4.68,E156,9888.02,E156,13.28,evehicle,97.17,2026-01-01 00:46:38.500000
ev1,4.57,E156,9888.66,E156,12.64,evehicle,97.17,2026-01-01 00:46:39
ev1,4.46,E156,9889.28,E156,12.02,evehicle,97.17,2026-01-01 00:46:39.500000
ev1,4.36,E156,9889.88,E156,11.42,evehicle,97.17,2026-01-01 00:46:40
ev1,4.25,E156,9890.47,E156,10.83,evehicle,97.17,2026-01-01 00:46:40.500000
ev1,4.1,E156,9891.04,E156,10.26,evehicle,97.17,2026-01-01 00:46:41
ev1,4.0,E156,9891.6,E156,9.7,evehicle,97.17,2026-01-01 00:46:41.500000
ev1,0.0,E156,9891.6,-E138,918.24,evehicle,97.17,2026-01-01 00:46:42
ev1,0.0,E156,9891.6,-E138,918.24,evehicle,97.17,2026-01-01 00:46:42.500000
ev1,0.0,E156,9891.6,-E138,918.24,evehicle,97.17,2026-01-01 00:46:43
ev1,0.0,E156,9891.6,-E138,918.24,evehicle,97.17,2026-01-01 00:46:43.500000
ev1,0.0,E156,9891.6,-E138,918.24,evehicle,97.17,2026-01-01 00:46:44
ev1,0.0,E156,9891.6,-E138,918.24,evehicle,97.17,2026-01-01 00:46:44.500000
ev1,0.0,E156,9891.6,-E138,918.24,evehicle,97.17,2026-01-01 00:46:45
ev1,0.0,E156,9891.6,-E138,918.24,evehicle,97.17,2026-01-01 00:46:45.500000
ev1,0.0,E156,9891.6,-E138,918.24,evehicle,97.17,2026-01-01 00:46:46
ev1,0.0,E156,9891.6,-E138,918.24,evehicle,97.17,2026-01-01 00:46:46.500000
ev1,0.0,E156,9891.6,-E138,918.24,evehicle,97.17,2026-01-01 00:46:47
ev1,0.0,E156,9891.6,-E138,918.24,evehicle,97.17,2026-01-01 00:46:47.500000
ev1,0.0,E156,9891.6,-E138,918.24,evehicle,97.17,2026-01-01 00:46:48
ev1,0.0,E156,9891.6,-E138,918.24,evehicle,97.17,2026-01-01 00:46:48.500000
ev1,0.0,E156,9891.6,-E138,918.24,evehicle,97.17,2026-01-01 00:46:49
ev1,0.0,E156,9891.6,-E138,918.24,evehicle,97.17,2026-01-01 00:46:49.500000
ev1,0.0,E156,9891.6,-E138,918.24,evehicle,97.17,2026-01-01 00:46:50
ev1,0.0,E156,9891.6,-E138,918.24,evehicle,97.17,2026-01-01 00:46:50.500000
ev1,0.0,E156,9891.6,-E138,918.24,evehicle,97.17,2026-01-01 00:46:51
ev1,0.0,E156,9891.6,-E138,918.24,evehicle,97.17,2026-01-01 00:46:51.500000
ev1,0.0,E156,9891.6,-E138,918.24,evehicle,97.17,2026-01-01 00:46:52
ev1,0.0,E156,9891.6,-E138,918.24,evehicle,97.17,2026-01-01 00:46:52.500000
ev1,0.0,E156,9891.6,-E138,918.24,evehicle,97.17,2026-01-01 00:46:53
ev1,0.0,E156,9891.6,-E138,918.24,evehicle,97.17,2026-01-01 00:46:53.500000
ev1,0.0,E156,9891.6,-E138,918.24,evehicle,97.17,2026-01-01 00:46:54
ev1,0.0,E156,9891.6,-E138,918.24,evehicle,97.17,2026-01-01 00:46:54.500000
ev1,0.0,E156,9891.6,-E138,918.24,evehicle,97.17,2026-01-01 00:46:55
ev1,0.0,E156,9891.6,-E138,918.24,evehicle,97.17,2026-01-01 00:46:55.500000
ev1,0.0,E156,9891.6,-E138,918.24,evehicle,97.17,2026-01-01 00:46:56
ev1,0.0,E156,9891.6,-E138,918.24,evehicle,97.17,2026-01-01 00:46:56.500000
ev1,0.0,E156,9891.6,-E138,918.24,evehicle,97.17,2026-01-01 00:46:57
ev1,0.0,E156,9891.6,-E138,918.24,evehicle,97.17,2026-01-01 00:46:57.500000
ev1,0.0,E156,9891.6,-E138,918.24,evehicle,97.17,2026-01-01 00:46:58
ev1,0.0,E156,9891.6,-E138,918.24,evehicle,97.17,2026-01-01 00:46:58.500000
ev1,0.0,E156,9891.6,-E138,918.24,evehicle,97.17,2026-01-01 00:46:59
ev1,0.0,E156,9891.6,-E138,918.24,evehicle,97.17,2026-01-01 00:46:59.500000
ev1,0.0,E156,9891.6,-E138,918.24,evehicle,97.17,2026-01-01 00:47:00
ev1,0.0,E156,9891.6,-E138,918.24,evehicle,97.17,2026-01-01 00:47:00.500000
ev1,0.0,E156,9891.6,-E138,918.24,evehicle,97.17,2026-01-01 00:47:01
ev1,0.0,E156,9891.6,-E138,918.24,evehicle,97.17,2026-01-01 00:47:01.500000
ev1,0.0,E156,9891.6,-E138,918.24,evehicle,97.17,2026-01-01 00:47:02
ev1,0.0,E156,9891.6,-E138,918.24,evehicle,97.17,2026-01-01 00:47:02.500000
ev1,0.0,E156,9891.6,-E138,918.24,evehicle,97.17,2026-01-01 00:47:03
ev1,0.0,E156,9891.6,-E138,918.24,evehicle,97.17,2026-01-01 00:47:03.500000
ev1,0.0,E156,9891.6,-E138,918.24,evehicle,97.17,2026-01-01 00:47:04
ev1,0.0,E156,9891.6,-E138,918.24,evehicle,97.17,2026-01-01 00:47:04.500000
ev1,0.0,E156,9891.6,-E138,918.24,evehicle,97.17,2026-01-01 00:47:05
ev1,0.0,E156,9891.6,-E138,918.24,evehicle,97.17,2026-01-01 00:47:05.500000
ev1,0.0,E156,9891.6,-E138,918.24,evehicle,97.17,2026-01-01 00:47:06
ev1,0.0,E156,9891.6,-E138,918.24,evehicle,97.17,2026-01-01 00:47:06.500000
ev1,0.0,E156,9891.6,-E138,918.24,evehicle,97.17,2026-01-01 00:47:07
ev1,0.0,E156,9891.6,-E138,918.24,evehicle,97.17,2026-01-01 00:47:07.500000
ev1,0.0,E156,9891.6,-E138,918.24,evehicle,97.17,2026-01-01 00:47:08
ev1,0.0,E156,9891.6,-E138,918.24,evehicle,97.17,2026-01-01 00:47:08.500000
ev1,0.0,E156,9891.6,-E138,918.24,evehicle,97.17,2026-01-01 00:47:09
ev1,0.0,E156,9891.6,-E138,918.24,evehicle,97.17,2026-01-01 00:47:09.500000
ev1,0.0,E156,9891.6,-E138,918.24,evehicle,97.17,2026-01-01 00:47:10
ev1,0.0,E156,9891.6,-E138,918.24,evehicle,97.17,2026-01-01 00:47:10.500000
ev1,0.0,E156,9891.6,-E138,918.24,evehicle,97.17,2026-01-01 00:47:11
ev1,0.0,E156,9891.6,-E138,918.24,evehicle,97.17,2026-01-01 00:47:11.500000
ev1,0.0,E156,9891.6,-E138,918.24,evehicle,97.17,2026-01-01 00:47:12
ev1,0.0,E156,9891.6,-E138,918.24,evehicle,97.17,2026-01-01 00:47:12.500000
ev1,0.0,E156,9891.6,-E138,918.24,evehicle,97.17,2026-01-01 00:47:13
ev1,0.0,E156,9891.6,-E138,918.24,evehicle,97.17,2026-01-01 00:47:13.500000
ev1,0.0,E156,9891.6,-E138,918.24,evehicle,97.17,2026-01-01 00:47:14
ev1,0.0,E156,9891.6,-E138,918.24,evehicle,97.17,2026-01-01 00:47:14.500000
ev1,0.0,E156,9891.6,-E138,918.24,evehicle,97.17,2026-01-01 00:47:15
ev1,0.0,E156,9891.6,-E138,918.24,evehicle,97.17,2026-01-01 00:47:15.500000
ev1,0.0,E156,9891.6,-E138,918.24,evehicle,97.17,2026-01-01 00:47:16
ev1,0.0,E156,9891.6,-E138,918.24,evehicle,97.17,2026-01-01 00:47:16.500000
ev1,0.0,E156,9891.6,-E138,918.24,evehicle,97.17,2026-01-01 00:47:17
ev1,0.0,E156,9891.6,-E138,918.24,evehicle,97.17,2026-01-01 00:47:17.500000
ev1,0.0,E156,9891.6,-E138,918.24,evehicle,97.17,2026-01-01 00:47:18
ev1,0.0,E156,9891.6,-E138,918.24,evehicle,97.17,2026-01-01 00:47:18.500000
ev1,0.0,E156,9891.6,-E138,918.24,evehicle,97.17,2026-01-01 00:47:19
ev1,0.0,E156,9891.6,-E138,918.24,evehicle,97.17,2026-01-01 00:47:19.500000
ev1,0.0,E156,9891.6,-E138,918.24,evehicle,97.17,2026-01-01 00:47:20
ev1,0.0,E156,9891.6,-E138,918.24,evehicle,97.17,2026-01-01 00:47:20.500000
ev1,0.0,E156,9891.6,-E138,918.24,evehicle,97.17,2026-01-01 00:47:21
ev1,0.0,E156,9891.6,-E138,918.24,evehicle,97.17,2026-01-01 00:47:21.500000
ev1,0.0,E156,9891.6,-E138,918.24,evehicle,97.17,2026-01-01 00:47:22
ev1,0.0,E156,9891.6,-E138,918.24,evehicle,97.17,2026-01-01 00:47:22.500000
ev1,0.0,E156,9891.6,-E138,918.24,evehicle,97.17,2026-01-01 00:47:23
ev1,0.0,E156,9891.6,-E138,918.24,evehicle,97.17,2026-01-01 00:47:23.500000
ev1,0.0,E156,9891.6,-E138,918.24,evehicle,97.17,2026-01-01 00:47:24
ev1,0.0,E156,9891.6,-E138,918.24,evehicle,97.17,2026-01-01 00:47:24.500000
ev1,0.0,E156,9891.6,-E138,918.24,evehicle,97.17,2026-01-01 00:47:25
ev1,0.0,E156,9891.6,-E138,918.24,evehicle,97.17,2026-01-01 00:47:25.500000
ev1,0.0,E156,9891.6,-E138,918.24,evehicle,97.17,2026-01-01 00:47:26
ev1,0.0,E156,9891.6,-E138,918.24,evehicle,97.17,2026-01-01 00:47:26.500000
ev1,0.0,E156,9891.6,-E138,918.24,evehicle,97.17,2026-01-01 00:47:27
ev1,0.0,E156,9891.6,-E138,918.24,evehicle,97.17,2026-01-01 00:47:27.500000
ev1,0.0,E156,9891.6,-E138,918.24,evehicle,97.17,2026-01-01 00:47:28
ev1,0.0,E156,9891.6,-E138,918.24,evehicle,97.17,2026-01-01 00:47:28.500000
ev1,0.0,E156,9891.6,-E138,918.24,evehicle,97.17,2026-01-01 00:47:29
ev1,0.0,E156,9891.6,-E138,918.24,evehicle,97.17,2026-01-01 00:47:29.500000
ev1,0.0,E156,9891.6,-E138,918.24,evehicle,97.17,2026-01-01 00:47:30
ev1,0.0,E156,9891.6,-E138,918.24,evehicle,97.17,2026-01-01 00:47:30.500000
ev1,0.0,E156,9891.6,-E138,918.24,evehicle,97.17,2026-01-01 00:47:31
ev1,0.0,E156,9891.6,-E138,918.24,evehicle,97.17,2026-01-01 00:47:31.500000
ev1,0.0,E156,9891.6,-E138,918.24,evehicle,97.17,2026-01-01 00:47:32
ev1,0.0,E156,9891.6,-E138,918.24,evehicle,97.17,2026-01-01 00:47:32.500000
ev1,0.0,E156,9891.6,-E138,918.24,evehicle,97.17,2026-01-01 00:47:33
ev1,0.0,E156,9891.6,-E138,918.24,evehicle,97.17,2026-01-01 00:47:33.500000
ev1,0.0,E156,9891.6,-E138,918.24,evehicle,97.17,2026-01-01 00:47:34
ev1,0.0,E156,9891.6,-E138,918.24,evehicle,97.17,2026-01-01 00:47:34.500000
ev1,0.0,E156,9891.6,-E138,918.24,evehicle,97.17,2026-01-01 00:47:35
ev1,0.0,E156,9891.6,-E138,918.24,evehicle,97.17,2026-01-01 00:47:35.500000
ev1,0.0,E156,9891.6,-E138,918.24,evehicle,97.17,2026-01-01 00:47:36
ev1,0.0,E156,9891.6,-E138,918.24,evehicle,97.17,2026-01-01 00:47:36.500000
ev1,0.0,E156,9891.6,-E138,918.24,evehicle,97.17,2026-01-01 00:47:37
ev1,0.0,E156,9891.6,-E138,918.24,evehicle,97.17,2026-01-01 00:47:37.500000
ev1,0.0,E156,9891.6,-E138,918.24,evehicle,97.17,2026-01-01 00:47:38
ev1,0.0,E156,9891.6,-E138,918.24,evehicle,97.17,2026-01-01 00:47:38.500000
ev1,0.0,E156,9891.6,-E138,918.24,evehicle,97.17,2026-01-01 00:47:39
ev1,0.0,E156,9891.6,-E138,918.24,evehicle,97.17,2026-01-01 00:47:39.500000
ev1,0.0,E156,9891.6,-E138,918.24,evehicle,97.17,2026-01-01 00:47:40
ev1,0.0,E156,9891.6,-E138,918.24,evehicle,97.17,2026-01-01 00:47:40.500000
ev1,0.0,E156,9891.6,-E138,918.24,evehicle,97.17,2026-01-01 00:47:41
ev1,0.0,E156,9891.6,-E138,918.24,evehicle,97.17,2026-01-01 00:47:41.500000
ev1,0.0,E156,9891.6,-E138,918.24,evehicle,97.17,2026-01-01 00:47:42
ev1,3.53,E156,9892.08,-E138,917.76,evehicle,97.17,2026-01-01 00:47:42.500000
ev1,7.24,E156,9893.09,-E138,916.75,evehicle,97.17,2026-01-01 00:47:43
ev1,10.26,E156,9894.52,-E138,915.32,evehicle,97.17,2026-01-01 00:47:43.500000
ev1,14.9,E156,9896.59,-E138,913.25,evehicle,97.17,2026-01-01 00:47:44
ev1,18.68,E156,9899.18,-E138,910.66,evehicle,97.17,2026-01-01 00:47:44.500000
ev1,21.06,:J105_4,9899.18,-E138,910.66,evehicle,97.14,2026-01-01 00:47:45
ev1,20.09,:J105_4,9899.18,-E138,910.66,evehicle,97.14,2026-01-01 00:47:45.500000
ev1,21.02,:J105_4,9899.18,-E138,910.66,evehicle,97.14,2026-01-01 00:47:46
ev1,20.66,-E150,9910.69,-E138,899.15,evehicle,97.14,2026-01-01 00:47:46.500000
ev1,23.18,-E150,9913.91,-E138,895.93,evehicle,97.14,2026-01-01 00:47:47
ev1,26.06,-E150,9917.53,-E138,892.31,evehicle,97.14,2026-01-01 00:47:47.500000
ev1,28.51,-E150,9921.49,-E138,888.35,evehicle,97.11,2026-01-01 00:47:48
ev1,32.22,-E150,9925.97,-E138,883.87,evehicle,97.11,2026-01-01 00:47:48.500000
ev1,35.89,-E150,9930.95,-E138,878.89,evehicle,97.09,2026-01-01 00:47:49
ev1,38.81,:J96_10,9930.95,-E138,878.89,evehicle,97.09,2026-01-01 00:47:49.500000
ev1,43.13,:J96_10,9930.95,-E138,878.89,evehicle,97.06,2026-01-01 00:47:50
ev1,47.41,:J96_10,9930.95,-E138,878.89,evehicle,97.03,2026-01-01 00:47:50.500000
ev1,45.47,-E136,9955.22,-E138,854.62,evehicle,97.03,2026-01-01 00:47:51
ev1,46.15,-E136,9961.63,-E138,848.21,evehicle,97.03,2026-01-01 00:47:51.500000
ev1,46.08,-E136,9968.03,-E138,841.81,evehicle,97.03,2026-01-01 00:47:52
ev1,45.68,-E136,9974.38,-E138,835.46,evehicle,97.03,2026-01-01 00:47:52.500000
ev1,47.05,:J95_10,9974.38,-E138,835.46,evehicle,97.03,2026-01-01 00:47:53
ev1,46.87,:J95_10,9974.38,-E138,835.46,evehicle,97.03,2026-01-01 00:47:53.500000
ev1,45.18,-E135,9993.69,-E138,816.15,evehicle,97.03,2026-01-01 00:47:54
ev1,46.58,-E135,10000.17,-E138,809.67,evehicle,97.03,2026-01-01 00:47:54.500000
ev1,45.22,-E135,10006.44,-E138,803.4,evehicle,97.03,2026-01-01 00:47:55
ev1,46.19,-E135,10012.86,-E138,796.98,evehicle,97.03,2026-01-01 00:47:55.500000
ev1,38.09,-E135,10018.15,-E138,791.69,evehicle,97.06,2026-01-01 00:47:56
ev1,29.99,-E135,10022.32,-E138,787.52,evehicle,97.09,2026-01-01 00:47:56.500000
ev1,21.89,:J89_18,10022.32,-E138,787.52,evehicle,97.11,2026-01-01 00:47:57
ev1,20.81,:J89_18,10022.32,-E138,787.52,evehicle,97.11,2026-01-01 00:47:57.500000
ev1,19.98,:J89_18,10022.32,-E138,787.52,evehicle,97.11,2026-01-01 00:47:58
ev1,21.06,E124,10033.95,-E138,775.89,evehicle,97.11,2026-01-01 00:47:58.500000
ev1,24.12,E124,10037.3,-E138,772.54,evehicle,97.11,2026-01-01 00:47:59
ev1,28.08,E124,10041.2,-E138,768.64,evehicle,97.09,2026-01-01 00:47:59.500000
ev1,32.47,E124,10045.71,-E138,764.13,evehicle,97.09,2026-01-01 00:48:00
ev1,36.11,E124,10050.72,-E138,759.12,evehicle,97.06,2026-01-01 00:48:00.500000
ev1,38.88,E124,10056.12,-E138,753.72,evehicle,97.06,2026-01-01 00:48:01
ev1,42.34,E124,10062.0,-E138,747.84,evehicle,97.03,2026-01-01 00:48:01.500000
ev1,44.75,E124,10068.22,-E138,741.62,evehicle,97.0,2026-01-01 00:48:02
ev1,46.01,E124,10074.6,-E138,735.24,evehicle,97.0,2026-01-01 00:48:02.500000
ev1,46.69,E124,10081.09,-E138,728.75,evehicle,97.0,2026-01-01 00:48:03
ev1,46.19,E124,10087.5,-E138,722.34,evehicle,97.0,2026-01-01 00:48:03.500000
ev1,45.79,E124,10093.86,-E138,715.98,evehicle,97.0,2026-01-01 00:48:04
ev1,45.14,E124,10100.13,-E138,709.71,evehicle,97.0,2026-01-01 00:48:04.500000
ev1,46.01,E124,10106.52,-E138,703.32,evehicle,97.0,2026-01-01 00:48:05
ev1,46.01,E124,10112.91,-E138,696.93,evehicle,97.0,2026-01-01 00:48:05.500000
ev1,46.12,E124,10119.31,-E138,690.53,evehicle,97.0,2026-01-01 00:48:06
ev1,38.02,E124,10124.59,-E138,685.25,evehicle,97.03,2026-01-01 00:48:06.500000
ev1,29.92,E124,10128.75,-E138,681.09,evehicle,97.06,2026-01-01 00:48:07
ev1,23.29,E124,10131.98,-E138,677.86,evehicle,97.09,2026-01-01 00:48:07.500000
ev1,23.58,E124,10135.26,-E138,674.58,evehicle,97.09,2026-01-01 00:48:08
ev1,21.1,:J78_0,10135.26,-E138,674.58,evehicle,97.09,2026-01-01 00:48:08.500000
ev1,21.13,:J78_0,10135.26,-E138,674.58,evehicle,97.09,2026-01-01 00:48:09
ev1,22.1,:J78_0,10135.26,-E138,674.58,evehicle,97.09,2026-01-01 00:48:09.500000
ev1,20.2,-einstein,10147.0,-E138,662.84,evehicle,97.09,2026-01-01 00:48:10
ev1,22.79,-einstein,10150.17,-E138,659.67,evehicle,97.09,2026-01-01 00:48:10.500000
ev1,27.04,-einstein,10153.92,-E138,655.92,evehicle,97.06,2026-01-01 00:48:11
ev1,31.68,-einstein,10158.32,-E138,651.52,evehicle,97.06,2026-01-01 00:48:11.500000
ev1,34.16,-einstein,10163.06,-E138,646.78,evehicle,97.03,2026-01-01 00:48:12
ev1,36.83,-einstein,10168.18,-E138,641.66,evehicle,97.03,2026-01-01 00:48:12.500000
ev1,40.39,-einstein,10173.79,-E138,636.05,evehicle,97.0,2026-01-01 00:48:13
ev1,43.49,-einstein,10179.82,-E138,630.02,evehicle,97.0,2026-01-01 00:48:13.500000
ev1,46.62,-einstein,10186.3,-E138,623.54,evehicle,96.97,2026-01-01 00:48:14
ev1,51.23,-einstein,10193.41,-E138,616.43,evehicle,96.94,2026-01-01 00:48:14.500000
ev1,55.37,-einstein,10201.1,-E138,608.74,evehicle,96.91,2026-01-01 00:48:15
ev1,59.33,-einstein,10209.34,-E138,600.5,evehicle,96.89,2026-01-01 00:48:15.500000
ev1,63.54,-einstein,10218.17,-E138,591.67,evehicle,96.86,2026-01-01 00:48:16
ev1,66.92,-einstein,10227.46,-E138,582.38,evehicle,96.83,2026-01-01 00:48:16.500000
ev1,69.62,-einstein,10237.13,-E138,572.71,evehicle,96.8,2026-01-01 00:48:17
ev1,72.9,-einstein,10247.26,-E138,562.58,evehicle,96.77,2026-01-01 00:48:17.500000
ev1,76.0,-einstein,10257.81,-E138,552.03,evehicle,96.74,2026-01-01 00:48:18
ev1,79.09,-einstein,10268.8,-E138,541.04,evehicle,96.71,2026-01-01 00:48:18.500000
ev1,81.94,:J75_5,10268.8,-E138,541.04,evehicle,96.69,2026-01-01 00:48:19
ev1,84.92,:J75_5,10268.8,-E138,541.04,evehicle,96.63,2026-01-01 00:48:19.500000
ev1,88.16,-ohm,10304.22,-E138,505.62,evehicle,96.6,2026-01-01 00:48:20
ev1,91.3,-ohm,10316.9,-E138,492.94,evehicle,96.57,2026-01-01 00:48:20.500000
ev1,95.4,-ohm,10330.15,-E138,479.69,evehicle,96.51,2026-01-01 00:48:21
ev1,98.82,-ohm,10343.87,-E138,465.97,evehicle,96.46,2026-01-01 00:48:21.500000
ev1,103.46,-ohm,10358.25,-E138,451.59,evehicle,96.4,2026-01-01 00:48:22
ev1,107.75,-ohm,10373.21,-E138,436.63,evehicle,96.34,2026-01-01 00:48:22.500000
ev1,104.54,-ohm,10387.73,-E138,422.11,evehicle,96.37,2026-01-01 00:48:23
ev1,96.44,-ohm,10401.13,-E138,408.71,evehicle,96.46,2026-01-01 00:48:23.500000
ev1,89.78,-ohm,10413.6,-E138,396.24,evehicle,96.51,2026-01-01 00:48:24
ev1,81.68,-ohm,10424.94,-E138,384.9,evehicle,96.6,2026-01-01 00:48:24.500000
ev1,73.58,-ohm,10435.16,-E138,374.68,evehicle,96.66,2026-01-01 00:48:25
ev1,65.48,-ohm,10444.25,-E138,365.59,evehicle,96.71,2026-01-01 00:48:25.500000
ev1,57.38,-ohm,10452.22,-E138,357.62,evehicle,96.77,2026-01-01 00:48:26
ev1,49.28,-ohm,10459.06,-E138,350.78,evehicle,96.83,2026-01-01 00:48:26.500000
ev1,41.18,-ohm,10464.79,-E138,345.05,evehicle,96.86,2026-01-01 00:48:27
ev1,33.08,-ohm,10469.38,-E138,340.46,evehicle,96.89,2026-01-01 00:48:27.500000
ev1,24.98,-ohm,10472.86,-E138,336.98,evehicle,96.91,2026-01-01 00:48:28
ev1,27.32,:J74_6,10472.86,-E138,336.98,evehicle,96.91,2026-01-01 00:48:28.500000
ev1,27.14,:J74_14,10472.86,-E138,336.98,evehicle,96.91,2026-01-01 00:48:29
ev1,25.81,:J74_14,10472.86,-E138,336.98,evehicle,96.91,2026-01-01 00:48:29.500000
ev1,25.16,:J74_14,10472.86,-E138,336.98,evehicle,96.91,2026-01-01 00:48:30
ev1,26.24,-E109,10491.14,-E138,323.86,evehicle,96.91,2026-01-01 00:48:30.500000
ev1,30.02,-E109,10495.32,-E138,319.68,evehicle,96.89,2026-01-01 00:48:31
ev1,33.77,-E109,10500.0,-E138,315.0,evehicle,96.89,2026-01-01 00:48:31.500000
ev1,37.26,-E109,10505.18,-E138,309.82,evehicle,96.86,2026-01-01 00:48:32
ev1,41.51,-E109,10510.95,-E138,304.05,evehicle,96.83,2026-01-01 00:48:32.500000
ev1,44.06,-E109,10517.07,-E138,297.93,evehicle,96.83,2026-01-01 00:48:33
ev1,35.96,-E109,10522.06,-E138,292.94,evehicle,96.86,2026-01-01 00:48:33.500000
ev1,27.86,-E109,10525.93,-E138,289.07,evehicle,96.89,2026-01-01 00:48:34
ev1,19.76,-E109,10528.68,-E138,286.32,evehicle,96.91,2026-01-01 00:48:34.500000
ev1,11.66,-E109,10530.3,-E138,284.7,evehicle,96.91,2026-01-01 00:48:35
ev1,3.56,-E109,10530.79,-E138,284.21,evehicle,96.94,2026-01-01 00:48:35.500000
ev1,0.58,-E109,10530.87,-E138,284.13,evehicle,96.94,2026-01-01 00:48:36
ev1,0.07,-E109,10530.88,-E138,284.12,evehicle,96.94,2026-01-01 00:48:36.500000
ev1,0.0,-E109,10530.88,-E138,284.12,evehicle,96.94,2026-01-01 00:48:37
ev1,0.0,-E109,10530.88,-E138,284.12,evehicle,96.94,2026-01-01 00:48:37.500000
ev1,0.0,-E109,10530.88,-E138,284.12,evehicle,96.94,2026-01-01 00:48:38
ev1,0.0,-E109,10530.88,-E138,284.12,evehicle,96.94,2026-01-01 00:48:38.500000
ev1,0.0,-E109,10530.88,-E138,284.12,evehicle,96.94,2026-01-01 00:48:39
ev1,0.0,-E109,10530.88,-E138,284.12,evehicle,96.94,2026-01-01 00:48:39.500000
ev1,0.0,-E109,10530.88,-E138,284.12,evehicle,96.94,2026-01-01 00:48:40
ev1,0.0,-E109,10530.88,-E138,284.12,evehicle,96.94,2026-01-01 00:48:40.500000
ev1,0.0,-E109,10530.88,-E138,284.12,evehicle,96.94,2026-01-01 00:48:41
ev1,0.0,-E109,10530.88,-E138,284.12,evehicle,96.94,2026-01-01 00:48:41.500000
ev1,0.0,-E109,10530.88,-E138,284.12,evehicle,96.94,2026-01-01 00:48:42
ev1,0.0,-E109,10530.88,-E138,284.12,evehicle,96.94,2026-01-01 00:48:42.500000
ev1,0.0,-E109,10530.88,-E138,284.12,evehicle,96.94,2026-01-01 00:48:43
ev1,0.0,-E109,10530.88,-E138,284.12,evehicle,96.94,2026-01-01 00:48:43.500000
ev1,0.0,-E109,10530.88,-E138,284.12,evehicle,96.94,2026-01-01 00:48:44
ev1,0.0,-E109,10530.88,-E138,284.12,evehicle,96.94,2026-01-01 00:48:44.500000
ev1,0.0,-E109,10530.88,-E138,284.12,evehicle,96.94,2026-01-01 00:48:45
ev1,0.0,-E109,10530.88,-E138,284.12,evehicle,96.94,2026-01-01 00:48:45.500000
ev1,0.0,-E109,10530.88,-E138,284.12,evehicle,96.94,2026-01-01 00:48:46
ev1,0.0,-E109,10530.88,-E138,284.12,evehicle,96.94,2026-01-01 00:48:46.500000
ev1,0.0,-E109,10530.88,-E138,284.12,evehicle,96.94,2026-01-01 00:48:47
ev1,0.0,-E109,10530.88,-E138,284.12,evehicle,96.94,2026-01-01 00:48:47.500000
ev1,0.0,-E109,10530.88,-E138,284.12,evehicle,96.94,2026-01-01 00:48:48
ev1,0.0,-E109,10530.88,-E138,284.12,evehicle,96.94,2026-01-01 00:48:48.500000
ev1,0.0,-E109,10530.88,-E138,284.12,evehicle,96.94,2026-01-01 00:48:49
ev1,0.0,-E109,10530.88,-E138,284.12,evehicle,96.94,2026-01-01 00:48:49.500000
ev1,0.0,-E109,10530.88,-E138,284.12,evehicle,96.94,2026-01-01 00:48:50
ev1,0.0,-E109,10530.88,-E138,284.12,evehicle,96.94,2026-01-01 00:48:50.500000
ev1,0.0,-E109,10530.88,-E138,284.12,evehicle,96.94,2026-01-01 00:48:51
ev1,0.0,-E109,10530.88,-E138,284.12,evehicle,96.94,2026-01-01 00:48:51.500000
ev1,0.0,-E109,10530.88,-E138,284.12,evehicle,96.94,2026-01-01 00:48:52
ev1,0.0,-E109,10530.88,-E138,284.12,evehicle,96.94,2026-01-01 00:48:52.500000
ev1,0.0,-E109,10530.88,-E138,284.12,evehicle,96.94,2026-01-01 00:48:53
ev1,0.0,-E109,10530.88,-E138,284.12,evehicle,96.94,2026-01-01 00:48:53.500000
ev1,0.0,-E109,10530.88,-E138,284.12,evehicle,96.94,2026-01-01 00:48:54
ev1,0.0,-E109,10530.88,-E138,284.12,evehicle,96.94,2026-01-01 00:48:54.500000
ev1,0.0,-E109,10530.88,-E138,284.12,evehicle,96.94,2026-01-01 00:48:55
ev1,0.0,-E109,10530.88,-E138,284.12,evehicle,96.94,2026-01-01 00:48:55.500000
ev1,0.0,-E109,10530.88,-E138,284.12,evehicle,96.94,2026-01-01 00:48:56
ev1,0.0,-E109,10530.88,-E138,284.12,evehicle,96.94,2026-01-01 00:48:56.500000
ev1,0.0,-E109,10530.88,-E138,284.12,evehicle,96.94,2026-01-01 00:48:57
ev1,0.0,-E109,10530.88,-E138,284.12,evehicle,96.91,2026-01-01 00:48:57.500000
ev1,0.0,-E109,10530.88,-E138,284.12,evehicle,96.91,2026-01-01 00:48:58
ev1,0.0,-E109,10530.88,-E138,284.12,evehicle,96.91,2026-01-01 00:48:58.500000
ev1,0.0,-E109,10530.88,-E138,284.12,evehicle,96.91,2026-01-01 00:48:59
ev1,0.0,-E109,10530.88,-E138,284.12,evehicle,96.91,2026-01-01 00:48:59.500000
ev1,0.0,-E109,10530.88,-E138,284.12,evehicle,96.91,2026-01-01 00:49:00
ev1,0.0,-E109,10530.88,-E138,284.12,evehicle,96.91,2026-01-01 00:49:00.500000
ev1,0.0,-E109,10530.88,-E138,284.12,evehicle,96.91,2026-01-01 00:49:01
ev1,0.0,-E109,10530.88,-E138,284.12,evehicle,96.91,2026-01-01 00:49:01.500000
ev1,0.0,-E109,10530.88,-E138,284.12,evehicle,96.91,2026-01-01 00:49:02
ev1,0.0,-E109,10530.88,-E138,284.12,evehicle,96.91,2026-01-01 00:49:02.500000
ev1,0.0,-E109,10530.88,-E138,284.12,evehicle,96.91,2026-01-01 00:49:03
ev1,0.0,-E109,10530.88,-E138,284.12,evehicle,96.91,2026-01-01 00:49:03.500000
ev1,0.0,-E109,10530.88,-E138,284.12,evehicle,96.91,2026-01-01 00:49:04
ev1,0.0,-E109,10530.88,-E138,284.12,evehicle,96.91,2026-01-01 00:49:04.500000
ev1,0.0,-E109,10530.88,-E138,284.12,evehicle,96.91,2026-01-01 00:49:05
ev1,0.0,-E109,10530.88,-E138,284.12,evehicle,96.91,2026-01-01 00:49:05.500000
ev1,0.0,-E109,10530.88,-E138,284.12,evehicle,96.91,2026-01-01 00:49:06
ev1,0.0,-E109,10530.88,-E138,284.12,evehicle,96.91,2026-01-01 00:49:06.500000
ev1,0.0,-E109,10530.88,-E138,284.12,evehicle,96.91,2026-01-01 00:49:07
ev1,0.0,-E109,10530.88,-E138,284.12,evehicle,96.91,2026-01-01 00:49:07.500000
ev1,0.0,-E109,10530.88,-E138,284.12,evehicle,96.91,2026-01-01 00:49:08
ev1,0.0,-E109,10530.88,-E138,284.12,evehicle,96.91,2026-01-01 00:49:08.500000
ev1,0.0,-E109,10530.88,-E138,284.12,evehicle,96.91,2026-01-01 00:49:09
ev1,0.0,-E109,10530.88,-E138,284.12,evehicle,96.91,2026-01-01 00:49:09.500000
ev1,0.0,-E109,10530.88,-E138,284.12,evehicle,96.91,2026-01-01 00:49:10
ev1,0.0,-E109,10530.88,-E138,284.12,evehicle,96.91,2026-01-01 00:49:10.500000
ev1,0.0,-E109,10530.88,-E138,284.12,evehicle,96.91,2026-01-01 00:49:11
ev1,0.0,-E109,10530.88,-E138,284.12,evehicle,96.91,2026-01-01 00:49:11.500000
ev1,0.0,-E109,10530.88,-E138,284.12,evehicle,96.91,2026-01-01 00:49:12
ev1,0.0,-E109,10530.88,-E138,284.12,evehicle,96.91,2026-01-01 00:49:12.500000
ev1,0.0,-E109,10530.88,-E138,284.12,evehicle,96.91,2026-01-01 00:49:13
ev1,0.0,-E109,10530.88,-E138,284.12,evehicle,96.91,2026-01-01 00:49:13.500000
ev1,0.0,-E109,10530.88,-E138,284.12,evehicle,96.91,2026-01-01 00:49:14
ev1,0.0,-E109,10530.88,-E138,284.12,evehicle,96.91,2026-01-01 00:49:14.500000
ev1,0.0,-E109,10530.88,-E138,284.12,evehicle,96.91,2026-01-01 00:49:15
ev1,0.0,-E109,10530.88,-E138,284.12,evehicle,96.91,2026-01-01 00:49:15.500000
ev1,0.0,-E109,10530.88,-E138,284.12,evehicle,96.91,2026-01-01 00:49:16
ev1,0.0,-E109,10530.88,-E138,284.12,evehicle,96.91,2026-01-01 00:49:16.500000
ev1,0.0,-E109,10530.88,-E138,284.12,evehicle,96.91,2026-01-01 00:49:17
ev1,0.0,-E109,10530.88,-E138,284.12,evehicle,96.91,2026-01-01 00:49:17.500000
ev1,0.0,-E109,10530.88,-E138,284.12,evehicle,96.91,2026-01-01 00:49:18
ev1,0.0,-E109,10530.88,-E138,284.12,evehicle,96.91,2026-01-01 00:49:18.500000
ev1,0.0,-E109,10530.88,-E138,284.12,evehicle,96.91,2026-01-01 00:49:19
ev1,0.0,-E109,10530.88,-E138,284.12,evehicle,96.91,2026-01-01 00:49:19.500000
ev1,0.0,-E109,10530.88,-E138,284.12,evehicle,96.91,2026-01-01 00:49:20
ev1,0.0,-E109,10530.88,-E138,284.12,evehicle,96.91,2026-01-01 00:49:20.500000
ev1,0.0,-E109,10530.88,-E138,284.12,evehicle,96.91,2026-01-01 00:49:21
ev1,0.0,-E109,10530.88,-E138,284.12,evehicle,96.91,2026-01-01 00:49:21.500000
ev1,0.0,-E109,10530.88,-E138,284.12,evehicle,96.91,2026-01-01 00:49:22
ev1,0.0,-E109,10530.88,-E138,284.12,evehicle,96.91,2026-01-01 00:49:22.500000
ev1,0.0,-E109,10530.88,-E138,284.12,evehicle,96.91,2026-01-01 00:49:23
ev1,0.0,-E109,10530.88,-E138,284.12,evehicle,96.91,2026-01-01 00:49:23.500000
ev1,0.0,-E109,10530.88,-E138,284.12,evehicle,96.91,2026-01-01 00:49:24
ev1,0.0,-E109,10530.88,-E138,284.12,evehicle,96.91,2026-01-01 00:49:24.500000
ev1,0.0,-E109,10530.88,-E138,284.12,evehicle,96.91,2026-01-01 00:49:25
ev1,0.0,-E109,10530.88,-E138,284.12,evehicle,96.91,2026-01-01 00:49:25.500000
ev1,0.0,-E109,10530.88,-E138,284.12,evehicle,96.91,2026-01-01 00:49:26
ev1,0.0,-E109,10530.88,-E138,284.12,evehicle,96.91,2026-01-01 00:49:26.500000
ev1,0.0,-E109,10530.88,-E138,284.12,evehicle,96.91,2026-01-01 00:49:27
ev1,0.0,-E109,10530.88,-E138,284.12,evehicle,96.91,2026-01-01 00:49:27.500000
ev1,0.0,-E109,10530.88,-E138,284.12,evehicle,96.91,2026-01-01 00:49:28
ev1,0.0,-E109,10530.88,-E138,284.12,evehicle,96.91,2026-01-01 00:49:28.500000
ev1,0.0,-E109,10530.88,-E138,284.12,evehicle,96.91,2026-01-01 00:49:29
ev1,0.0,-E109,10530.88,-E138,284.12,evehicle,96.91,2026-01-01 00:49:29.500000
ev1,0.0,-E109,10530.88,-E138,284.12,evehicle,96.91,2026-01-01 00:49:30
ev1,3.64,-E109,10531.39,-E138,283.61,evehicle,96.91,2026-01-01 00:49:30.500000
ev1,6.41,:J61_10,10531.39,-E138,283.61,evehicle,96.91,2026-01-01 00:49:31
ev1,11.09,:J61_10,10531.39,-E138,283.61,evehicle,96.91,2026-01-01 00:49:31.500000
ev1,15.77,:J61_10,10531.39,-E138,283.61,evehicle,96.91,2026-01-01 00:49:32
ev1,19.94,:J61_22,10531.39,-E138,283.61,evehicle,96.91,2026-01-01 00:49:32.500000
ev1,24.44,:J61_22,10531.39,-E138,283.61,evehicle,96.89,2026-01-01 00:49:33
ev1,27.47,:J61_22,10531.39,-E138,283.61,evehicle,96.89,2026-01-01 00:49:33.500000
ev1,31.18,:J61_22,10531.39,-E138,283.61,evehicle,96.86,2026-01-01 00:49:34
ev1,33.55,-E81,10554.97,-E138,260.03,evehicle,96.86,2026-01-01 00:49:34.500000
ev1,37.69,-E81,10560.21,-E138,254.79,evehicle,96.83,2026-01-01 00:49:35
ev1,41.18,-E81,10565.93,-E138,249.07,evehicle,96.83,2026-01-01 00:49:35.500000
ev1,45.18,-E81,10572.2,-E138,242.8,evehicle,96.8,2026-01-01 00:49:36
ev1,45.0,-E81,10578.45,-E138,236.55,evehicle,96.8,2026-01-01 00:49:36.500000
ev1,36.9,-E81,10583.57,-E138,231.43,evehicle,96.83,2026-01-01 00:49:37
ev1,28.8,-E81,10587.57,-E138,227.43,evehicle,96.86,2026-01-01 00:49:37.500000
ev1,20.7,-E81,10590.44,-E138,224.56,evehicle,96.89,2026-01-01 00:49:38
ev1,12.6,-E81,10592.19,-E138,222.81,evehicle,96.89,2026-01-01 00:49:38.500000
ev1,4.5,-E81,10592.81,-E138,222.19,evehicle,96.91,2026-01-01 00:49:39
ev1,0.22,-E81,10592.84,-E138,222.16,evehicle,96.91,2026-01-01 00:49:39.500000
ev1,0.04,-E81,10592.85,-E138,222.15,evehicle,96.91,2026-01-01 00:49:40
ev1,0.0,-E81,10592.85,-E138,222.15,evehicle,96.91,2026-01-01 00:49:40.500000
ev1,0.0,-E81,10592.85,-E138,222.15,evehicle,96.91,2026-01-01 00:49:41
ev1,0.0,-E81,10592.85,-E138,222.15,evehicle,96.91,2026-01-01 00:49:41.500000
ev1,0.0,-E81,10592.85,-E138,222.15,evehicle,96.91,2026-01-01 00:49:42
ev1,0.0,-E81,10592.85,-E138,222.15,evehicle,96.91,2026-01-01 00:49:42.500000
ev1,0.0,-E81,10592.85,-E138,222.15,evehicle,96.91,2026-01-01 00:49:43
ev1,0.0,-E81,10592.85,-E138,222.15,evehicle,96.91,2026-01-01 00:49:43.500000
ev1,0.0,-E81,10592.85,-E138,222.15,evehicle,96.91,2026-01-01 00:49:44
ev1,0.0,-E81,10592.85,-E138,222.15,evehicle,96.91,2026-01-01 00:49:44.500000
ev1,0.0,-E81,10592.85,-E138,222.15,evehicle,96.91,2026-01-01 00:49:45
ev1,0.0,-E81,10592.85,-E138,222.15,evehicle,96.91,2026-01-01 00:49:45.500000
ev1,0.0,-E81,10592.85,-E138,222.15,evehicle,96.91,2026-01-01 00:49:46
ev1,0.0,-E81,10592.85,-E138,222.15,evehicle,96.91,2026-01-01 00:49:46.500000
ev1,0.0,-E81,10592.85,-E138,222.15,evehicle,96.91,2026-01-01 00:49:47
ev1,0.0,-E81,10592.85,-E138,222.15,evehicle,96.91,2026-01-01 00:49:47.500000
ev1,0.0,-E81,10592.85,-E138,222.15,evehicle,96.91,2026-01-01 00:49:48
ev1,0.0,-E81,10592.85,-E138,222.15,evehicle,96.91,2026-01-01 00:49:48.500000
ev1,0.0,-E81,10592.85,-E138,222.15,evehicle,96.91,2026-01-01 00:49:49
ev1,0.0,-E81,10592.85,-E138,222.15,evehicle,96.91,2026-01-01 00:49:49.500000
ev1,0.0,-E81,10592.85,-E138,222.15,evehicle,96.91,2026-01-01 00:49:50
ev1,0.0,-E81,10592.85,-E138,222.15,evehicle,96.91,2026-01-01 00:49:50.500000
ev1,0.0,-E81,10592.85,-E138,222.15,evehicle,96.91,2026-01-01 00:49:51
ev1,0.0,-E81,10592.85,-E138,222.15,evehicle,96.91,2026-01-01 00:49:51.500000
ev1,0.0,-E81,10592.85,-E138,222.15,evehicle,96.91,2026-01-01 00:49:52
ev1,0.0,-E81,10592.85,-E138,222.15,evehicle,96.91,2026-01-01 00:49:52.500000
ev1,0.0,-E81,10592.85,-E138,222.15,evehicle,96.91,2026-01-01 00:49:53
ev1,0.0,-E81,10592.85,-E138,222.15,evehicle,96.91,2026-01-01 00:49:53.500000
ev1,0.0,-E81,10592.85,-E138,222.15,evehicle,96.91,2026-01-01 00:49:54
ev1,0.0,-E81,10592.85,-E138,222.15,evehicle,96.91,2026-01-01 00:49:54.500000
ev1,0.0,-E81,10592.85,-E138,222.15,evehicle,96.91,2026-01-01 00:49:55
ev1,0.0,-E81,10592.85,-E138,222.15,evehicle,96.91,2026-01-01 00:49:55.500000
ev1,0.0,-E81,10592.85,-E138,222.15,evehicle,96.91,2026-01-01 00:49:56
ev1,0.0,-E81,10592.85,-E138,222.15,evehicle,96.91,2026-01-01 00:49:56.500000
ev1,0.0,-E81,10592.85,-E138,222.15,evehicle,96.91,2026-01-01 00:49:57
ev1,0.0,-E81,10592.85,-E138,222.15,evehicle,96.91,2026-01-01 00:49:57.500000
ev1,0.0,-E81,10592.85,-E138,222.15,evehicle,96.91,2026-01-01 00:49:58
ev1,0.0,-E81,10592.85,-E138,222.15,evehicle,96.91,2026-01-01 00:49:58.500000
ev1,0.0,-E81,10592.85,-E138,222.15,evehicle,96.91,2026-01-01 00:49:59
ev1,0.0,-E81,10592.85,-E138,222.15,evehicle,96.91,2026-01-01 00:49:59.500000
ev1,0.0,-E81,10592.85,-E138,222.15,evehicle,96.91,2026-01-01 00:50:00
ev1,0.0,-E81,10592.85,-E138,222.15,evehicle,96.91,2026-01-01 00:50:00.500000
ev1,0.0,-E81,10592.85,-E138,222.15,evehicle,96.91,2026-01-01 00:50:01
ev1,0.0,-E81,10592.85,-E138,222.15,evehicle,96.91,2026-01-01 00:50:01.500000
ev1,0.0,-E81,10592.85,-E138,222.15,evehicle,96.91,2026-01-01 00:50:02
ev1,0.0,-E81,10592.85,-E138,222.15,evehicle,96.91,2026-01-01 00:50:02.500000
ev1,0.0,-E81,10592.85,-E138,222.15,evehicle,96.91,2026-01-01 00:50:03
ev1,0.0,-E81,10592.85,-E138,222.15,evehicle,96.91,2026-01-01 00:50:03.500000
ev1,0.0,-E81,10592.85,-E138,222.15,evehicle,96.91,2026-01-01 00:50:04
ev1,0.0,-E81,10592.85,-E138,222.15,evehicle,96.91,2026-01-01 00:50:04.500000
ev1,0.0,-E81,10592.85,-E138,222.15,evehicle,96.91,2026-01-01 00:50:05
ev1,0.0,-E81,10592.85,-E138,222.15,evehicle,96.91,2026-01-01 00:50:05.500000
ev1,0.0,-E81,10592.85,-E138,222.15,evehicle,96.91,2026-01-01 00:50:06
ev1,0.0,-E81,10592.85,-E138,222.15,evehicle,96.91,2026-01-01 00:50:06.500000
ev1,0.0,-E81,10592.85,-E138,222.15,evehicle,96.91,2026-01-01 00:50:07
ev1,0.0,-E81,10592.85,-E138,222.15,evehicle,96.91,2026-01-01 00:50:07.500000
ev1,0.0,-E81,10592.85,-E138,222.15,evehicle,96.91,2026-01-01 00:50:08
ev1,0.0,-E81,10592.85,-E138,222.15,evehicle,96.91,2026-01-01 00:50:08.500000
ev1,0.0,-E81,10592.85,-E138,222.15,evehicle,96.91,2026-01-01 00:50:09
ev1,0.0,-E81,10592.85,-E138,222.15,evehicle,96.91,2026-01-01 00:50:09.500000
ev1,0.0,-E81,10592.85,-E138,222.15,evehicle,96.91,2026-01-01 00:50:10
ev1,0.0,-E81,10592.85,-E138,222.15,evehicle,96.91,2026-01-01 00:50:10.500000
ev1,0.0,-E81,10592.85,-E138,222.15,evehicle,96.91,2026-01-01 00:50:11
ev1,0.0,-E81,10592.85,-E138,222.15,evehicle,96.91,2026-01-01 00:50:11.500000
ev1,0.0,-E81,10592.85,-E138,222.15,evehicle,96.91,2026-01-01 00:50:12
ev1,0.0,-E81,10592.85,-E138,222.15,evehicle,96.91,2026-01-01 00:50:12.500000
ev1,0.0,-E81,10592.85,-E138,222.15,evehicle,96.91,2026-01-01 00:50:13
ev1,0.0,-E81,10592.85,-E138,222.15,evehicle,96.91,2026-01-01 00:50:13.500000
ev1,0.0,-E81,10592.85,-E138,222.15,evehicle,96.91,2026-01-01 00:50:14
ev1,0.0,-E81,10592.85,-E138,222.15,evehicle,96.91,2026-01-01 00:50:14.500000
ev1,0.0,-E81,10592.85,-E138,222.15,evehicle,96.91,2026-01-01 00:50:15
ev1,0.0,-E81,10592.85,-E138,222.15,evehicle,96.91,2026-01-01 00:50:15.500000
ev1,0.0,-E81,10592.85,-E138,222.15,evehicle,96.91,2026-01-01 00:50:16
ev1,0.0,-E81,10592.85,-E138,222.15,evehicle,96.91,2026-01-01 00:50:16.500000
ev1,0.0,-E81,10592.85,-E138,222.15,evehicle,96.91,2026-01-01 00:50:17
ev1,0.0,-E81,10592.85,-E138,222.15,evehicle,96.91,2026-01-01 00:50:17.500000
ev1,0.0,-E81,10592.85,-E138,222.15,evehicle,96.91,2026-01-01 00:50:18
ev1,0.0,-E81,10592.85,-E138,222.15,evehicle,96.91,2026-01-01 00:50:18.500000
ev1,0.0,-E81,10592.85,-E138,222.15,evehicle,96.91,2026-01-01 00:50:19
ev1,0.0,-E81,10592.85,-E138,222.15,evehicle,96.91,2026-01-01 00:50:19.500000
ev1,0.0,-E81,10592.85,-E138,222.15,evehicle,96.91,2026-01-01 00:50:20
ev1,0.0,-E81,10592.85,-E138,222.15,evehicle,96.91,2026-01-01 00:50:20.500000
ev1,0.0,-E81,10592.85,-E138,222.15,evehicle,96.91,2026-01-01 00:50:21
ev1,0.0,-E81,10592.85,-E138,222.15,evehicle,96.91,2026-01-01 00:50:21.500000
ev1,0.0,-E81,10592.85,-E138,222.15,evehicle,96.91,2026-01-01 00:50:22
ev1,0.0,-E81,10592.85,-E138,222.15,evehicle,96.91,2026-01-01 00:50:22.500000
ev1,0.0,-E81,10592.85,-E138,222.15,evehicle,96.91,2026-01-01 00:50:23
ev1,0.0,-E81,10592.85,-E138,222.15,evehicle,96.91,2026-01-01 00:50:23.500000
ev1,0.0,-E81,10592.85,-E138,222.15,evehicle,96.91,2026-01-01 00:50:24
ev1,0.0,-E81,10592.85,-E138,222.15,evehicle,96.91,2026-01-01 00:50:24.500000
ev1,0.0,-E81,10592.85,-E138,222.15,evehicle,96.91,2026-01-01 00:50:25
ev1,0.0,-E81,10592.85,-E138,222.15,evehicle,96.91,2026-01-01 00:50:25.500000
ev1,0.0,-E81,10592.85,-E138,222.15,evehicle,96.91,2026-01-01 00:50:26
ev1,0.0,-E81,10592.85,-E138,222.15,evehicle,96.91,2026-01-01 00:50:26.500000
ev1,0.0,-E81,10592.85,-E138,222.15,evehicle,96.91,2026-01-01 00:50:27
ev1,0.0,-E81,10592.85,-E138,222.15,evehicle,96.91,2026-01-01 00:50:27.500000
ev1,0.0,-E81,10592.85,-E138,222.15,evehicle,96.91,2026-01-01 00:50:28
ev1,0.0,-E81,10592.85,-E138,222.15,evehicle,96.91,2026-01-01 00:50:28.500000
ev1,0.0,-E81,10592.85,-E138,222.15,evehicle,96.91,2026-01-01 00:50:29
ev1,0.0,-E81,10592.85,-E138,222.15,evehicle,96.91,2026-01-01 00:50:29.500000
ev1,0.0,-E81,10592.85,-E138,222.15,evehicle,96.91,2026-01-01 00:50:30
ev1,0.0,-E81,10592.85,-E138,222.15,evehicle,96.91,2026-01-01 00:50:30.500000
ev1,0.0,-E81,10592.85,-E138,222.15,evehicle,96.91,2026-01-01 00:50:31
ev1,0.0,-E81,10592.85,-E138,222.15,evehicle,96.91,2026-01-01 00:50:31.500000
ev1,0.0,-E81,10592.85,-E138,222.15,evehicle,96.91,2026-01-01 00:50:32
ev1,0.0,-E81,10592.85,-E138,222.15,evehicle,96.91,2026-01-01 00:50:32.500000
ev1,0.0,-E81,10592.85,-E138,222.15,evehicle,96.91,2026-01-01 00:50:33
ev1,3.53,-E81,10593.34,-E138,221.66,evehicle,96.89,2026-01-01 00:50:33.500000
ev1,7.63,:J56_11,10593.34,-E138,221.66,evehicle,96.89,2026-01-01 00:50:34
ev1,9.97,:J56_11,10593.34,-E138,221.66,evehicle,96.89,2026-01-01 00:50:34.500000
ev1,14.58,:J56_11,10593.34,-E138,221.66,evehicle,96.89,2026-01-01 00:50:35
ev1,17.64,:J56_11,10593.34,-E138,221.66,evehicle,96.89,2026-01-01 00:50:35.500000
ev1,22.14,:J56_11,10593.34,-E138,221.66,evehicle,96.86,2026-01-01 00:50:36
ev1,26.42,:J56_11,10593.34,-E138,221.66,evehicle,96.86,2026-01-01 00:50:36.500000
ev1,30.53,:J56_11,10593.34,-E138,221.66,evehicle,96.83,2026-01-01 00:50:37
ev1,34.63,:J56_11,10593.34,-E138,221.66,evehicle,96.83,2026-01-01 00:50:37.500000
ev1,39.24,:J56_11,10593.34,-E138,221.66,evehicle,96.8,2026-01-01 00:50:38
ev1,43.88,-E46,10627.6,-E138,187.4,evehicle,96.77,2026-01-01 00:50:38.500000
ev1,46.87,-E46,10634.11,-E138,180.89,evehicle,96.77,2026-01-01 00:50:39
ev1,46.3,-E46,10640.54,-E138,174.46,evehicle,96.77,2026-01-01 00:50:39.500000
ev1,46.58,:J55_4,10640.54,-E138,174.46,evehicle,96.77,2026-01-01 00:50:40
ev1,46.87,:J55_4,10640.54,-E138,174.46,evehicle,96.74,2026-01-01 00:50:40.500000
ev1,45.83,:J55_4,10640.54,-E138,174.46,evehicle,96.77,2026-01-01 00:50:41
ev1,46.44,:J55_4,10640.54,-E138,174.46,evehicle,96.74,2026-01-01 00:50:41.500000
ev1,46.62,-E45,10672.81,-E138,142.19,evehicle,96.74,2026-01-01 00:50:42
ev1,45.58,-E45,10679.14,-E138,135.86,evehicle,96.74,2026-01-01 00:50:42.500000
ev1,44.5,-E45,10685.33,-E138,129.67,evehicle,96.77,2026-01-01 00:50:43
ev1,39.56,-E45,10690.82,-E138,124.18,evehicle,96.77,2026-01-01 00:50:43.500000
ev1,31.46,-E45,10695.19,-E138,119.81,evehicle,96.8,2026-01-01 00:50:44
ev1,23.36,-E45,10698.43,-E138,116.57,evehicle,96.83,2026-01-01 00:50:44.500000
ev1,15.26,-E45,10700.55,-E138,114.45,evehicle,96.86,2026-01-01 00:50:45
ev1,7.16,-E45,10701.55,-E138,113.45,evehicle,96.86,2026-01-01 00:50:45.500000
ev1,0.0,-E45,10701.55,-E138,113.45,evehicle,96.86,2026-01-01 00:50:46
ev1,0.0,-E45,10701.55,-E138,113.45,evehicle,96.86,2026-01-01 00:50:46.500000
ev1,0.0,-E45,10701.55,-E138,113.45,evehicle,96.86,2026-01-01 00:50:47
ev1,0.0,-E45,10701.55,-E138,113.45,evehicle,96.86,2026-01-01 00:50:47.500000
ev1,0.0,-E45,10701.55,-E138,113.45,evehicle,96.86,2026-01-01 00:50:48
ev1,0.0,-E45,10701.55,-E138,113.45,evehicle,96.86,2026-01-01 00:50:48.500000
ev1,0.0,-E45,10701.55,-E138,113.45,evehicle,96.86,2026-01-01 00:50:49
ev1,0.0,-E45,10701.55,-E138,113.45,evehicle,96.86,2026-01-01 00:50:49.500000
ev1,0.0,-E45,10701.55,-E138,113.45,evehicle,96.86,2026-01-01 00:50:50
ev1,0.0,-E45,10701.55,-E138,113.45,evehicle,96.86,2026-01-01 00:50:50.500000
ev1,0.0,-E45,10701.55,-E138,113.45,evehicle,96.86,2026-01-01 00:50:51
ev1,0.0,-E45,10701.55,-E138,113.45,evehicle,96.86,2026-01-01 00:50:51.500000
ev1,0.0,-E45,10701.55,-E138,113.45,evehicle,96.86,2026-01-01 00:50:52
ev1,0.0,-E45,10701.55,-E138,113.45,evehicle,96.86,2026-01-01 00:50:52.500000
ev1,0.0,-E45,10701.55,-E138,113.45,evehicle,96.86,2026-01-01 00:50:53
ev1,0.0,-E45,10701.55,-E138,113.45,evehicle,96.86,2026-01-01 00:50:53.500000
ev1,0.0,-E45,10701.55,-E138,113.45,evehicle,96.86,2026-01-01 00:50:54
ev1,0.0,-E45,10701.55,-E138,113.45,evehicle,96.86,2026-01-01 00:50:54.500000
ev1,0.0,-E45,10701.55,-E138,113.45,evehicle,96.86,2026-01-01 00:50:55
ev1,0.0,-E45,10701.55,-E138,113.45,evehicle,96.86,2026-01-01 00:50:55.500000
ev1,0.0,-E45,10701.55,-E138,113.45,evehicle,96.86,2026-01-01 00:50:56
ev1,0.0,-E45,10701.55,-E138,113.45,evehicle,96.86,2026-01-01 00:50:56.500000
ev1,0.0,-E45,10701.55,-E138,113.45,evehicle,96.86,2026-01-01 00:50:57
ev1,0.0,-E45,10701.55,-E138,113.45,evehicle,96.86,2026-01-01 00:50:57.500000
ev1,0.0,-E45,10701.55,-E138,113.45,evehicle,96.86,2026-01-01 00:50:58
ev1,0.0,-E45,10701.55,-E138,113.45,evehicle,96.86,2026-01-01 00:50:58.500000
ev1,0.0,-E45,10701.55,-E138,113.45,evehicle,96.86,2026-01-01 00:50:59
ev1,0.0,-E45,10701.55,-E138,113.45,evehicle,96.86,2026-01-01 00:50:59.500000
ev1,0.0,-E45,10701.55,-E138,113.45,evehicle,96.86,2026-01-01 00:51:00
ev1,4.43,-E45,10702.16,-E138,112.84,evehicle,96.86,2026-01-01 00:51:00.500000
ev1,4.39,:J49_4,10702.16,-E138,112.84,evehicle,96.86,2026-01-01 00:51:01
ev1,4.39,:J49_4,10702.16,-E138,112.84,evehicle,96.86,2026-01-01 00:51:01.500000
ev1,4.39,:J49_4,10702.16,-E138,112.84,evehicle,96.86,2026-01-01 00:51:02
ev1,4.36,:J49_4,10702.16,-E138,112.84,evehicle,96.86,2026-01-01 00:51:02.500000
ev1,4.36,:J49_4,10702.16,-E138,112.84,evehicle,96.86,2026-01-01 00:51:03
ev1,4.36,:J49_4,10702.16,-E138,112.84,evehicle,96.86,2026-01-01 00:51:03.500000
ev1,4.32,:J49_4,10702.16,-E138,112.84,evehicle,96.86,2026-01-01 00:51:04
ev1,4.32,:J49_4,10702.16,-E138,112.84,evehicle,96.86,2026-01-01 00:51:04.500000
ev1,4.32,:J49_4,10702.16,-E138,112.84,evehicle,96.86,2026-01-01 00:51:05
ev1,4.28,:J49_4,10702.16,-E138,112.84,evehicle,96.86,2026-01-01 00:51:05.500000
ev1,4.28,:J49_4,10702.16,-E138,112.84,evehicle,96.86,2026-01-01 00:51:06
ev1,4.28,:J49_4,10702.16,-E138,112.84,evehicle,96.86,2026-01-01 00:51:06.500000
ev1,4.25,:J49_4,10702.16,-E138,112.84,evehicle,96.86,2026-01-01 00:51:07
ev1,4.25,:J49_4,10702.16,-E138,112.84,evehicle,96.86,2026-01-01 00:51:07.500000
ev1,4.25,:J49_4,10702.16,-E138,112.84,evehicle,96.86,2026-01-01 00:51:08
ev1,4.21,:J49_4,10702.16,-E138,112.84,evehicle,96.86,2026-01-01 00:51:08.500000
ev1,4.21,:J49_4,10702.16,-E138,112.84,evehicle,96.86,2026-01-01 00:51:09
ev1,4.21,:J49_4,10702.16,-E138,112.84,evehicle,96.86,2026-01-01 00:51:09.500000
ev1,4.21,:J49_4,10702.16,-E138,112.84,evehicle,96.86,2026-01-01 00:51:10
ev1,4.18,:J49_4,10702.16,-E138,112.84,evehicle,96.86,2026-01-01 00:51:10.500000
ev1,4.18,:J49_4,10702.16,-E138,112.84,evehicle,96.86,2026-01-01 00:51:11
ev1,4.18,:J49_4,10702.16,-E138,112.84,evehicle,96.86,2026-01-01 00:51:11.500000
ev1,4.14,:J49_4,10702.16,-E138,112.84,evehicle,96.86,2026-01-01 00:51:12
ev1,4.14,:J49_4,10702.16,-E138,112.84,evehicle,96.86,2026-01-01 00:51:12.500000
ev1,4.14,-E39,10716.96,-E138,98.04,evehicle,96.86,2026-01-01 00:51:13
ev1,4.1,-E39,10717.53,-E138,97.47,evehicle,96.86,2026-01-01 00:51:13.500000
ev1,4.1,-E39,10718.1,-E138,96.9,evehicle,96.86,2026-01-01 00:51:14
ev1,4.1,-E39,10718.67,-E138,96.33,evehicle,96.86,2026-01-01 00:51:14.500000
ev1,4.07,-E39,10719.24,-E138,95.76,evehicle,96.86,2026-01-01 00:51:15
ev1,4.07,-E39,10719.8,-E138,95.2,evehicle,96.86,2026-01-01 00:51:15.500000
ev1,4.07,-E39,10720.37,-E138,94.63,evehicle,96.86,2026-01-01 00:51:16
ev1,4.03,-E39,10720.93,-E138,94.07,evehicle,96.86,2026-01-01 00:51:16.500000
ev1,4.03,-E39,10721.49,-E138,93.51,evehicle,96.86,2026-01-01 00:51:17
ev1,4.03,-E39,10722.05,-E138,92.95,evehicle,96.86,2026-01-01 00:51:17.500000
ev1,4.0,-E39,10722.6,-E138,92.4,evehicle,96.86,2026-01-01 00:51:18
ev1,4.0,-E39,10723.16,-E138,91.84,evehicle,96.86,2026-01-01 00:51:18.500000
ev1,4.0,-E39,10723.71,-E138,91.29,evehicle,96.86,2026-01-01 00:51:19
ev1,3.96,-E39,10724.26,-E138,90.74,evehicle,96.86,2026-01-01 00:51:19.500000
ev1,3.96,-E39,10724.81,-E138,90.19,evehicle,96.86,2026-01-01 00:51:20
ev1,3.96,-E39,10725.36,-E138,89.64,evehicle,96.86,2026-01-01 00:51:20.500000
ev1,3.92,-E39,10725.91,-E138,89.09,evehicle,96.86,2026-01-01 00:51:21
ev1,3.92,-E39,10726.45,-E138,88.55,evehicle,96.86,2026-01-01 00:51:21.500000
ev1,3.92,-E39,10727.0,-E138,88.0,evehicle,96.86,2026-01-01 00:51:22
ev1,3.89,-E39,10727.54,-E138,87.46,evehicle,96.86,2026-01-01 00:51:22.500000
ev1,3.89,-E39,10728.08,-E138,86.92,evehicle,96.86,2026-01-01 00:51:23
ev1,3.89,-E39,10728.62,-E138,86.38,evehicle,96.86,2026-01-01 00:51:23.500000
ev1,3.85,-E39,10729.15,-E138,85.85,evehicle,96.86,2026-01-01 00:51:24
ev1,3.85,-E39,10729.69,-E138,85.31,evehicle,96.86,2026-01-01 00:51:24.500000
ev1,3.85,-E39,10730.22,-E138,84.78,evehicle,96.86,2026-01-01 00:51:25
ev1,3.82,-E39,10730.75,-E138,84.25,evehicle,96.86,2026-01-01 00:51:25.500000
ev1,3.82,-E39,10731.28,-E138,83.72,evehicle,96.86,2026-01-01 00:51:26
ev1,3.82,-E39,10731.81,-E138,83.19,evehicle,96.86,2026-01-01 00:51:26.500000
ev1,3.78,-E39,10732.34,-E138,82.66,evehicle,96.86,2026-01-01 00:51:27
ev1,3.78,-E39,10732.86,-E138,82.14,evehicle,96.86,2026-01-01 00:51:27.500000
ev1,3.78,-E39,10733.39,-E138,81.61,evehicle,96.86,2026-01-01 00:51:28
ev1,3.74,-E39,10733.91,-E138,81.09,evehicle,96.86,2026-01-01 00:51:28.500000
ev1,3.74,-E39,10734.43,-E138,80.57,evehicle,96.86,2026-01-01 00:51:29
ev1,3.74,-E39,10734.95,-E138,80.05,evehicle,96.86,2026-01-01 00:51:29.500000
ev1,3.71,-E39,10735.46,-E138,79.54,evehicle,96.86,2026-01-01 00:51:30
ev1,3.71,-E39,10735.98,-E138,79.02,evehicle,96.86,2026-01-01 00:51:30.500000
ev1,3.71,-E39,10736.49,-E138,78.51,evehicle,96.86,2026-01-01 00:51:31
ev1,3.67,-E39,10737.0,-E138,78.0,evehicle,96.86,2026-01-01 00:51:31.500000
ev1,3.67,-E39,10737.51,-E138,77.49,evehicle,96.86,2026-01-01 00:51:32
ev1,3.67,-E39,10738.02,-E138,76.98,evehicle,96.86,2026-01-01 00:51:32.500000
ev1,3.64,-E39,10738.53,-E138,76.47,evehicle,96.86,2026-01-01 00:51:33
ev1,3.64,-E39,10739.03,-E138,75.97,evehicle,96.86,2026-01-01 00:51:33.500000
ev1,3.64,-E39,10739.54,-E138,75.46,evehicle,96.86,2026-01-01 00:51:34
ev1,3.6,-E39,10740.04,-E138,74.96,evehicle,96.86,2026-01-01 00:51:34.500000
ev1,3.6,-E39,10740.54,-E138,74.46,evehicle,96.86,2026-01-01 00:51:35
ev1,3.6,-E39,10741.04,-E138,73.96,evehicle,96.86,2026-01-01 00:51:35.500000
ev1,3.56,-E39,10741.53,-E138,73.47,evehicle,96.86,2026-01-01 00:51:36
ev1,3.56,-E39,10742.03,-E138,72.97,evehicle,96.86,2026-01-01 00:51:36.500000
ev1,3.56,-E39,10742.52,-E138,72.48,evehicle,96.86,2026-01-01 00:51:37
ev1,3.53,-E39,10743.01,-E138,71.99,evehicle,96.86,2026-01-01 00:51:37.500000
ev1,3.53,-E39,10743.5,-E138,71.5,evehicle,96.86,2026-01-01 00:51:38
ev1,3.53,-E39,10743.99,-E138,71.01,evehicle,96.86,2026-01-01 00:51:38.500000
ev1,3.49,-E39,10744.47,-E138,70.53,evehicle,96.86,2026-01-01 00:51:39
ev1,3.49,-E39,10744.96,-E138,70.04,evehicle,96.86,2026-01-01 00:51:39.500000
ev1,3.49,-E39,10745.44,-E138,69.56,evehicle,96.86,2026-01-01 00:51:40
ev1,3.46,-E39,10745.92,-E138,69.08,evehicle,96.86,2026-01-01 00:51:40.500000
ev1,3.46,-E39,10746.4,-E138,68.6,evehicle,96.86,2026-01-01 00:51:41
ev1,3.46,-E39,10746.88,-E138,68.12,evehicle,96.86,2026-01-01 00:51:41.500000
ev1,3.42,-E39,10747.36,-E138,67.64,evehicle,96.86,2026-01-01 00:51:42
ev1,3.42,-E39,10747.83,-E138,67.17,evehicle,96.86,2026-01-01 00:51:42.500000
ev1,3.42,-E39,10748.31,-E138,66.69,evehicle,96.86,2026-01-01 00:51:43
ev1,3.38,-E39,10748.78,-E138,66.22,evehicle,96.86,2026-01-01 00:51:43.500000
ev1,3.38,-E39,10749.25,-E138,65.75,evehicle,96.86,2026-01-01 00:51:44
ev1,3.38,-E39,10749.71,-E138,65.29,evehicle,96.86,2026-01-01 00:51:44.500000
ev1,3.35,-E39,10750.18,-E138,64.82,evehicle,96.86,2026-01-01 00:51:45
ev1,3.35,-E39,10750.64,-E138,64.36,evehicle,96.86,2026-01-01 00:51:45.500000
ev1,3.35,-E39,10751.11,-E138,63.89,evehicle,96.86,2026-01-01 00:51:46
ev1,3.31,-E39,10751.57,-E138,63.43,evehicle,96.86,2026-01-01 00:51:46.500000
ev1,3.31,-E39,10752.03,-E138,62.97,evehicle,96.86,2026-01-01 00:51:47
ev1,3.31,-E39,10752.49,-E138,62.51,evehicle,96.86,2026-01-01 00:51:47.500000
ev1,3.28,:J46_0,10752.49,-E138,62.51,evehicle,96.86,2026-01-01 00:51:48
ev1,3.28,:J46_0,10752.49,-E138,62.51,evehicle,96.86,2026-01-01 00:51:48.500000
ev1,3.28,:J46_0,10752.49,-E138,62.51,evehicle,96.86,2026-01-01 00:51:49
ev1,3.24,:J46_0,10752.49,-E138,62.51,evehicle,96.86,2026-01-01 00:51:49.500000
ev1,3.24,:J46_0,10752.49,-E138,62.51,evehicle,96.86,2026-01-01 00:51:50
ev1,3.24,:J46_0,10752.49,-E138,62.51,evehicle,96.86,2026-01-01 00:51:50.500000
ev1,3.2,:J46_0,10752.49,-E138,62.51,evehicle,96.86,2026-01-01 00:51:51
ev1,3.2,:J46_0,10752.49,-E138,62.51,evehicle,96.86,2026-01-01 00:51:51.500000
ev1,3.2,:J46_0,10752.49,-E138,62.51,evehicle,96.86,2026-01-01 00:51:52
ev1,3.17,:J46_0,10752.49,-E138,62.51,evehicle,96.86,2026-01-01 00:51:52.500000
ev1,3.17,:J46_0,10752.49,-E138,62.51,evehicle,96.86,2026-01-01 00:51:53
ev1,3.17,:J46_0,10752.49,-E138,62.51,evehicle,96.86,2026-01-01 00:51:53.500000
ev1,3.13,:J46_0,10752.49,-E138,62.51,evehicle,96.86,2026-01-01 00:51:54
ev1,3.13,:J46_0,10752.49,-E138,62.51,evehicle,96.86,2026-01-01 00:51:54.500000
ev1,3.13,:J46_0,10752.49,-E138,62.51,evehicle,96.86,2026-01-01 00:51:55
ev1,3.1,:J46_0,10752.49,-E138,62.51,evehicle,96.86,2026-01-01 00:51:55.500000
ev1,3.1,:J46_0,10752.49,-E138,62.51,evehicle,96.86,2026-01-01 00:51:56
ev1,3.1,:J46_0,10752.49,-E138,62.51,evehicle,96.86,2026-01-01 00:51:56.500000
ev1,3.1,:J46_0,10752.49,-E138,62.51,evehicle,96.86,2026-01-01 00:51:57
ev1,3.06,:J46_0,10752.49,-E138,62.51,evehicle,96.86,2026-01-01 00:51:57.500000
ev1,3.06,:J46_0,10752.49,-E138,62.51,evehicle,96.86,2026-01-01 00:51:58
ev1,3.06,:J46_0,10752.49,-E138,62.51,evehicle,96.86,2026-01-01 00:51:58.500000
ev1,3.02,:J46_0,10752.49,-E138,62.51,evehicle,96.86,2026-01-01 00:51:59
ev1,3.02,:J46_0,10752.49,-E138,62.51,evehicle,96.86,2026-01-01 00:51:59.500000
ev1,3.02,:J46_0,10752.49,-E138,62.51,evehicle,96.86,2026-01-01 00:52:00
ev1,3.02,:J46_0,10752.49,-E138,62.51,evehicle,96.86,2026-01-01 00:52:00.500000
ev1,2.99,:J46_0,10752.49,-E138,62.51,evehicle,96.86,2026-01-01 00:52:01
ev1,2.99,:J46_0,10752.49,-E138,62.51,evehicle,96.86,2026-01-01 00:52:01.500000
ev1,2.99,:J46_0,10752.49,-E138,62.51,evehicle,96.86,2026-01-01 00:52:02
ev1,2.95,:J46_0,10752.49,-E138,62.51,evehicle,96.86,2026-01-01 00:52:02.500000
ev1,2.95,:J46_0,10752.49,-E138,62.51,evehicle,96.86,2026-01-01 00:52:03
ev1,2.95,:J46_0,10752.49,-E138,62.51,evehicle,96.86,2026-01-01 00:52:03.500000
ev1,2.95,:J46_0,10752.49,-E138,62.51,evehicle,96.86,2026-01-01 00:52:04
ev1,2.92,:J46_0,10752.49,-E138,62.51,evehicle,96.86,2026-01-01 00:52:04.500000
ev1,2.92,:J46_0,10752.49,-E138,62.51,evehicle,96.86,2026-01-01 00:52:05
ev1,2.92,:J46_0,10752.49,-E138,62.51,evehicle,96.86,2026-01-01 00:52:05.500000
ev1,2.92,:J46_0,10752.49,-E138,62.51,evehicle,96.86,2026-01-01 00:52:06
ev1,2.88,:J46_0,10752.49,-E138,62.51,evehicle,96.86,2026-01-01 00:52:06.500000
ev1,2.88,:J46_0,10752.49,-E138,62.51,evehicle,96.86,2026-01-01 00:52:07
ev1,2.88,:J46_0,10752.49,-E138,62.51,evehicle,96.86,2026-01-01 00:52:07.500000
ev1,2.88,:J46_0,10752.49,-E138,62.51,evehicle,96.86,2026-01-01 00:52:08
ev1,2.84,:J46_0,10752.49,-E138,62.51,evehicle,96.86,2026-01-01 00:52:08.500000
ev1,2.84,:J46_0,10752.49,-E138,62.51,evehicle,96.86,2026-01-01 00:52:09
ev1,2.84,:J46_0,10752.49,-E138,62.51,evehicle,96.86,2026-01-01 00:52:09.500000
ev1,2.84,:J46_0,10752.49,-E138,62.51,evehicle,96.86,2026-01-01 00:52:10
ev1,2.81,:J46_0,10752.49,-E138,62.51,evehicle,96.86,2026-01-01 00:52:10.500000
ev1,2.81,-E138,10772.3,-E138,42.7,evehicle,96.86,2026-01-01 00:52:11
ev1,2.81,-E138,10772.69,-E138,42.31,evehicle,96.86,2026-01-01 00:52:11.500000
ev1,2.77,-E138,10773.07,-E138,41.93,evehicle,96.86,2026-01-01 00:52:12
ev1,2.77,-E138,10773.46,-E138,41.54,evehicle,96.86,2026-01-01 00:52:12.500000
ev1,2.77,-E138,10773.84,-E138,41.16,evehicle,96.86,2026-01-01 00:52:13
ev1,2.74,-E138,10774.22,-E138,40.78,evehicle,96.86,2026-01-01 00:52:13.500000
ev1,2.74,-E138,10774.6,-E138,40.4,evehicle,96.86,2026-01-01 00:52:14
ev1,2.74,-E138,10774.98,-E138,40.02,evehicle,96.86,2026-01-01 00:52:14.500000
ev1,2.7,-E138,10775.36,-E138,39.64,evehicle,96.86,2026-01-01 00:52:15
ev1,2.7,-E138,10775.73,-E138,39.27,evehicle,96.86,2026-01-01 00:52:15.500000
ev1,2.7,-E138,10776.1,-E138,38.9,evehicle,96.86,2026-01-01 00:52:16
ev1,2.66,-E138,10776.48,-E138,38.52,evehicle,96.86,2026-01-01 00:52:16.500000
ev1,2.66,-E138,10776.84,-E138,38.16,evehicle,96.86,2026-01-01 00:52:17
ev1,2.63,-E138,10777.21,-E138,37.79,evehicle,96.86,2026-01-01 00:52:17.500000
ev1,2.63,-E138,10777.58,-E138,37.42,evehicle,96.86,2026-01-01 00:52:18
ev1,2.63,-E138,10777.94,-E138,37.06,evehicle,96.86,2026-01-01 00:52:18.500000
ev1,2.59,-E138,10778.3,-E138,36.7,evehicle,96.86,2026-01-01 00:52:19
ev1,2.59,-E138,10778.66,-E138,36.34,evehicle,96.86,2026-01-01 00:52:19.500000
ev1,2.59,-E138,10779.02,-E138,35.98,evehicle,96.86,2026-01-01 00:52:20
ev1,2.56,-E138,10779.38,-E138,35.62,evehicle,96.86,2026-01-01 00:52:20.500000
ev1,2.56,-E138,10779.73,-E138,35.27,evehicle,96.86,2026-01-01 00:52:21
ev1,2.56,-E138,10780.08,-E138,34.92,evehicle,96.86,2026-01-01 00:52:21.500000
ev1,2.52,-E138,10780.44,-E138,34.56,evehicle,96.86,2026-01-01 00:52:22
ev1,2.52,-E138,10780.78,-E138,34.22,evehicle,96.86,2026-01-01 00:52:22.500000
ev1,2.52,-E138,10781.13,-E138,33.87,evehicle,96.86,2026-01-01 00:52:23
ev1,2.48,-E138,10781.48,-E138,33.52,evehicle,96.86,2026-01-01 00:52:23.500000
ev1,2.48,-E138,10781.82,-E138,33.18,evehicle,96.86,2026-01-01 00:52:24
ev1,2.45,-E138,10782.16,-E138,32.84,evehicle,96.86,2026-01-01 00:52:24.500000
ev1,2.45,-E138,10782.5,-E138,32.5,evehicle,96.86,2026-01-01 00:52:25
ev1,2.45,-E138,10782.84,-E138,32.16,evehicle,96.86,2026-01-01 00:52:25.500000
ev1,2.41,-E138,10783.18,-E138,31.82,evehicle,96.86,2026-01-01 00:52:26
ev1,2.41,-E138,10783.51,-E138,31.49,evehicle,96.86,2026-01-01 00:52:26.500000
ev1,2.41,-E138,10783.85,-E138,31.15,evehicle,96.86,2026-01-01 00:52:27
ev1,2.38,-E138,10784.18,-E138,30.82,evehicle,96.86,2026-01-01 00:52:27.500000
ev1,2.38,-E138,10784.51,-E138,30.49,evehicle,96.86,2026-01-01 00:52:28
ev1,2.38,-E138,10784.84,-E138,30.16,evehicle,96.86,2026-01-01 00:52:28.500000
ev1,2.34,-E138,10785.16,-E138,29.84,evehicle,96.86,2026-01-01 00:52:29
ev1,2.34,-E138,10785.49,-E138,29.51,evehicle,96.86,2026-01-01 00:52:29.500000
ev1,2.34,-E138,10785.81,-E138,29.19,evehicle,96.86,2026-01-01 00:52:30
ev1,2.3,-E138,10786.13,-E138,28.87,evehicle,96.86,2026-01-01 00:52:30.500000
ev1,2.3,-E138,10786.45,-E138,28.55,evehicle,96.86,2026-01-01 00:52:31
ev1,2.27,-E138,10786.77,-E138,28.23,evehicle,96.86,2026-01-01 00:52:31.500000
ev1,2.27,-E138,10787.08,-E138,27.92,evehicle,96.86,2026-01-01 00:52:32
ev1,2.27,-E138,10787.4,-E138,27.6,evehicle,96.86,2026-01-01 00:52:32.500000
ev1,2.23,-E138,10787.71,-E138,27.29,evehicle,96.86,2026-01-01 00:52:33
ev1,2.23,-E138,10788.02,-E138,26.98,evehicle,96.86,2026-01-01 00:52:33.500000
ev1,2.23,-E138,10788.33,-E138,26.67,evehicle,96.86,2026-01-01 00:52:34
ev1,2.2,-E138,10788.63,-E138,26.37,evehicle,96.86,2026-01-01 00:52:34.500000
ev1,2.2,-E138,10788.94,-E138,26.06,evehicle,96.86,2026-01-01 00:52:35
ev1,2.2,-E138,10789.24,-E138,25.76,evehicle,96.86,2026-01-01 00:52:35.500000
ev1,2.16,-E138,10789.54,-E138,25.46,evehicle,96.86,2026-01-01 00:52:36
ev1,2.16,-E138,10789.84,-E138,25.16,evehicle,96.86,2026-01-01 00:52:36.500000
ev1,2.16,-E138,10790.14,-E138,24.86,evehicle,96.86,2026-01-01 00:52:37
ev1,2.12,-E138,10790.43,-E138,24.57,evehicle,96.86,2026-01-01 00:52:37.500000
ev1,2.12,-E138,10790.73,-E138,24.27,evehicle,96.86,2026-01-01 00:52:38
ev1,2.09,-E138,10791.02,-E138,23.98,evehicle,96.86,2026-01-01 00:52:38.500000
ev1,2.09,-E138,10791.31,-E138,23.69,evehicle,96.86,2026-01-01 00:52:39
ev1,2.09,-E138,10791.6,-E138,23.4,evehicle,96.86,2026-01-01 00:52:39.500000
ev1,2.05,-E138,10791.89,-E138,23.11,evehicle,96.86,2026-01-01 00:52:40
ev1,2.05,-E138,10792.17,-E138,22.83,evehicle,96.86,2026-01-01 00:52:40.500000
ev1,2.05,-E138,10792.45,-E138,22.55,evehicle,96.86,2026-01-01 00:52:41
ev1,2.02,-E138,10792.74,-E138,22.26,evehicle,96.86,2026-01-01 00:52:41.500000
ev1,2.02,-E138,10793.02,-E138,21.98,evehicle,96.86,2026-01-01 00:52:42
ev1,2.02,-E138,10793.29,-E138,21.71,evehicle,96.86,2026-01-01 00:52:42.500000
ev1,1.98,-E138,10793.57,-E138,21.43,evehicle,96.86,2026-01-01 00:52:43
ev1,1.98,-E138,10793.84,-E138,21.16,evehicle,96.86,2026-01-01 00:52:43.500000
ev1,1.98,-E138,10794.12,-E138,20.88,evehicle,96.86,2026-01-01 00:52:44
ev1,1.94,-E138,10794.39,-E138,20.61,evehicle,96.86,2026-01-01 00:52:44.500000
ev1,1.94,-E138,10794.66,-E138,20.34,evehicle,96.86,2026-01-01 00:52:45
ev1,1.91,-E138,10794.92,-E138,20.08,evehicle,96.86,2026-01-01 00:52:45.500000
ev1,1.91,-E138,10795.19,-E138,19.81,evehicle,96.86,2026-01-01 00:52:46
ev1,1.91,-E138,10795.45,-E138,19.55,evehicle,96.86,2026-01-01 00:52:46.500000
ev1,1.87,-E138,10795.72,-E138,19.28,evehicle,96.86,2026-01-01 00:52:47
ev1,1.87,-E138,10795.98,-E138,19.02,evehicle,96.86,2026-01-01 00:52:47.500000
ev1,1.87,-E138,10796.23,-E138,18.77,evehicle,96.86,2026-01-01 00:52:48
ev1,1.84,-E138,10796.49,-E138,18.51,evehicle,96.86,2026-01-01 00:52:48.500000
ev1,1.84,-E138,10796.75,-E138,18.25,evehicle,96.86,2026-01-01 00:52:49
ev1,1.84,-E138,10797.0,-E138,18.0,evehicle,96.86,2026-01-01 00:52:49.500000
ev1,1.8,-E138,10797.25,-E138,17.75,evehicle,96.86,2026-01-01 00:52:50
ev1,1.8,-E138,10797.5,-E138,17.5,evehicle,96.86,2026-01-01 00:52:50.500000
ev1,1.8,-E138,10797.75,-E138,17.25,evehicle,96.86,2026-01-01 00:52:51
ev1,1.76,-E138,10797.99,-E138,17.01,evehicle,96.86,2026-01-01 00:52:51.500000
ev1,1.76,-E138,10798.24,-E138,16.76,evehicle,96.86,2026-01-01 00:52:52
ev1,1.73,-E138,10798.48,-E138,16.52,evehicle,96.86,2026-01-01 00:52:52.500000
ev1,1.73,-E138,10798.72,-E138,16.28,evehicle,96.86,2026-01-01 00:52:53
ev1,1.73,-E138,10798.96,-E138,16.04,evehicle,96.86,2026-01-01 00:52:53.500000
ev1,1.69,-E138,10799.2,-E138,15.8,evehicle,96.83,2026-01-01 00:52:54
ev1,1.69,-E138,10799.43,-E138,15.57,evehicle,96.83,2026-01-01 00:52:54.500000
ev1,1.69,-E138,10799.67,-E138,15.33,evehicle,96.83,2026-01-01 00:52:55
ev1,1.66,-E138,10799.9,-E138,15.1,evehicle,96.83,2026-01-01 00:52:55.500000
ev1,1.66,-E138,10800.13,-E138,14.87,evehicle,96.83,2026-01-01 00:52:56
ev1,1.66,-E138,10800.36,-E138,14.64,evehicle,96.83,2026-01-01 00:52:56.500000
ev1,1.62,-E138,10800.58,-E138,14.42,evehicle,96.83,2026-01-01 00:52:57
ev1,1.62,-E138,10800.81,-E138,14.19,evehicle,96.83,2026-01-01 00:52:57.500000
ev1,1.62,-E138,10801.03,-E138,13.97,evehicle,96.83,2026-01-01 00:52:58
ev1,1.58,-E138,10801.25,-E138,13.75,evehicle,96.83,2026-01-01 00:52:58.500000
ev1,1.58,-E138,10801.47,-E138,13.53,evehicle,96.83,2026-01-01 00:52:59
ev1,1.55,-E138,10801.69,-E138,13.31,evehicle,96.83,2026-01-01 00:52:59.500000
ev1,1.55,-E138,10801.9,-E138,13.1,evehicle,96.83,2026-01-01 00:53:00
ev1,1.55,-E138,10802.12,-E138,12.88,evehicle,96.83,2026-01-01 00:53:00.500000
ev1,1.51,-E138,10802.33,-E138,12.67,evehicle,96.83,2026-01-01 00:53:01
ev1,1.51,-E138,10802.54,-E138,12.46,evehicle,96.83,2026-01-01 00:53:01.500000
ev1,1.51,-E138,10802.75,-E138,12.25,evehicle,96.83,2026-01-01 00:53:02
ev1,1.48,-E138,10802.95,-E138,12.05,evehicle,96.83,2026-01-01 00:53:02.500000
ev1,1.48,-E138,10803.16,-E138,11.84,evehicle,96.83,2026-01-01 00:53:03
ev1,1.48,-E138,10803.36,-E138,11.64,evehicle,96.83,2026-01-01 00:53:03.500000
ev1,1.44,-E138,10803.56,-E138,11.44,evehicle,96.83,2026-01-01 00:53:04
ev1,1.44,-E138,10803.76,-E138,11.24,evehicle,96.83,2026-01-01 00:53:04.500000
ev1,1.44,-E138,10803.96,-E138,11.04,evehicle,96.83,2026-01-01 00:53:05
ev1,1.4,-E138,10804.16,-E138,10.84,evehicle,96.83,2026-01-01 00:53:05.500000
ev1,1.4,-E138,10804.35,-E138,10.65,evehicle,96.83,2026-01-01 00:53:06
ev1,1.4,-E138,10804.55,-E138,10.45,evehicle,96.83,2026-01-01 00:53:06.500000
ev1,1.37,-E138,10804.74,-E138,10.26,evehicle,96.83,2026-01-01 00:53:07
ev1,1.37,-E138,10804.93,-E138,10.07,evehicle,96.83,2026-01-01 00:53:07.500000
ev1,1.33,-E138,10805.11,-E138,9.89,evehicle,96.83,2026-01-01 00:53:08
ev1,0.0,-E138,10805.11,E183,895.6,evehicle,96.83,2026-01-01 00:53:08.500000
ev1,0.0,-E138,10805.11,E183,895.6,evehicle,96.83,2026-01-01 00:53:09
ev1,0.0,-E138,10805.11,E183,895.6,evehicle,96.83,2026-01-01 00:53:09.500000
ev1,0.0,-E138,10805.11,E183,895.6,evehicle,96.83,2026-01-01 00:53:10
ev1,0.0,-E138,10805.11,E183,895.6,evehicle,96.83,2026-01-01 00:53:10.500000
ev1,0.0,-E138,10805.11,E183,895.6,evehicle,96.83,2026-01-01 00:53:11
ev1,0.0,-E138,10805.11,E183,895.6,evehicle,96.83,2026-01-01 00:53:11.500000
ev1,0.0,-E138,10805.11,E183,895.6,evehicle,96.83,2026-01-01 00:53:12
ev1,0.0,-E138,10805.11,E183,895.6,evehicle,96.83,2026-01-01 00:53:12.500000
ev1,0.0,-E138,10805.11,E183,895.6,evehicle,96.83,2026-01-01 00:53:13
ev1,0.0,-E138,10805.11,E183,895.6,evehicle,96.83,2026-01-01 00:53:13.500000
ev1,0.0,-E138,10805.11,E183,895.6,evehicle,96.83,2026-01-01 00:53:14
ev1,0.0,-E138,10805.11,E183,895.6,evehicle,96.83,2026-01-01 00:53:14.500000
ev1,0.0,-E138,10805.11,E183,895.6,evehicle,96.83,2026-01-01 00:53:15
ev1,0.0,-E138,10805.11,E183,895.6,evehicle,96.83,2026-01-01 00:53:15.500000
ev1,0.0,-E138,10805.11,E183,895.6,evehicle,96.83,2026-01-01 00:53:16
ev1,0.0,-E138,10805.11,E183,895.6,evehicle,96.83,2026-01-01 00:53:16.500000
ev1,0.0,-E138,10805.11,E183,895.6,evehicle,96.83,2026-01-01 00:53:17
ev1,0.0,-E138,10805.11,E183,895.6,evehicle,96.83,2026-01-01 00:53:17.500000
ev1,0.0,-E138,10805.11,E183,895.6,evehicle,96.83,2026-01-01 00:53:18
ev1,0.0,-E138,10805.11,E183,895.6,evehicle,96.83,2026-01-01 00:53:18.500000
ev1,0.0,-E138,10805.11,E183,895.6,evehicle,96.83,2026-01-01 00:53:19
ev1,0.0,-E138,10805.11,E183,895.6,evehicle,96.83,2026-01-01 00:53:19.500000
ev1,0.0,-E138,10805.11,E183,895.6,evehicle,96.83,2026-01-01 00:53:20
ev1,0.0,-E138,10805.11,E183,895.6,evehicle,96.83,2026-01-01 00:53:20.500000
ev1,0.0,-E138,10805.11,E183,895.6,evehicle,96.83,2026-01-01 00:53:21
ev1,0.0,-E138,10805.11,E183,895.6,evehicle,96.83,2026-01-01 00:53:21.500000
ev1,0.0,-E138,10805.11,E183,895.6,evehicle,96.83,2026-01-01 00:53:22
ev1,0.0,-E138,10805.11,E183,895.6,evehicle,96.83,2026-01-01 00:53:22.500000
ev1,0.0,-E138,10805.11,E183,895.6,evehicle,96.83,2026-01-01 00:53:23
ev1,0.0,-E138,10805.11,E183,895.6,evehicle,96.83,2026-01-01 00:53:23.500000
ev1,0.0,-E138,10805.11,E183,895.6,evehicle,96.83,2026-01-01 00:53:24
ev1,0.0,-E138,10805.11,E183,895.6,evehicle,96.83,2026-01-01 00:53:24.500000
ev1,0.0,-E138,10805.11,E183,895.6,evehicle,96.83,2026-01-01 00:53:25
ev1,0.0,-E138,10805.11,E183,895.6,evehicle,96.83,2026-01-01 00:53:25.500000
ev1,0.0,-E138,10805.11,E183,895.6,evehicle,96.83,2026-01-01 00:53:26
ev1,0.0,-E138,10805.11,E183,895.6,evehicle,96.83,2026-01-01 00:53:26.500000
ev1,0.0,-E138,10805.11,E183,895.6,evehicle,96.83,2026-01-01 00:53:27
ev1,0.0,-E138,10805.11,E183,895.6,evehicle,96.83,2026-01-01 00:53:27.500000
ev1,0.0,-E138,10805.11,E183,895.6,evehicle,96.83,2026-01-01 00:53:28
ev1,0.0,-E138,10805.11,E183,895.6,evehicle,96.83,2026-01-01 00:53:28.500000
ev1,0.0,-E138,10805.11,E183,895.6,evehicle,96.83,2026-01-01 00:53:29
ev1,0.0,-E138,10805.11,E183,895.6,evehicle,96.83,2026-01-01 00:53:29.500000
ev1,0.0,-E138,10805.11,E183,895.6,evehicle,96.83,2026-01-01 00:53:30
ev1,0.0,-E138,10805.11,E183,895.6,evehicle,96.83,2026-01-01 00:53:30.500000
ev1,0.0,-E138,10805.11,E183,895.6,evehicle,96.83,2026-01-01 00:53:31
ev1,0.0,-E138,10805.11,E183,895.6,evehicle,96.83,2026-01-01 00:53:31.500000
ev1,0.0,-E138,10805.11,E183,895.6,evehicle,96.83,2026-01-01 00:53:32
ev1,0.0,-E138,10805.11,E183,895.6,evehicle,96.83,2026-01-01 00:53:32.500000
ev1,0.0,-E138,10805.11,E183,895.6,evehicle,96.83,2026-01-01 00:53:33
ev1,0.0,-E138,10805.11,E183,895.6,evehicle,96.83,2026-01-01 00:53:33.500000
ev1,0.0,-E138,10805.11,E183,895.6,evehicle,96.83,2026-01-01 00:53:34
ev1,0.0,-E138,10805.11,E183,895.6,evehicle,96.83,2026-01-01 00:53:34.500000
ev1,0.0,-E138,10805.11,E183,895.6,evehicle,96.83,2026-01-01 00:53:35
ev1,0.0,-E138,10805.11,E183,895.6,evehicle,96.83,2026-01-01 00:53:35.500000
ev1,0.0,-E138,10805.11,E183,895.6,evehicle,96.83,2026-01-01 00:53:36
ev1,0.0,-E138,10805.11,E183,895.6,evehicle,96.83,2026-01-01 00:53:36.500000
ev1,0.0,-E138,10805.11,E183,895.6,evehicle,96.83,2026-01-01 00:53:37
ev1,0.0,-E138,10805.11,E183,895.6,evehicle,96.83,2026-01-01 00:53:37.500000
ev1,0.0,-E138,10805.11,E183,895.6,evehicle,96.83,2026-01-01 00:53:38
ev1,0.0,-E138,10805.11,E183,895.6,evehicle,96.83,2026-01-01 00:53:38.500000
ev1,0.0,-E138,10805.11,E183,895.6,evehicle,96.83,2026-01-01 00:53:39
ev1,0.0,-E138,10805.11,E183,895.6,evehicle,96.83,2026-01-01 00:53:39.500000
ev1,0.0,-E138,10805.11,E183,895.6,evehicle,96.83,2026-01-01 00:53:40
ev1,0.0,-E138,10805.11,E183,895.6,evehicle,96.83,2026-01-01 00:53:40.500000
ev1,0.0,-E138,10805.11,E183,895.6,evehicle,96.83,2026-01-01 00:53:41
ev1,0.0,-E138,10805.11,E183,895.6,evehicle,96.83,2026-01-01 00:53:41.500000
ev1,0.0,-E138,10805.11,E183,895.6,evehicle,96.83,2026-01-01 00:53:42
ev1,0.0,-E138,10805.11,E183,895.6,evehicle,96.83,2026-01-01 00:53:42.500000
ev1,0.0,-E138,10805.11,E183,895.6,evehicle,96.83,2026-01-01 00:53:43
ev1,0.0,-E138,10805.11,E183,895.6,evehicle,96.83,2026-01-01 00:53:43.500000
ev1,0.0,-E138,10805.11,E183,895.6,evehicle,96.83,2026-01-01 00:53:44
ev1,0.0,-E138,10805.11,E183,895.6,evehicle,96.83,2026-01-01 00:53:44.500000
ev1,0.0,-E138,10805.11,E183,895.6,evehicle,96.83,2026-01-01 00:53:45
ev1,0.0,-E138,10805.11,E183,895.6,evehicle,96.83,2026-01-01 00:53:45.500000
ev1,0.0,-E138,10805.11,E183,895.6,evehicle,96.83,2026-01-01 00:53:46
ev1,0.0,-E138,10805.11,E183,895.6,evehicle,96.83,2026-01-01 00:53:46.500000
ev1,0.0,-E138,10805.11,E183,895.6,evehicle,96.83,2026-01-01 00:53:47
ev1,0.0,-E138,10805.11,E183,895.6,evehicle,96.83,2026-01-01 00:53:47.500000
ev1,0.0,-E138,10805.11,E183,895.6,evehicle,96.83,2026-01-01 00:53:48
ev1,0.0,-E138,10805.11,E183,895.6,evehicle,96.83,2026-01-01 00:53:48.500000
ev1,0.0,-E138,10805.11,E183,895.6,evehicle,96.83,2026-01-01 00:53:49
ev1,0.0,-E138,10805.11,E183,895.6,evehicle,96.83,2026-01-01 00:53:49.500000
ev1,0.0,-E138,10805.11,E183,895.6,evehicle,96.83,2026-01-01 00:53:50
ev1,0.0,-E138,10805.11,E183,895.6,evehicle,96.83,2026-01-01 00:53:50.500000
ev1,0.0,-E138,10805.11,E183,895.6,evehicle,96.83,2026-01-01 00:53:51
ev1,0.0,-E138,10805.11,E183,895.6,evehicle,96.83,2026-01-01 00:53:51.500000
ev1,0.0,-E138,10805.11,E183,895.6,evehicle,96.83,2026-01-01 00:53:52
ev1,0.0,-E138,10805.11,E183,895.6,evehicle,96.83,2026-01-01 00:53:52.500000
ev1,0.0,-E138,10805.11,E183,895.6,evehicle,96.83,2026-01-01 00:53:53
ev1,0.0,-E138,10805.11,E183,895.6,evehicle,96.83,2026-01-01 00:53:53.500000
ev1,0.0,-E138,10805.11,E183,895.6,evehicle,96.83,2026-01-01 00:53:54
ev1,0.0,-E138,10805.11,E183,895.6,evehicle,96.83,2026-01-01 00:53:54.500000
ev1,0.0,-E138,10805.11,E183,895.6,evehicle,96.83,2026-01-01 00:53:55
ev1,0.0,-E138,10805.11,E183,895.6,evehicle,96.83,2026-01-01 00:53:55.500000
ev1,0.0,-E138,10805.11,E183,895.6,evehicle,96.83,2026-01-01 00:53:56
ev1,0.0,-E138,10805.11,E183,895.6,evehicle,96.83,2026-01-01 00:53:56.500000
ev1,0.0,-E138,10805.11,E183,895.6,evehicle,96.83,2026-01-01 00:53:57
ev1,0.0,-E138,10805.11,E183,895.6,evehicle,96.83,2026-01-01 00:53:57.500000
ev1,0.0,-E138,10805.11,E183,895.6,evehicle,96.83,2026-01-01 00:53:58
ev1,0.0,-E138,10805.11,E183,895.6,evehicle,96.83,2026-01-01 00:53:58.500000
ev1,0.0,-E138,10805.11,E183,895.6,evehicle,96.83,2026-01-01 00:53:59
ev1,0.0,-E138,10805.11,E183,895.6,evehicle,96.83,2026-01-01 00:53:59.500000
ev1,0.0,-E138,10805.11,E183,895.6,evehicle,96.83,2026-01-01 00:54:00
ev1,0.0,-E138,10805.11,E183,895.6,evehicle,96.83,2026-01-01 00:54:00.500000
ev1,0.0,-E138,10805.11,E183,895.6,evehicle,96.83,2026-01-01 00:54:01
ev1,0.0,-E138,10805.11,E183,895.6,evehicle,96.83,2026-01-01 00:54:01.500000
ev1,0.0,-E138,10805.11,E183,895.6,evehicle,96.83,2026-01-01 00:54:02
ev1,0.0,-E138,10805.11,E183,895.6,evehicle,96.83,2026-01-01 00:54:02.500000
ev1,0.0,-E138,10805.11,E183,895.6,evehicle,96.83,2026-01-01 00:54:03
ev1,0.0,-E138,10805.11,E183,895.6,evehicle,96.83,2026-01-01 00:54:03.500000
ev1,0.0,-E138,10805.11,E183,895.6,evehicle,96.83,2026-01-01 00:54:04
ev1,0.0,-E138,10805.11,E183,895.6,evehicle,96.83,2026-01-01 00:54:04.500000
ev1,0.0,-E138,10805.11,E183,895.6,evehicle,96.83,2026-01-01 00:54:05
ev1,0.0,-E138,10805.11,E183,895.6,evehicle,96.83,2026-01-01 00:54:05.500000
ev1,0.0,-E138,10805.11,E183,895.6,evehicle,96.83,2026-01-01 00:54:06
ev1,0.0,-E138,10805.11,E183,895.6,evehicle,96.83,2026-01-01 00:54:06.500000
ev1,0.0,-E138,10805.11,E183,895.6,evehicle,96.83,2026-01-01 00:54:07
ev1,0.0,-E138,10805.11,E183,895.6,evehicle,96.83,2026-01-01 00:54:07.500000
ev1,0.0,-E138,10805.11,E183,895.6,evehicle,96.83,2026-01-01 00:54:08
ev1,0.0,-E138,10805.11,E183,895.6,evehicle,96.83,2026-01-01 00:54:08.500000
ev1,4.36,-E138,10805.72,E183,894.99,evehicle,96.83,2026-01-01 00:54:09
ev1,6.95,-E138,10806.68,E183,894.03,evehicle,96.83,2026-01-01 00:54:09.500000
ev1,11.59,-E138,10808.29,E183,892.42,evehicle,96.83,2026-01-01 00:54:10
ev1,14.83,-E138,10810.35,E183,890.36,evehicle,96.83,2026-01-01 00:54:10.500000
ev1,18.11,-E138,10812.86,E183,887.85,evehicle,96.83,2026-01-01 00:54:11
ev1,16.49,:J42_4,10812.86,E183,887.85,evehicle,96.83,2026-01-01 00:54:11.500000
ev1,17.06,:J42_4,10812.86,E183,887.85,evehicle,96.83,2026-01-01 00:54:12
ev1,16.38,:J42_4,10812.86,E183,887.85,evehicle,96.83,2026-01-01 00:54:12.500000
ev1,16.85,:J42_4,10812.86,E183,887.85,evehicle,96.83,2026-01-01 00:54:13
ev1,18.36,:J42_4,10812.86,E183,887.85,evehicle,96.8,2026-01-01 00:54:13.500000
ev1,17.17,E35,10827.07,E183,873.64,evehicle,96.8,2026-01-01 00:54:14
ev1,19.58,E35,10829.79,E183,870.92,evehicle,96.8,2026-01-01 00:54:14.500000
ev1,24.08,E35,10833.14,E183,867.57,evehicle,96.8,2026-01-01 00:54:15
ev1,26.82,E35,10836.86,E183,863.85,evehicle,96.77,2026-01-01 00:54:15.500000
ev1,29.34,E35,10840.94,E183,859.77,evehicle,96.77,2026-01-01 00:54:16
ev1,32.33,E35,10845.43,E183,855.28,evehicle,96.77,2026-01-01 00:54:16.500000
ev1,36.47,E35,10850.49,E183,850.22,evehicle,96.74,2026-01-01 00:54:17
ev1,40.75,E35,10856.15,E183,844.56,evehicle,96.71,2026-01-01 00:54:17.500000
ev1,43.78,E35,10862.24,E183,838.47,evehicle,96.71,2026-01-01 00:54:18
ev1,45.58,E38,10868.57,E183,832.14,evehicle,96.69,2026-01-01 00:54:18.500000
ev1,46.4,E38,10875.01,E183,825.7,evehicle,96.69,2026-01-01 00:54:19
ev1,45.29,E38,10881.31,E183,819.4,evehicle,96.69,2026-01-01 00:54:19.500000
ev1,45.5,E38,10887.63,E183,813.08,evehicle,96.69,2026-01-01 00:54:20
ev1,47.41,E38,10894.21,E183,806.5,evehicle,96.69,2026-01-01 00:54:20.500000
ev1,45.32,E38,10900.51,E183,800.2,evehicle,96.69,2026-01-01 00:54:21
ev1,46.8,:J48_5,10900.51,E183,800.2,evehicle,96.69,2026-01-01 00:54:21.500000
ev1,47.38,:J48_5,10900.51,E183,800.2,evehicle,96.69,2026-01-01 00:54:22
ev1,46.62,:J48_5,10900.51,E183,800.2,evehicle,96.69,2026-01-01 00:54:22.500000
ev1,45.76,E41,10926.41,E183,774.3,evehicle,96.69,2026-01-01 00:54:23
ev1,46.4,E41,10932.86,E183,767.85,evehicle,96.69,2026-01-01 00:54:23.500000
ev1,46.48,E41,10939.31,E183,761.4,evehicle,96.69,2026-01-01 00:54:24
ev1,45.65,E41,10945.65,E183,755.06,evehicle,96.69,2026-01-01 00:54:24.500000
ev1,45.22,E41,10951.93,E183,748.78,evehicle,96.69,2026-01-01 00:54:25
ev1,45.18,E41,10958.21,E183,742.5,evehicle,96.69,2026-01-01 00:54:25.500000
ev1,46.69,E42,10964.69,E183,736.02,evehicle,96.66,2026-01-01 00:54:26
ev1,46.98,E42,10971.22,E183,729.49,evehicle,96.66,2026-01-01 00:54:26.500000
ev1,45.25,E42,10977.5,E183,723.21,evehicle,96.69,2026-01-01 00:54:27
ev1,47.12,E42,10984.05,E183,716.66,evehicle,96.66,2026-01-01 00:54:27.500000
ev1,45.97,E42,10990.43,E183,710.28,evehicle,96.66,2026-01-01 00:54:28
ev1,45.76,E42,10996.79,E183,703.92,evehicle,96.66,2026-01-01 00:54:28.500000
ev1,47.34,:J52_19,10996.79,E183,703.92,evehicle,96.66,2026-01-01 00:54:29
ev1,45.54,:J52_19,10996.79,E183,703.92,evehicle,96.66,2026-01-01 00:54:29.500000
ev1,45.18,:J52_19,10996.79,E183,703.92,evehicle,96.66,2026-01-01 00:54:30
ev1,47.34,:J52_19,10996.79,E183,703.92,evehicle,96.66,2026-01-01 00:54:30.500000
ev1,45.97,E43,11028.92,E183,671.79,evehicle,96.66,2026-01-01 00:54:31
ev1,46.12,E43,11035.33,E183,665.38,evehicle,96.66,2026-01-01 00:54:31.500000
ev1,46.19,E43,11041.74,E183,658.97,evehicle,96.66,2026-01-01 00:54:32
ev1,45.61,E43,11048.08,E183,652.63,evehicle,96.66,2026-01-01 00:54:32.500000
ev1,45.07,E43,11054.34,E183,646.37,evehicle,96.66,2026-01-01 00:54:33
ev1,45.76,E43,11060.7,E183,640.01,evehicle,96.66,2026-01-01 00:54:33.500000
ev1,45.22,E44,11066.98,E183,633.73,evehicle,96.66,2026-01-01 00:54:34
ev1,46.3,E44,11073.41,E183,627.3,evehicle,96.66,2026-01-01 00:54:34.500000
ev1,45.43,E44,11079.72,E183,620.99,evehicle,96.66,2026-01-01 00:54:35
ev1,47.16,E44,11086.27,E183,614.44,evehicle,96.63,2026-01-01 00:54:35.500000
ev1,46.15,E44,11092.68,E183,608.03,evehicle,96.63,2026-01-01 00:54:36
ev1,47.09,E44,11099.22,E183,601.49,evehicle,96.63,2026-01-01 00:54:36.500000
ev1,46.94,E44,11105.74,E183,594.97,evehicle,96.63,2026-01-01 00:54:37
ev1,45.79,:J54_5,11105.74,E183,594.97,evehicle,96.63,2026-01-01 00:54:37.500000
ev1,45.68,:J54_5,11105.74,E183,594.97,evehicle,96.63,2026-01-01 00:54:38
ev1,45.22,E53,11124.73,E183,575.98,evehicle,96.63,2026-01-01 00:54:38.500000
ev1,46.04,E53,11131.12,E183,569.59,evehicle,96.63,2026-01-01 00:54:39
ev1,45.58,E53,11137.45,E183,563.26,evehicle,96.63,2026-01-01 00:54:39.500000
ev1,45.58,E53,11143.78,E183,556.93,evehicle,96.63,2026-01-01 00:54:40
ev1,45.79,E53,11150.14,E183,550.57,evehicle,96.63,2026-01-01 00:54:40.500000
ev1,45.97,:J17_5,11150.14,E183,550.57,evehicle,96.63,2026-01-01 00:54:41
ev1,46.26,:J17_5,11150.14,E183,550.57,evehicle,96.63,2026-01-01 00:54:41.500000
ev1,47.34,:J17_5,11150.14,E183,550.57,evehicle,96.63,2026-01-01 00:54:42
ev1,45.54,-E7,11175.86,E183,524.85,evehicle,96.63,2026-01-01 00:54:42.500000
ev1,45.22,-E7,11182.14,E183,518.57,evehicle,96.63,2026-01-01 00:54:43
ev1,43.78,-E7,11188.22,E183,512.49,evehicle,96.63,2026-01-01 00:54:43.500000
ev1,35.75,-E7,11193.18,E183,507.53,evehicle,96.66,2026-01-01 00:54:44
ev1,27.65,-E7,11197.02,E183,503.69,evehicle,96.69,2026-01-01 00:54:44.500000
ev1,19.55,-E7,11199.74,E183,500.97,evehicle,96.71,2026-01-01 00:54:45
ev1,22.32,-E7,11202.84,E183,497.87,evehicle,96.71,2026-01-01 00:54:45.500000
ev1,20.02,:J9_13,11202.84,E183,497.87,evehicle,96.71,2026-01-01 00:54:46
ev1,23.44,:J9_17,11202.84,E183,497.87,evehicle,96.71,2026-01-01 00:54:46.500000
ev1,27.76,:J9_17,11202.84,E183,497.87,evehicle,96.69,2026-01-01 00:54:47
ev1,29.52,:J9_17,11202.84,E183,497.87,evehicle,96.69,2026-01-01 00:54:47.500000
ev1,27.86,-newton,11220.7,E183,480.01,evehicle,96.69,2026-01-01 00:54:48
ev1,31.75,-newton,11225.11,E183,475.6,evehicle,96.66,2026-01-01 00:54:48.500000
ev1,34.09,-newton,11229.85,E183,470.86,evehicle,96.66,2026-01-01 00:54:49
ev1,37.69,-newton,11235.08,E183,465.63,evehicle,96.63,2026-01-01 00:54:49.500000
ev1,34.06,-newton,11239.81,E183,460.9,evehicle,96.66,2026-01-01 00:54:50
ev1,27.0,-newton,11243.56,E183,457.15,evehicle,96.69,2026-01-01 00:54:50.500000
ev1,18.9,-newton,11246.19,E183,454.52,evehicle,96.69,2026-01-01 00:54:51
ev1,23.33,:J3_6,11246.19,E183,454.52,evehicle,96.69,2026-01-01 00:54:51.500000
ev1,27.68,:J3_6,11246.19,E183,454.52,evehicle,96.69,2026-01-01 00:54:52
ev1,31.43,:J3_6,11246.19,E183,454.52,evehicle,96.66,2026-01-01 00:54:52.500000
ev1,35.5,:J3_6,11246.19,E183,454.52,evehicle,96.63,2026-01-01 00:54:53
ev1,34.6,:J3_6,11246.19,E183,454.52,evehicle,96.63,2026-01-01 00:54:53.500000
ev1,34.63,:J3_6,11246.19,E183,454.52,evehicle,96.63,2026-01-01 00:54:54
ev1,33.59,joulesD,11276.85,E183,423.86,evehicle,96.63,2026-01-01 00:54:54.500000
ev1,37.15,joulesD,11282.01,E183,418.7,evehicle,96.63,2026-01-01 00:54:55
ev1,40.1,joulesD,11287.58,E183,413.13,evehicle,96.6,2026-01-01 00:54:55.500000
ev1,44.68,joulesD,11293.79,E183,406.92,evehicle,96.6,2026-01-01 00:54:56
ev1,36.58,joulesD,11298.87,E183,401.84,evehicle,96.63,2026-01-01 00:54:56.500000
ev1,28.48,joulesD,11302.82,E183,397.89,evehicle,96.66,2026-01-01 00:54:57
ev1,21.28,:J1_3,11302.82,E183,397.89,evehicle,96.66,2026-01-01 00:54:57.500000
ev1,21.28,:J1_3,11302.82,E183,397.89,evehicle,96.66,2026-01-01 00:54:58
ev1,21.28,:J1_3,11302.82,E183,397.89,evehicle,96.66,2026-01-01 00:54:58.500000
ev1,20.23,maxwell,11314.5,E183,386.21,evehicle,96.66,2026-01-01 00:54:59
ev1,23.69,maxwell,11317.79,E183,382.92,evehicle,96.66,2026-01-01 00:54:59.500000
ev1,26.39,maxwell,11321.45,E183,379.26,evehicle,96.66,2026-01-01 00:55:00
ev1,29.81,maxwell,11325.59,E183,375.12,evehicle,96.63,2026-01-01 00:55:00.500000
ev1,30.28,maxwell,11329.8,E183,370.91,evehicle,96.63,2026-01-01 00:55:01
ev1,24.55,maxwell,11333.21,E183,367.5,evehicle,96.66,2026-01-01 00:55:01.500000
ev1,16.45,maxwell,11335.49,E183,365.22,evehicle,96.66,2026-01-01 00:55:02
ev1,8.35,maxwell,11336.65,E183,364.06,evehicle,96.69,2026-01-01 00:55:02.500000
ev1,1.51,maxwell,11336.86,E183,363.85,evehicle,96.69,2026-01-01 00:55:03
ev1,0.25,maxwell,11336.9,E183,363.81,evehicle,96.69,2026-01-01 00:55:03.500000
ev1,0.07,maxwell,11336.91,E183,363.8,evehicle,96.69,2026-01-01 00:55:04
ev1,0.0,maxwell,11336.91,E183,363.8,evehicle,96.69,2026-01-01 00:55:04.500000
ev1,0.0,maxwell,11336.91,E183,363.8,evehicle,96.69,2026-01-01 00:55:05
ev1,0.0,maxwell,11336.91,E183,363.8,evehicle,96.69,2026-01-01 00:55:05.500000
ev1,0.0,maxwell,11336.91,E183,363.8,evehicle,96.69,2026-01-01 00:55:06
ev1,0.0,maxwell,11336.91,E183,363.8,evehicle,96.69,2026-01-01 00:55:06.500000
ev1,0.0,maxwell,11336.91,E183,363.8,evehicle,96.69,2026-01-01 00:55:07
ev1,0.0,maxwell,11336.91,E183,363.8,evehicle,96.69,2026-01-01 00:55:07.500000
ev1,0.0,maxwell,11336.91,E183,363.8,evehicle,96.69,2026-01-01 00:55:08
ev1,0.0,maxwell,11336.91,E183,363.8,evehicle,96.69,2026-01-01 00:55:08.500000
ev1,0.0,maxwell,11336.91,E183,363.8,evehicle,96.69,2026-01-01 00:55:09
ev1,0.0,maxwell,11336.91,E183,363.8,evehicle,96.69,2026-01-01 00:55:09.500000
ev1,0.0,maxwell,11336.91,E183,363.8,evehicle,96.69,2026-01-01 00:55:10
ev1,0.0,maxwell,11336.91,E183,363.8,evehicle,96.69,2026-01-01 00:55:10.500000
ev1,0.0,maxwell,11336.91,E183,363.8,evehicle,96.69,2026-01-01 00:55:11
ev1,0.0,maxwell,11336.91,E183,363.8,evehicle,96.69,2026-01-01 00:55:11.500000
ev1,0.0,maxwell,11336.91,E183,363.8,evehicle,96.69,2026-01-01 00:55:12
ev1,0.0,maxwell,11336.91,E183,363.8,evehicle,96.69,2026-01-01 00:55:12.500000
ev1,0.0,maxwell,11336.91,E183,363.8,evehicle,96.69,2026-01-01 00:55:13
ev1,0.0,maxwell,11336.91,E183,363.8,evehicle,96.69,2026-01-01 00:55:13.500000
ev1,0.0,maxwell,11336.91,E183,363.8,evehicle,96.69,2026-01-01 00:55:14
ev1,0.0,maxwell,11336.91,E183,363.8,evehicle,96.69,2026-01-01 00:55:14.500000
ev1,0.0,maxwell,11336.91,E183,363.8,evehicle,96.69,2026-01-01 00:55:15
ev1,0.0,maxwell,11336.91,E183,363.8,evehicle,96.69,2026-01-01 00:55:15.500000
ev1,0.0,maxwell,11336.91,E183,363.8,evehicle,96.69,2026-01-01 00:55:16
ev1,0.0,maxwell,11336.91,E183,363.8,evehicle,96.69,2026-01-01 00:55:16.500000
ev1,0.0,maxwell,11336.91,E183,363.8,evehicle,96.69,2026-01-01 00:55:17
ev1,0.0,maxwell,11336.91,E183,363.8,evehicle,96.69,2026-01-01 00:55:17.500000
ev1,0.0,maxwell,11336.91,E183,363.8,evehicle,96.69,2026-01-01 00:55:18
ev1,0.0,maxwell,11336.91,E183,363.8,evehicle,96.69,2026-01-01 00:55:18.500000
ev1,0.0,maxwell,11336.91,E183,363.8,evehicle,96.69,2026-01-01 00:55:19
ev1,0.0,maxwell,11336.91,E183,363.8,evehicle,96.69,2026-01-01 00:55:19.500000
ev1,0.0,maxwell,11336.91,E183,363.8,evehicle,96.69,2026-01-01 00:55:20
ev1,0.0,maxwell,11336.91,E183,363.8,evehicle,96.69,2026-01-01 00:55:20.500000
ev1,0.0,maxwell,11336.91,E183,363.8,evehicle,96.69,2026-01-01 00:55:21
ev1,0.0,maxwell,11336.91,E183,363.8,evehicle,96.69,2026-01-01 00:55:21.500000
ev1,0.0,maxwell,11336.91,E183,363.8,evehicle,96.69,2026-01-01 00:55:22
ev1,0.0,maxwell,11336.91,E183,363.8,evehicle,96.69,2026-01-01 00:55:22.500000
ev1,0.0,maxwell,11336.91,E183,363.8,evehicle,96.69,2026-01-01 00:55:23
ev1,0.0,maxwell,11336.91,E183,363.8,evehicle,96.69,2026-01-01 00:55:23.500000
ev1,0.0,maxwell,11336.91,E183,363.8,evehicle,96.69,2026-01-01 00:55:24
ev1,0.0,maxwell,11336.91,E183,363.8,evehicle,96.69,2026-01-01 00:55:24.500000
ev1,0.0,maxwell,11336.91,E183,363.8,evehicle,96.69,2026-01-01 00:55:25
ev1,0.0,maxwell,11336.91,E183,363.8,evehicle,96.69,2026-01-01 00:55:25.500000
ev1,0.0,maxwell,11336.91,E183,363.8,evehicle,96.69,2026-01-01 00:55:26
ev1,0.0,maxwell,11336.91,E183,363.8,evehicle,96.69,2026-01-01 00:55:26.500000
ev1,0.0,maxwell,11336.91,E183,363.8,evehicle,96.69,2026-01-01 00:55:27
ev1,0.0,maxwell,11336.91,E183,363.8,evehicle,96.69,2026-01-01 00:55:27.500000
ev1,0.0,maxwell,11336.91,E183,363.8,evehicle,96.69,2026-01-01 00:55:28
ev1,0.0,maxwell,11336.91,E183,363.8,evehicle,96.69,2026-01-01 00:55:28.500000
ev1,0.0,maxwell,11336.91,E183,363.8,evehicle,96.69,2026-01-01 00:55:29
ev1,0.0,maxwell,11336.91,E183,363.8,evehicle,96.69,2026-01-01 00:55:29.500000
ev1,0.0,maxwell,11336.91,E183,363.8,evehicle,96.69,2026-01-01 00:55:30
ev1,4.64,maxwell,11337.56,E183,363.15,evehicle,96.69,2026-01-01 00:55:30.500000
ev1,8.96,:J8_8,11337.56,E183,363.15,evehicle,96.69,2026-01-01 00:55:31
ev1,11.77,:J8_8,11337.56,E183,363.15,evehicle,96.69,2026-01-01 00:55:31.500000
ev1,14.26,:J8_8,11337.56,E183,363.15,evehicle,96.66,2026-01-01 00:55:32
ev1,18.07,:J8_8,11337.56,E183,363.15,evehicle,96.66,2026-01-01 00:55:32.500000
ev1,22.07,E1,11347.98,E183,352.73,evehicle,96.66,2026-01-01 00:55:33
ev1,24.44,E1,11351.38,E183,349.33,evehicle,96.63,2026-01-01 00:55:33.500000
ev1,27.0,E1,11355.13,E183,345.58,evehicle,96.63,2026-01-01 00:55:34
ev1,31.14,E1,11359.46,E183,341.25,evehicle,96.63,2026-01-01 00:55:34.500000
ev1,34.92,E1,11364.31,E183,336.4,evehicle,96.6,2026-01-01 00:55:35
ev1,39.53,E1,11369.8,E183,330.91,evehicle,96.57,2026-01-01 00:55:35.500000
ev1,41.22,E1,11375.52,E183,325.19,evehicle,96.57,2026-01-01 00:55:36
ev1,33.12,E1,11380.12,E183,320.59,evehicle,96.6,2026-01-01 00:55:36.500000
ev1,29.63,:J11_2,11380.12,E183,320.59,evehicle,96.63,2026-01-01 00:55:37
ev1,29.02,:J11_2,11380.12,E183,320.59,evehicle,96.63,2026-01-01 00:55:37.500000
ev1,28.48,:J11_2,11380.12,E183,320.59,evehicle,96.63,2026-01-01 00:55:38
ev1,29.48,:J11_2,11380.12,E183,320.59,evehicle,96.6,2026-01-01 00:55:38.500000
ev1,28.44,E96,11400.27,E183,300.44,evehicle,96.63,2026-01-01 00:55:39
ev1,32.36,E96,11404.76,E183,295.95,evehicle,96.6,2026-01-01 00:55:39.500000
ev1,36.0,E96,11409.76,E183,290.95,evehicle,96.57,2026-01-01 00:55:40
ev1,40.54,E96,11415.39,E183,285.32,evehicle,96.57,2026-01-01 00:55:40.500000
ev1,45.07,E96,11421.65,E183,279.06,evehicle,96.54,2026-01-01 00:55:41
ev1,45.54,E96,11427.98,E183,272.73,evehicle,96.54,2026-01-01 00:55:41.500000
ev1,37.44,E96,11433.18,E183,267.53,evehicle,96.57,2026-01-01 00:55:42
ev1,29.34,:J24_9,11433.18,E183,267.53,evehicle,96.6,2026-01-01 00:55:42.500000
ev1,29.23,:J24_9,11433.18,E183,267.53,evehicle,96.6,2026-01-01 00:55:43
ev1,28.51,:J24_9,11433.18,E183,267.53,evehicle,96.6,2026-01-01 00:55:43.500000
ev1,28.62,E104,11449.24,E183,251.47,evehicle,96.6,2026-01-01 00:55:44
ev1,31.07,E104,11453.56,E183,247.15,evehicle,96.6,2026-01-01 00:55:44.500000
ev1,35.6,E104,11458.5,E183,242.21,evehicle,96.57,2026-01-01 00:55:45
ev1,40.1,E104,11464.07,E183,236.64,evehicle,96.54,2026-01-01 00:55:45.500000
ev1,43.09,E104,11470.06,E183,230.65,evehicle,96.54,2026-01-01 00:55:46
ev1,45.43,E104,11476.37,E183,224.34,evehicle,96.51,2026-01-01 00:55:46.500000
ev1,45.47,E104,11482.69,E183,218.02,evehicle,96.51,2026-01-01 00:55:47
ev1,46.84,E104,11489.19,E183,211.52,evehicle,96.51,2026-01-01 00:55:47.500000
ev1,46.62,E104,11495.67,E183,205.04,evehicle,96.51,2026-01-01 00:55:48
ev1,46.73,E104,11502.16,E183,198.55,evehicle,96.51,2026-01-01 00:55:48.500000
ev1,43.6,E104,11508.22,E183,192.49,evehicle,96.51,2026-01-01 00:55:49
ev1,36.4,E104,11513.27,E183,187.44,evehicle,96.54,2026-01-01 00:55:49.500000
ev1,28.3,E104,11517.2,E183,183.51,evehicle,96.57,2026-01-01 00:55:50
ev1,20.2,E104,11520.01,E183,180.7,evehicle,96.6,2026-01-01 00:55:50.500000
ev1,23.18,:J70_7,11520.01,E183,180.7,evehicle,96.6,2026-01-01 00:55:51
ev1,26.17,:J70_7,11520.01,E183,180.7,evehicle,96.57,2026-01-01 00:55:51.500000
ev1,28.69,:J70_7,11520.01,E183,180.7,evehicle,96.57,2026-01-01 00:55:52
ev1,32.8,:J70_7,11520.01,E183,180.7,evehicle,96.54,2026-01-01 00:55:52.500000
ev1,35.39,:J70_7,11520.01,E183,180.7,evehicle,96.54,2026-01-01 00:55:53
ev1,38.56,:J70_7,11520.01,E183,180.7,evehicle,96.54,2026-01-01 00:55:53.500000
ev1,43.13,:J70_7,11520.01,E183,180.7,evehicle,96.51,2026-01-01 00:55:54
ev1,45.5,E182,11557.98,E183,142.73,evehicle,96.49,2026-01-01 00:55:54.500000
ev1,44.5,E182,11564.16,E183,136.55,evehicle,96.49,2026-01-01 00:55:55
ev1,43.49,E182,11570.2,E183,130.51,evehicle,96.51,2026-01-01 00:55:55.500000
ev1,42.48,E182,11576.1,E183,124.61,evehicle,96.51,2026-01-01 00:55:56
ev1,41.47,E182,11581.87,E183,118.84,evehicle,96.51,2026-01-01 00:55:56.500000
ev1,40.5,E182,11587.49,E183,113.22,evehicle,96.51,2026-01-01 00:55:57
ev1,39.49,E182,11592.97,E183,107.74,evehicle,96.51,2026-01-01 00:55:57.500000
ev1,38.48,E182,11598.32,E183,102.39,evehicle,96.51,2026-01-01 00:55:58
ev1,37.48,E182,11603.52,E183,97.19,evehicle,96.51,2026-01-01 00:55:58.500000
ev1,36.47,E182,11608.59,E183,92.12,evehicle,96.51,2026-01-01 00:55:59
ev1,35.46,E182,11613.51,E183,87.2,evehicle,96.51,2026-01-01 00:55:59.500000
ev1,34.45,E182,11618.3,E183,82.41,evehicle,96.54,2026-01-01 00:56:00
ev1,33.44,E182,11622.94,E183,77.77,evehicle,96.54,2026-01-01 00:56:00.500000
ev1,32.47,:J126_5,11622.94,E183,77.77,evehicle,96.54,2026-01-01 00:56:01
ev1,31.54,:J126_5,11622.94,E183,77.77,evehicle,96.54,2026-01-01 00:56:01.500000
ev1,30.64,:J126_5,11622.94,E183,77.77,evehicle,96.54,2026-01-01 00:56:02
ev1,29.81,:J126_5,11622.94,E183,77.77,evehicle,96.54,2026-01-01 00:56:02.500000
ev1,29.02,E183,11644.25,E183,56.46,evehicle,96.54,2026-01-01 00:56:03
ev1,27.97,E183,11648.13,E183,52.58,evehicle,96.54,2026-01-01 00:56:03.500000
ev1,26.93,E183,11651.88,E183,48.83,evehicle,96.54,2026-01-01 00:56:04
ev1,25.88,E183,11655.47,E183,45.24,evehicle,96.54,2026-01-01 00:56:04.500000
ev1,24.88,E183,11658.93,E183,41.78,evehicle,96.54,2026-01-01 00:56:05
ev1,23.83,E183,11662.24,E183,38.47,evehicle,96.54,2026-01-01 00:56:05.500000
ev1,22.82,E183,11665.41,E183,35.3,evehicle,96.57,2026-01-01 00:56:06
ev1,21.78,E183,11668.43,E183,32.28,evehicle,96.57,2026-01-01 00:56:06.500000
ev1,20.77,E183,11671.32,E183,29.39,evehicle,96.57,2026-01-01 00:56:07
ev1,19.76,E183,11674.06,E183,26.65,evehicle,96.57,2026-01-01 00:56:07.500000
ev1,18.72,E183,11676.67,E183,24.04,evehicle,96.57,2026-01-01 00:56:08
ev1,17.71,E183,11679.13,E183,21.58,evehicle,96.57,2026-01-01 00:56:08.500000
ev1,16.7,E183,11681.45,E183,19.26,evehicle,96.57,2026-01-01 00:56:09
ev1,15.7,E183,11683.63,E183,17.08,evehicle,96.57,2026-01-01 00:56:09.500000
ev1,14.72,E183,11685.67,E183,15.04,evehicle,96.57,2026-01-01 00:56:10
ev1,13.72,E183,11687.58,E183,13.13,evehicle,96.57,2026-01-01 00:56:10.500000
ev1,12.71,E183,11689.34,E183,11.37,evehicle,96.57,2026-01-01 00:56:11
ev1,11.74,E183,11690.97,E183,9.74,evehicle,96.57,2026-01-01 00:56:11.500000
ev1,3.64,E183,11691.47,E183,9.24,evehicle,96.57,2026-01-01 00:56:12
ev1,0.0,E183,11691.47,E1,466.78,evehicle,96.57,2026-01-01 00:56:12.500000
ev1,0.0,E183,11691.47,E1,466.78,evehicle,96.57,2026-01-01 00:56:13
ev1,0.0,E183,11691.47,E1,466.78,evehicle,96.57,2026-01-01 00:56:13.500000
ev1,0.0,E183,11691.47,E1,466.78,evehicle,96.57,2026-01-01 00:56:14
ev1,0.0,E183,11691.47,E1,466.78,evehicle,96.57,2026-01-01 00:56:14.500000
ev1,0.0,E183,11691.47,E1,466.78,evehicle,96.57,2026-01-01 00:56:15
ev1,0.0,E183,11691.47,E1,466.78,evehicle,96.57,2026-01-01 00:56:15.500000
ev1,0.0,E183,11691.47,E1,466.78,evehicle,96.57,2026-01-01 00:56:16
ev1,0.0,E183,11691.47,E1,466.78,evehicle,96.57,2026-01-01 00:56:16.500000
ev1,0.0,E183,11691.47,E1,466.78,evehicle,96.57,2026-01-01 00:56:17
ev1,0.0,E183,11691.47,E1,466.78,evehicle,96.57,2026-01-01 00:56:17.500000
ev1,0.0,E183,11691.47,E1,466.78,evehicle,96.57,2026-01-01 00:56:18
ev1,0.0,E183,11691.47,E1,466.78,evehicle,96.57,2026-01-01 00:56:18.500000
ev1,0.0,E183,11691.47,E1,466.78,evehicle,96.57,2026-01-01 00:56:19
ev1,0.0,E183,11691.47,E1,466.78,evehicle,96.57,2026-01-01 00:56:19.500000
ev1,0.0,E183,11691.47,E1,466.78,evehicle,96.57,2026-01-01 00:56:20
ev1,0.0,E183,11691.47,E1,466.78,evehicle,96.57,2026-01-01 00:56:20.500000
ev1,0.0,E183,11691.47,E1,466.78,evehicle,96.57,2026-01-01 00:56:21
ev1,0.0,E183,11691.47,E1,466.78,evehicle,96.57,2026-01-01 00:56:21.500000
ev1,0.0,E183,11691.47,E1,466.78,evehicle,96.57,2026-01-01 00:56:22
ev1,0.0,E183,11691.47,E1,466.78,evehicle,96.57,2026-01-01 00:56:22.500000
ev1,0.0,E183,11691.47,E1,466.78,evehicle,96.57,2026-01-01 00:56:23
ev1,0.0,E183,11691.47,E1,466.78,evehicle,96.57,2026-01-01 00:56:23.500000
ev1,0.0,E183,11691.47,E1,466.78,evehicle,96.57,2026-01-01 00:56:24
ev1,0.0,E183,11691.47,E1,466.78,evehicle,96.57,2026-01-01 00:56:24.500000
ev1,0.0,E183,11691.47,E1,466.78,evehicle,96.57,2026-01-01 00:56:25
ev1,0.0,E183,11691.47,E1,466.78,evehicle,96.57,2026-01-01 00:56:25.500000
ev1,0.0,E183,11691.47,E1,466.78,evehicle,96.57,2026-01-01 00:56:26
ev1,0.0,E183,11691.47,E1,466.78,evehicle,96.57,2026-01-01 00:56:26.500000
ev1,0.0,E183,11691.47,E1,466.78,evehicle,96.57,2026-01-01 00:56:27
ev1,0.0,E183,11691.47,E1,466.78,evehicle,96.57,2026-01-01 00:56:27.500000
ev1,0.0,E183,11691.47,E1,466.78,evehicle,96.57,2026-01-01 00:56:28
ev1,0.0,E183,11691.47,E1,466.78,evehicle,96.57,2026-01-01 00:56:28.500000
ev1,0.0,E183,11691.47,E1,466.78,evehicle,96.57,2026-01-01 00:56:29
ev1,0.0,E183,11691.47,E1,466.78,evehicle,96.57,2026-01-01 00:56:29.500000
ev1,0.0,E183,11691.47,E1,466.78,evehicle,96.57,2026-01-01 00:56:30
ev1,0.0,E183,11691.47,E1,466.78,evehicle,96.57,2026-01-01 00:56:30.500000
ev1,0.0,E183,11691.47,E1,466.78,evehicle,96.57,2026-01-01 00:56:31
ev1,0.0,E183,11691.47,E1,466.78,evehicle,96.57,2026-01-01 00:56:31.500000
ev1,0.0,E183,11691.47,E1,466.78,evehicle,96.57,2026-01-01 00:56:32
ev1,0.0,E183,11691.47,E1,466.78,evehicle,96.57,2026-01-01 00:56:32.500000
ev1,0.0,E183,11691.47,E1,466.78,evehicle,96.57,2026-01-01 00:56:33
ev1,0.0,E183,11691.47,E1,466.78,evehicle,96.57,2026-01-01 00:56:33.500000
ev1,0.0,E183,11691.47,E1,466.78,evehicle,96.57,2026-01-01 00:56:34
ev1,0.0,E183,11691.47,E1,466.78,evehicle,96.57,2026-01-01 00:56:34.500000
ev1,0.0,E183,11691.47,E1,466.78,evehicle,96.57,2026-01-01 00:56:35
ev1,0.0,E183,11691.47,E1,466.78,evehicle,96.57,2026-01-01 00:56:35.500000
ev1,0.0,E183,11691.47,E1,466.78,evehicle,96.57,2026-01-01 00:56:36
ev1,0.0,E183,11691.47,E1,466.78,evehicle,96.57,2026-01-01 00:56:36.500000
ev1,0.0,E183,11691.47,E1,466.78,evehicle,96.57,2026-01-01 00:56:37
ev1,0.0,E183,11691.47,E1,466.78,evehicle,96.57,2026-01-01 00:56:37.500000
ev1,0.0,E183,11691.47,E1,466.78,evehicle,96.57,2026-01-01 00:56:38
ev1,0.0,E183,11691.47,E1,466.78,evehicle,96.57,2026-01-01 00:56:38.500000
ev1,0.0,E183,11691.47,E1,466.78,evehicle,96.57,2026-01-01 00:56:39
ev1,0.0,E183,11691.47,E1,466.78,evehicle,96.57,2026-01-01 00:56:39.500000
ev1,0.0,E183,11691.47,E1,466.78,evehicle,96.57,2026-01-01 00:56:40
ev1,0.0,E183,11691.47,E1,466.78,evehicle,96.57,2026-01-01 00:56:40.500000
ev1,0.0,E183,11691.47,E1,466.78,evehicle,96.57,2026-01-01 00:56:41
ev1,0.0,E183,11691.47,E1,466.78,evehicle,96.57,2026-01-01 00:56:41.500000
ev1,0.0,E183,11691.47,E1,466.78,evehicle,96.57,2026-01-01 00:56:42
ev1,0.0,E183,11691.47,E1,466.78,evehicle,96.57,2026-01-01 00:56:42.500000
ev1,0.0,E183,11691.47,E1,466.78,evehicle,96.57,2026-01-01 00:56:43
ev1,0.0,E183,11691.47,E1,466.78,evehicle,96.57,2026-01-01 00:56:43.500000
ev1,0.0,E183,11691.47,E1,466.78,evehicle,96.57,2026-01-01 00:56:44
ev1,0.0,E183,11691.47,E1,466.78,evehicle,96.57,2026-01-01 00:56:44.500000
ev1,0.0,E183,11691.47,E1,466.78,evehicle,96.57,2026-01-01 00:56:45
ev1,0.0,E183,11691.47,E1,466.78,evehicle,96.57,2026-01-01 00:56:45.500000
ev1,0.0,E183,11691.47,E1,466.78,evehicle,96.57,2026-01-01 00:56:46
ev1,0.0,E183,11691.47,E1,466.78,evehicle,96.57,2026-01-01 00:56:46.500000
ev1,0.0,E183,11691.47,E1,466.78,evehicle,96.57,2026-01-01 00:56:47
ev1,0.0,E183,11691.47,E1,466.78,evehicle,96.57,2026-01-01 00:56:47.500000
ev1,0.0,E183,11691.47,E1,466.78,evehicle,96.57,2026-01-01 00:56:48
ev1,0.0,E183,11691.47,E1,466.78,evehicle,96.57,2026-01-01 00:56:48.500000
ev1,0.0,E183,11691.47,E1,466.78,evehicle,96.57,2026-01-01 00:56:49
ev1,0.0,E183,11691.47,E1,466.78,evehicle,96.57,2026-01-01 00:56:49.500000
ev1,0.0,E183,11691.47,E1,466.78,evehicle,96.57,2026-01-01 00:56:50
ev1,0.0,E183,11691.47,E1,466.78,evehicle,96.57,2026-01-01 00:56:50.500000
ev1,0.0,E183,11691.47,E1,466.78,evehicle,96.57,2026-01-01 00:56:51
ev1,0.0,E183,11691.47,E1,466.78,evehicle,96.57,2026-01-01 00:56:51.500000
ev1,0.0,E183,11691.47,E1,466.78,evehicle,96.57,2026-01-01 00:56:52
ev1,0.0,E183,11691.47,E1,466.78,evehicle,96.57,2026-01-01 00:56:52.500000
ev1,0.0,E183,11691.47,E1,466.78,evehicle,96.57,2026-01-01 00:56:53
ev1,0.0,E183,11691.47,E1,466.78,evehicle,96.57,2026-01-01 00:56:53.500000
ev1,0.0,E183,11691.47,E1,466.78,evehicle,96.57,2026-01-01 00:56:54
ev1,0.0,E183,11691.47,E1,466.78,evehicle,96.57,2026-01-01 00:56:54.500000
ev1,0.0,E183,11691.47,E1,466.78,evehicle,96.57,2026-01-01 00:56:55
ev1,0.0,E183,11691.47,E1,466.78,evehicle,96.57,2026-01-01 00:56:55.500000
ev1,0.0,E183,11691.47,E1,466.78,evehicle,96.57,2026-01-01 00:56:56
ev1,0.0,E183,11691.47,E1,466.78,evehicle,96.57,2026-01-01 00:56:56.500000
ev1,0.0,E183,11691.47,E1,466.78,evehicle,96.57,2026-01-01 00:56:57
ev1,0.0,E183,11691.47,E1,466.78,evehicle,96.57,2026-01-01 00:56:57.500000
ev1,0.0,E183,11691.47,E1,466.78,evehicle,96.57,2026-01-01 00:56:58
ev1,0.0,E183,11691.47,E1,466.78,evehicle,96.57,2026-01-01 00:56:58.500000
ev1,0.0,E183,11691.47,E1,466.78,evehicle,96.57,2026-01-01 00:56:59
ev1,0.0,E183,11691.47,E1,466.78,evehicle,96.57,2026-01-01 00:56:59.500000
ev1,0.0,E183,11691.47,E1,466.78,evehicle,96.57,2026-01-01 00:57:00
ev1,0.0,E183,11691.47,E1,466.78,evehicle,96.57,2026-01-01 00:57:00.500000
ev1,0.0,E183,11691.47,E1,466.78,evehicle,96.57,2026-01-01 00:57:01
ev1,0.0,E183,11691.47,E1,466.78,evehicle,96.57,2026-01-01 00:57:01.500000
ev1,0.0,E183,11691.47,E1,466.78,evehicle,96.57,2026-01-01 00:57:02
ev1,0.0,E183,11691.47,E1,466.78,evehicle,96.57,2026-01-01 00:57:02.500000
ev1,0.0,E183,11691.47,E1,466.78,evehicle,96.57,2026-01-01 00:57:03
ev1,0.0,E183,11691.47,E1,466.78,evehicle,96.57,2026-01-01 00:57:03.500000
ev1,0.0,E183,11691.47,E1,466.78,evehicle,96.57,2026-01-01 00:57:04
ev1,0.0,E183,11691.47,E1,466.78,evehicle,96.57,2026-01-01 00:57:04.500000
ev1,0.0,E183,11691.47,E1,466.78,evehicle,96.57,2026-01-01 00:57:05
ev1,0.0,E183,11691.47,E1,466.78,evehicle,96.57,2026-01-01 00:57:05.500000
ev1,0.0,E183,11691.47,E1,466.78,evehicle,96.57,2026-01-01 00:57:06
ev1,0.0,E183,11691.47,E1,466.78,evehicle,96.57,2026-01-01 00:57:06.500000
ev1,0.0,E183,11691.47,E1,466.78,evehicle,96.57,2026-01-01 00:57:07
ev1,0.0,E183,11691.47,E1,466.78,evehicle,96.57,2026-01-01 00:57:07.500000
ev1,0.0,E183,11691.47,E1,466.78,evehicle,96.57,2026-01-01 00:57:08
ev1,0.0,E183,11691.47,E1,466.78,evehicle,96.57,2026-01-01 00:57:08.500000
ev1,0.0,E183,11691.47,E1,466.78,evehicle,96.57,2026-01-01 00:57:09
ev1,0.0,E183,11691.47,E1,466.78,evehicle,96.57,2026-01-01 00:57:09.500000
ev1,0.0,E183,11691.47,E1,466.78,evehicle,96.57,2026-01-01 00:57:10
ev1,0.0,E183,11691.47,E1,466.78,evehicle,96.57,2026-01-01 00:57:10.500000
ev1,0.0,E183,11691.47,E1,466.78,evehicle,96.57,2026-01-01 00:57:11
ev1,0.0,E183,11691.47,E1,466.78,evehicle,96.57,2026-01-01 00:57:11.500000
ev1,0.0,E183,11691.47,E1,466.78,evehicle,96.57,2026-01-01 00:57:12
ev1,0.0,E183,11691.47,E1,466.78,evehicle,96.57,2026-01-01 00:57:12.500000
ev1,4.54,E183,11692.1,E1,466.15,evehicle,96.57,2026-01-01 00:57:13
ev1,8.68,E183,11693.31,E1,464.94,evehicle,96.57,2026-01-01 00:57:13.500000
ev1,12.02,E183,11694.97,E1,463.28,evehicle,96.57,2026-01-01 00:57:14
ev1,15.12,E183,11697.07,E1,461.18,evehicle,96.57,2026-01-01 00:57:14.500000
ev1,19.15,E183,11699.73,E1,458.52,evehicle,96.54,2026-01-01 00:57:15
ev1,18.14,:J127_4,11699.73,E1,458.52,evehicle,96.54,2026-01-01 00:57:15.500000
ev1,18.32,:J127_4,11699.73,E1,458.52,evehicle,96.54,2026-01-01 00:57:16
ev1,17.03,:J127_4,11699.73,E1,458.52,evehicle,96.54,2026-01-01 00:57:16.500000
ev1,17.89,:J127_4,11699.73,E1,458.52,evehicle,96.54,2026-01-01 00:57:17
ev1,18.11,-E190,11712.16,E1,446.09,evehicle,96.54,2026-01-01 00:57:17.500000
ev1,20.74,-E190,11715.04,E1,443.21,evehicle,96.54,2026-01-01 00:57:18
ev1,23.8,-E190,11718.34,E1,439.91,evehicle,96.54,2026-01-01 00:57:18.500000
ev1,26.53,-E190,11722.03,E1,436.22,evehicle,96.51,2026-01-01 00:57:19
ev1,29.74,-E190,11726.16,E1,432.09,evehicle,96.51,2026-01-01 00:57:19.500000
ev1,33.16,-E190,11730.77,E1,427.48,evehicle,96.51,2026-01-01 00:57:20
ev1,35.75,-E190,11735.73,E1,422.52,evehicle,96.49,2026-01-01 00:57:20.500000
ev1,39.49,-E190,11741.22,E1,417.03,evehicle,96.49,2026-01-01 00:57:21
ev1,34.27,-E190,11745.98,E1,412.27,evehicle,96.49,2026-01-01 00:57:21.500000
ev1,27.18,-E190,11749.75,E1,408.5,evehicle,96.51,2026-01-01 00:57:22
ev1,19.12,-E190,11752.41,E1,405.84,evehicle,96.54,2026-01-01 00:57:22.500000
ev1,11.02,-E190,11753.94,E1,404.31,evehicle,96.54,2026-01-01 00:57:23
ev1,3.74,-E190,11754.46,E1,403.79,evehicle,96.54,2026-01-01 00:57:23.500000
ev1,0.4,-E190,11754.52,E1,403.73,evehicle,96.54,2026-01-01 00:57:24
ev1,0.14,-E190,11754.54,E1,403.71,evehicle,96.54,2026-01-01 00:57:24.500000
ev1,0.0,-E190,11754.54,E1,403.71,evehicle,96.54,2026-01-01 00:57:25
ev1,0.0,-E190,11754.54,E1,403.71,evehicle,96.54,2026-01-01 00:57:25.500000
ev1,0.0,-E190,11754.54,E1,403.71,evehicle,96.54,2026-01-01 00:57:26
ev1,0.0,-E190,11754.54,E1,403.71,evehicle,96.54,2026-01-01 00:57:26.500000
ev1,0.0,-E190,11754.54,E1,403.71,evehicle,96.54,2026-01-01 00:57:27
ev1,0.0,-E190,11754.54,E1,403.71,evehicle,96.54,2026-01-01 00:57:27.500000
ev1,0.0,-E190,11754.54,E1,403.71,evehicle,96.54,2026-01-01 00:57:28
ev1,0.0,-E190,11754.54,E1,403.71,evehicle,96.54,2026-01-01 00:57:28.500000
ev1,0.0,-E190,11754.54,E1,403.71,evehicle,96.54,2026-01-01 00:57:29
ev1,0.0,-E190,11754.54,E1,403.71,evehicle,96.54,2026-01-01 00:57:29.500000
ev1,0.0,-E190,11754.54,E1,403.71,evehicle,96.54,2026-01-01 00:57:30
ev1,0.0,-E190,11754.54,E1,403.71,evehicle,96.54,2026-01-01 00:57:30.500000
ev1,0.0,-E190,11754.54,E1,403.71,evehicle,96.54,2026-01-01 00:57:31
ev1,0.0,-E190,11754.54,E1,403.71,evehicle,96.54,2026-01-01 00:57:31.500000
ev1,0.0,-E190,11754.54,E1,403.71,evehicle,96.54,2026-01-01 00:57:32
ev1,0.0,-E190,11754.54,E1,403.71,evehicle,96.54,2026-01-01 00:57:32.500000
ev1,0.0,-E190,11754.54,E1,403.71,evehicle,96.54,2026-01-01 00:57:33
ev1,0.0,-E190,11754.54,E1,403.71,evehicle,96.54,2026-01-01 00:57:33.500000
ev1,0.0,-E190,11754.54,E1,403.71,evehicle,96.54,2026-01-01 00:57:34
ev1,0.0,-E190,11754.54,E1,403.71,evehicle,96.54,2026-01-01 00:57:34.500000
ev1,0.0,-E190,11754.54,E1,403.71,evehicle,96.54,2026-01-01 00:57:35
ev1,0.0,-E190,11754.54,E1,403.71,evehicle,96.54,2026-01-01 00:57:35.500000
ev1,0.0,-E190,11754.54,E1,403.71,evehicle,96.54,2026-01-01 00:57:36
ev1,0.0,-E190,11754.54,E1,403.71,evehicle,96.54,2026-01-01 00:57:36.500000
ev1,0.0,-E190,11754.54,E1,403.71,evehicle,96.54,2026-01-01 00:57:37
ev1,0.0,-E190,11754.54,E1,403.71,evehicle,96.54,2026-01-01 00:57:37.500000
ev1,0.0,-E190,11754.54,E1,403.71,evehicle,96.54,2026-01-01 00:57:38
ev1,0.0,-E190,11754.54,E1,403.71,evehicle,96.54,2026-01-01 00:57:38.500000
ev1,0.0,-E190,11754.54,E1,403.71,evehicle,96.54,2026-01-01 00:57:39
ev1,0.0,-E190,11754.54,E1,403.71,evehicle,96.54,2026-01-01 00:57:39.500000
ev1,0.0,-E190,11754.54,E1,403.71,evehicle,96.54,2026-01-01 00:57:40
ev1,0.0,-E190,11754.54,E1,403.71,evehicle,96.54,2026-01-01 00:57:40.500000
ev1,0.0,-E190,11754.54,E1,403.71,evehicle,96.54,2026-01-01 00:57:41
ev1,0.0,-E190,11754.54,E1,403.71,evehicle,96.54,2026-01-01 00:57:41.500000
ev1,0.0,-E190,11754.54,E1,403.71,evehicle,96.54,2026-01-01 00:57:42
ev1,0.0,-E190,11754.54,E1,403.71,evehicle,96.54,2026-01-01 00:57:42.500000
ev1,0.0,-E190,11754.54,E1,403.71,evehicle,96.54,2026-01-01 00:57:43
ev1,0.0,-E190,11754.54,E1,403.71,evehicle,96.54,2026-01-01 00:57:43.500000
ev1,0.0,-E190,11754.54,E1,403.71,evehicle,96.54,2026-01-01 00:57:44
ev1,0.0,-E190,11754.54,E1,403.71,evehicle,96.54,2026-01-01 00:57:44.500000
ev1,0.0,-E190,11754.54,E1,403.71,evehicle,96.54,2026-01-01 00:57:45
ev1,4.36,-E190,11755.15,E1,403.1,evehicle,96.54,2026-01-01 00:57:45.500000
ev1,6.91,:J131_1,11755.15,E1,403.1,evehicle,96.54,2026-01-01 00:57:46
ev1,10.3,:J131_1,11755.15,E1,403.1,evehicle,96.54,2026-01-01 00:57:46.500000
ev1,12.71,:J131_1,11755.15,E1,403.1,evehicle,96.54,2026-01-01 00:57:47
ev1,17.28,:J131_1,11755.15,E1,403.1,evehicle,96.54,2026-01-01 00:57:47.500000
ev1,19.69,:J131_1,11755.15,E1,403.1,evehicle,96.54,2026-01-01 00:57:48
ev1,22.32,:J131_1,11755.15,E1,403.1,evehicle,96.51,2026-01-01 00:57:48.500000
ev1,25.6,:J131_1,11755.15,E1,403.1,evehicle,96.51,2026-01-01 00:57:49
ev1,29.52,E189,11775.2,E1,383.05,evehicle,96.49,2026-01-01 00:57:49.500000
ev1,32.0,E189,11779.64,E1,378.61,evehicle,96.49,2026-01-01 00:57:50
ev1,36.11,E189,11784.65,E1,373.6,evehicle,96.49,2026-01-01 00:57:50.500000
ev1,40.43,E189,11790.27,E1,367.98,evehicle,96.46,2026-01-01 00:57:51
ev1,43.85,E189,11796.36,E1,361.89,evehicle,96.43,2026-01-01 00:57:51.500000
ev1,44.14,E189,11802.49,E1,355.76,evehicle,96.43,2026-01-01 00:57:52
ev1,36.04,E189,11807.5,E1,350.75,evehicle,96.46,2026-01-01 00:57:52.500000
ev1,27.94,E189,11811.38,E1,346.87,evehicle,96.49,2026-01-01 00:57:53
ev1,20.52,E189,11814.22,E1,344.03,evehicle,96.51,2026-01-01 00:57:53.500000
ev1,23.9,:J130_0,11814.22,E1,344.03,evehicle,96.51,2026-01-01 00:57:54
ev1,24.05,:J130_0,11814.22,E1,344.03,evehicle,96.51,2026-01-01 00:57:54.500000
ev1,25.16,:J130_0,11814.22,E1,344.03,evehicle,96.49,2026-01-01 00:57:55
ev1,24.19,:J130_0,11814.22,E1,344.03,evehicle,96.51,2026-01-01 00:57:55.500000
ev1,24.44,E187,11831.14,E1,327.11,evehicle,96.49,2026-01-01 00:57:56
ev1,28.44,E187,11835.09,E1,323.16,evehicle,96.49,2026-01-01 00:57:56.500000
ev1,32.44,E187,11839.59,E1,318.66,evehicle,96.46,2026-01-01 00:57:57
ev1,34.85,E187,11844.44,E1,313.81,evehicle,96.46,2026-01-01 00:57:57.500000
ev1,39.28,E187,11849.89,E1,308.36,evehicle,96.43,2026-01-01 00:57:58
ev1,42.12,E187,11855.74,E1,302.51,evehicle,96.43,2026-01-01 00:57:58.500000
ev1,46.44,E187,11862.19,E1,296.06,evehicle,96.4,2026-01-01 00:57:59
ev1,45.4,E187,11868.5,E1,289.75,evehicle,96.4,2026-01-01 00:57:59.500000
ev1,45.9,E187,11874.87,E1,283.38,evehicle,96.4,2026-01-01 00:58:00
ev1,45.54,E187,11881.2,E1,277.05,evehicle,96.4,2026-01-01 00:58:00.500000
ev1,39.28,E187,11886.65,E1,271.6,evehicle,96.43,2026-01-01 00:58:01
ev1,32.44,E187,11891.16,E1,267.09,evehicle,96.46,2026-01-01 00:58:01.500000
ev1,24.34,E187,11894.54,E1,263.71,evehicle,96.49,2026-01-01 00:58:02
ev1,29.02,:J70_5,11894.54,E1,263.71,evehicle,96.46,2026-01-01 00:58:02.500000
ev1,31.57,:J70_5,11894.54,E1,263.71,evehicle,96.46,2026-01-01 00:58:03
ev1,34.88,:J70_5,11894.54,E1,263.71,evehicle,96.43,2026-01-01 00:58:03.500000
ev1,38.41,:J70_5,11894.54,E1,263.71,evehicle,96.43,2026-01-01 00:58:04
ev1,42.34,:J70_5,11894.54,E1,263.71,evehicle,96.4,2026-01-01 00:58:04.500000
ev1,45.72,:J70_5,11894.54,E1,263.71,evehicle,96.37,2026-01-01 00:58:05
ev1,47.09,-E104,11931.9,E1,226.35,evehicle,96.37,2026-01-01 00:58:05.500000
ev1,45.83,-E104,11938.27,E1,219.98,evehicle,96.37,2026-01-01 00:58:06
ev1,45.61,-E104,11944.6,E1,213.65,evehicle,96.37,2026-01-01 00:58:06.500000
ev1,47.27,-E104,11951.17,E1,207.08,evehicle,96.37,2026-01-01 00:58:07
ev1,46.69,-E104,11957.65,E1,200.6,evehicle,96.37,2026-01-01 00:58:07.500000
ev1,46.55,-E104,11964.12,E1,194.13,evehicle,96.37,2026-01-01 00:58:08
ev1,47.05,-E104,11970.65,E1,187.6,evehicle,96.37,2026-01-01 00:58:08.500000
ev1,45.68,-E104,11977.0,E1,181.25,evehicle,96.37,2026-01-01 00:58:09
ev1,47.09,-E104,11983.54,E1,174.71,evehicle,96.37,2026-01-01 00:58:09.500000
ev1,46.26,-E104,11989.96,E1,168.29,evehicle,96.37,2026-01-01 00:58:10
ev1,46.51,-E104,11996.42,E1,161.83,evehicle,96.37,2026-01-01 00:58:10.500000
ev1,46.69,-E104,12002.91,E1,155.34,evehicle,96.34,2026-01-01 00:58:11
ev1,46.69,:J24_7,12002.91,E1,155.34,evehicle,96.34,2026-01-01 00:58:11.500000
ev1,47.27,:J24_7,12002.91,E1,155.34,evehicle,96.34,2026-01-01 00:58:12
ev1,45.94,:J24_7,12002.91,E1,155.34,evehicle,96.34,2026-01-01 00:58:12.500000
ev1,47.02,:J24_7,12002.91,E1,155.34,evehicle,96.34,2026-01-01 00:58:13
ev1,46.55,-E13,12035.34,E1,122.91,evehicle,96.34,2026-01-01 00:58:13.500000
ev1,45.32,-E13,12041.63,E1,116.62,evehicle,96.34,2026-01-01 00:58:14
ev1,37.4,-E13,12046.82,E1,111.43,evehicle,96.4,2026-01-01 00:58:14.500000
ev1,29.3,-E13,12050.89,E1,107.36,evehicle,96.43,2026-01-01 00:58:15
ev1,21.2,-E13,12053.84,E1,104.41,evehicle,96.43,2026-01-01 00:58:15.500000
ev1,20.88,:J23_1,12053.84,E1,104.41,evehicle,96.43,2026-01-01 00:58:16
ev1,20.59,:J23_1,12053.84,E1,104.41,evehicle,96.43,2026-01-01 00:58:16.500000
ev1,20.34,:J23_1,12053.84,E1,104.41,evehicle,96.43,2026-01-01 00:58:17
ev1,20.05,:J23_1,12053.84,E1,104.41,evehicle,96.43,2026-01-01 00:58:17.500000
ev1,19.76,:J23_1,12053.84,E1,104.41,evehicle,96.43,2026-01-01 00:58:18
ev1,19.51,:J23_1,12053.84,E1,104.41,evehicle,96.43,2026-01-01 00:58:18.500000
ev1,19.26,-E12,12073.34,E1,84.91,evehicle,96.43,2026-01-01 00:58:19
ev1,18.97,-E12,12075.98,E1,82.27,evehicle,96.43,2026-01-01 00:58:19.500000
ev1,18.65,-E12,12078.57,E1,79.68,evehicle,96.43,2026-01-01 00:58:20
ev1,18.36,-E12,12081.12,E1,77.13,evehicle,96.43,2026-01-01 00:58:20.500000
ev1,18.04,-E12,12083.62,E1,74.63,evehicle,96.43,2026-01-01 00:58:21
ev1,17.75,-E12,12086.09,E1,72.16,evehicle,96.43,2026-01-01 00:58:21.500000
ev1,17.46,-E12,12088.51,E1,69.74,evehicle,96.43,2026-01-01 00:58:22
ev1,17.14,-E12,12090.89,E1,67.36,evehicle,96.43,2026-01-01 00:58:22.500000
ev1,16.85,-E12,12093.23,E1,65.02,evehicle,96.43,2026-01-01 00:58:23
ev1,16.52,-E12,12095.53,E1,62.72,evehicle,96.43,2026-01-01 00:58:23.500000
ev1,16.24,-E12,12097.79,E1,60.46,evehicle,96.43,2026-01-01 00:58:24
ev1,15.95,-E12,12100.0,E1,58.25,evehicle,96.43,2026-01-01 00:58:24.500000
ev1,15.62,-E12,12102.17,E1,56.08,evehicle,96.43,2026-01-01 00:58:25
ev1,13.18,-E12,12104.0,E1,54.25,evehicle,96.46,2026-01-01 00:58:25.500000
ev1,5.08,-E12,12104.7,E1,53.55,evehicle,96.46,2026-01-01 00:58:26
ev1,0.0,-E12,12104.7,E1,53.55,evehicle,96.46,2026-01-01 00:58:26.500000
ev1,0.0,-E12,12104.7,E1,53.55,evehicle,96.46,2026-01-01 00:58:27
ev1,0.0,-E12,12104.7,E1,53.55,evehicle,96.46,2026-01-01 00:58:27.500000
ev1,0.0,-E12,12104.7,E1,53.55,evehicle,96.46,2026-01-01 00:58:28
ev1,0.0,-E12,12104.7,E1,53.55,evehicle,96.46,2026-01-01 00:58:28.500000
ev1,0.0,-E12,12104.7,E1,53.55,evehicle,96.46,2026-01-01 00:58:29
ev1,0.0,-E12,12104.7,E1,53.55,evehicle,96.46,2026-01-01 00:58:29.500000
ev1,0.0,-E12,12104.7,E1,53.55,evehicle,96.46,2026-01-01 00:58:30
ev1,4.64,-E12,12105.34,E1,52.91,evehicle,96.46,2026-01-01 00:58:30.500000
ev1,4.61,:J8_3,12105.34,E1,52.91,evehicle,96.46,2026-01-01 00:58:31
ev1,4.57,:J8_3,12105.34,E1,52.91,evehicle,96.46,2026-01-01 00:58:31.500000
ev1,4.54,:J8_3,12105.34,E1,52.91,evehicle,96.46,2026-01-01 00:58:32
ev1,4.5,:J8_3,12105.34,E1,52.91,evehicle,96.46,2026-01-01 00:58:32.500000
ev1,4.5,:J8_3,12105.34,E1,52.91,evehicle,96.46,2026-01-01 00:58:33
ev1,4.46,:J8_3,12105.34,E1,52.91,evehicle,96.46,2026-01-01 00:58:33.500000
ev1,4.43,:J8_3,12105.34,E1,52.91,evehicle,96.46,2026-01-01 00:58:34
ev1,4.43,:J8_3,12105.34,E1,52.91,evehicle,96.46,2026-01-01 00:58:34.500000
ev1,4.39,:J8_16,12105.34,E1,52.91,evehicle,96.46,2026-01-01 00:58:35
ev1,4.36,:J8_16,12105.34,E1,52.91,evehicle,96.46,2026-01-01 00:58:35.500000
ev1,4.32,:J8_16,12105.34,E1,52.91,evehicle,96.46,2026-01-01 00:58:36
ev1,4.32,:J8_16,12105.34,E1,52.91,evehicle,96.46,2026-01-01 00:58:36.500000
ev1,4.28,:J8_16,12105.34,E1,52.91,evehicle,96.46,2026-01-01 00:58:37
ev1,4.25,:J8_16,12105.34,E1,52.91,evehicle,96.46,2026-01-01 00:58:37.500000
ev1,4.25,:J8_16,12105.34,E1,52.91,evehicle,96.46,2026-01-01 00:58:38
ev1,4.21,:J8_16,12105.34,E1,52.91,evehicle,96.46,2026-01-01 00:58:38.500000
ev1,4.18,:J8_16,12105.34,E1,52.91,evehicle,96.46,2026-01-01 00:58:39
ev1,4.18,:J8_16,12105.34,E1,52.91,evehicle,96.46,2026-01-01 00:58:39.500000
ev1,4.14,:J8_16,12105.34,E1,52.91,evehicle,96.46,2026-01-01 00:58:40
ev1,4.14,:J8_16,12105.34,E1,52.91,evehicle,96.46,2026-01-01 00:58:40.500000
ev1,4.1,:J8_16,12105.34,E1,52.91,evehicle,96.46,2026-01-01 00:58:41
ev1,4.07,:J8_16,12105.34,E1,52.91,evehicle,96.46,2026-01-01 00:58:41.500000
ev1,4.07,:J8_16,12105.34,E1,52.91,evehicle,96.46,2026-01-01 00:58:42
ev1,4.03,:J8_16,12105.34,E1,52.91,evehicle,96.46,2026-01-01 00:58:42.500000
ev1,4.0,:J8_16,12105.34,E1,52.91,evehicle,96.46,2026-01-01 00:58:43
ev1,4.0,:J8_16,12105.34,E1,52.91,evehicle,96.46,2026-01-01 00:58:43.500000
ev1,3.96,:J8_16,12105.34,E1,52.91,evehicle,96.46,2026-01-01 00:58:44
ev1,3.96,:J8_16,12105.34,E1,52.91,evehicle,96.46,2026-01-01 00:58:44.500000
ev1,3.92,:J8_16,12105.34,E1,52.91,evehicle,96.46,2026-01-01 00:58:45
ev1,3.92,:J8_16,12105.34,E1,52.91,evehicle,96.46,2026-01-01 00:58:45.500000
ev1,3.89,:J8_16,12105.34,E1,52.91,evehicle,96.46,2026-01-01 00:58:46
ev1,3.89,:J8_16,12105.34,E1,52.91,evehicle,96.46,2026-01-01 00:58:46.500000
ev1,3.85,:J8_16,12105.34,E1,52.91,evehicle,96.46,2026-01-01 00:58:47
ev1,3.82,E1,12125.14,E1,33.11,evehicle,96.46,2026-01-01 00:58:47.500000
ev1,3.82,E1,12125.67,E1,32.58,evehicle,96.46,2026-01-01 00:58:48
ev1,3.78,E1,12126.19,E1,32.06,evehicle,96.46,2026-01-01 00:58:48.500000
ev1,3.74,E1,12126.71,E1,31.54,evehicle,96.46,2026-01-01 00:58:49
ev1,3.71,E1,12127.22,E1,31.03,evehicle,96.46,2026-01-01 00:58:49.500000
ev1,3.67,E1,12127.73,E1,30.52,evehicle,96.46,2026-01-01 00:58:50
ev1,3.64,E1,12128.24,E1,30.01,evehicle,96.46,2026-01-01 00:58:50.500000
ev1,3.6,E1,12128.74,E1,29.51,evehicle,96.46,2026-01-01 00:58:51
ev1,3.6,E1,12129.24,E1,29.01,evehicle,96.46,2026-01-01 00:58:51.500000
ev1,3.56,E1,12129.73,E1,28.52,evehicle,96.46,2026-01-01 00:58:52
ev1,3.53,E1,12130.22,E1,28.03,evehicle,96.46,2026-01-01 00:58:52.500000
ev1,3.49,E1,12130.71,E1,27.54,evehicle,96.46,2026-01-01 00:58:53
ev1,3.46,E1,12131.19,E1,27.06,evehicle,96.46,2026-01-01 00:58:53.500000
ev1,3.42,E1,12131.67,E1,26.58,evehicle,96.46,2026-01-01 00:58:54
ev1,3.38,E1,12132.14,E1,26.11,evehicle,96.46,2026-01-01 00:58:54.500000
ev1,3.38,E1,12132.61,E1,25.64,evehicle,96.46,2026-01-01 00:58:55
ev1,3.35,E1,12133.07,E1,25.18,evehicle,96.46,2026-01-01 00:58:55.500000
ev1,3.31,E1,12133.53,E1,24.72,evehicle,96.46,2026-01-01 00:58:56
ev1,3.28,E1,12133.98,E1,24.27,evehicle,96.46,2026-01-01 00:58:56.500000
ev1,3.24,E1,12134.43,E1,23.82,evehicle,96.46,2026-01-01 00:58:57
ev1,3.2,E1,12134.88,E1,23.37,evehicle,96.46,2026-01-01 00:58:57.500000
ev1,3.17,E1,12135.32,E1,22.93,evehicle,96.46,2026-01-01 00:58:58
ev1,3.17,E1,12135.76,E1,22.49,evehicle,96.46,2026-01-01 00:58:58.500000
ev1,3.13,E1,12136.2,E1,22.05,evehicle,96.46,2026-01-01 00:58:59
ev1,3.1,E1,12136.63,E1,21.62,evehicle,96.46,2026-01-01 00:58:59.500000
ev1,3.06,E1,12137.05,E1,21.2,evehicle,96.46,2026-01-01 00:59:00
ev1,3.02,E1,12137.47,E1,20.78,evehicle,96.46,2026-01-01 00:59:00.500000
ev1,2.99,E1,12137.89,E1,20.36,evehicle,96.46,2026-01-01 00:59:01
ev1,2.99,E1,12138.3,E1,19.95,evehicle,96.46,2026-01-01 00:59:01.500000
ev1,2.95,E1,12138.71,E1,19.54,evehicle,96.46,2026-01-01 00:59:02
ev1,2.92,E1,12139.11,E1,19.14,evehicle,96.46,2026-01-01 00:59:02.500000
ev1,2.88,E1,12139.51,E1,18.74,evehicle,96.46,2026-01-01 00:59:03
ev1,2.84,E1,12139.91,E1,18.34,evehicle,96.46,2026-01-01 00:59:03.500000
ev1,2.81,E1,12140.3,E1,17.95,evehicle,96.46,2026-01-01 00:59:04
ev1,2.77,E1,12140.69,E1,17.56,evehicle,96.46,2026-01-01 00:59:04.500000
ev1,2.77,E1,12141.07,E1,17.18,evehicle,96.46,2026-01-01 00:59:05
ev1,2.74,E1,12141.45,E1,16.8,evehicle,96.46,2026-01-01 00:59:05.500000
ev1,2.7,E1,12141.82,E1,16.43,evehicle,96.46,2026-01-01 00:59:06
ev1,2.66,E1,12142.19,E1,16.06,evehicle,96.46,2026-01-01 00:59:06.500000
ev1,2.63,E1,12142.56,E1,15.69,evehicle,96.46,2026-01-01 00:59:07
ev1,2.59,E1,12142.92,E1,15.33,evehicle,96.46,2026-01-01 00:59:07.500000
ev1,2.56,E1,12143.28,E1,14.97,evehicle,96.46,2026-01-01 00:59:08
ev1,2.56,E1,12143.63,E1,14.62,evehicle,96.46,2026-01-01 00:59:08.500000
ev1,2.52,E1,12143.98,E1,14.27,evehicle,96.43,2026-01-01 00:59:09
ev1,2.48,E1,12144.32,E1,13.93,evehicle,96.43,2026-01-01 00:59:09.500000
ev1,2.45,E1,12144.66,E1,13.59,evehicle,96.43,2026-01-01 00:59:10
ev1,2.41,E1,12145.0,E1,13.25,evehicle,96.43,2026-01-01 00:59:10.500000
ev1,2.38,E1,12145.33,E1,12.92,evehicle,96.43,2026-01-01 00:59:11
ev1,2.34,E1,12145.66,E1,12.59,evehicle,96.43,2026-01-01 00:59:11.500000
ev1,2.34,E1,12145.98,E1,12.27,evehicle,96.43,2026-01-01 00:59:12
ev1,2.3,E1,12146.3,E1,11.95,evehicle,96.43,2026-01-01 00:59:12.500000
ev1,2.27,E1,12146.61,E1,11.64,evehicle,96.43,2026-01-01 00:59:13
ev1,2.23,E1,12146.92,E1,11.33,evehicle,96.43,2026-01-01 00:59:13.500000
ev1,2.2,E1,12147.23,E1,11.02,evehicle,96.43,2026-01-01 00:59:14
ev1,2.16,E1,12147.53,E1,10.72,evehicle,96.43,2026-01-01 00:59:14.500000
ev1,2.16,E1,12147.83,E1,10.42,evehicle,96.43,2026-01-01 00:59:15
ev1,2.12,E1,12148.12,E1,10.13,evehicle,96.43,2026-01-01 00:59:15.500000
ev1,2.09,E1,12148.41,E1,9.84,evehicle,96.43,2026-01-01 00:59:16
ev1,0.0,E1,12148.41,-E112,1238.75,evehicle,96.43,2026-01-01 00:59:16.500000
ev1,0.0,E1,12148.41,-E112,1238.75,evehicle,96.43,2026-01-01 00:59:17
ev1,0.0,E1,12148.41,-E112,1238.75,evehicle,96.43,2026-01-01 00:59:17.500000
ev1,0.0,E1,12148.41,-E112,1238.75,evehicle,96.43,2026-01-01 00:59:18
ev1,0.0,E1,12148.41,-E112,1238.75,evehicle,96.43,2026-01-01 00:59:18.500000
ev1,0.0,E1,12148.41,-E112,1238.75,evehicle,96.43,2026-01-01 00:59:19
ev1,0.0,E1,12148.41,-E112,1238.75,evehicle,96.43,2026-01-01 00:59:19.500000
ev1,0.0,E1,12148.41,-E112,1238.75,evehicle,96.43,2026-01-01 00:59:20
ev1,0.0,E1,12148.41,-E112,1238.75,evehicle,96.43,2026-01-01 00:59:20.500000
ev1,0.0,E1,12148.41,-E112,1238.75,evehicle,96.43,2026-01-01 00:59:21
ev1,0.0,E1,12148.41,-E112,1238.75,evehicle,96.43,2026-01-01 00:59:21.500000
ev1,0.0,E1,12148.41,-E112,1238.75,evehicle,96.43,2026-01-01 00:59:22
ev1,0.0,E1,12148.41,-E112,1238.75,evehicle,96.43,2026-01-01 00:59:22.500000
ev1,0.0,E1,12148.41,-E112,1238.75,evehicle,96.43,2026-01-01 00:59:23
ev1,0.0,E1,12148.41,-E112,1238.75,evehicle,96.43,2026-01-01 00:59:23.500000
ev1,0.0,E1,12148.41,-E112,1238.75,evehicle,96.43,2026-01-01 00:59:24
ev1,0.0,E1,12148.41,-E112,1238.75,evehicle,96.43,2026-01-01 00:59:24.500000
ev1,0.0,E1,12148.41,-E112,1238.75,evehicle,96.43,2026-01-01 00:59:25
ev1,0.0,E1,12148.41,-E112,1238.75,evehicle,96.43,2026-01-01 00:59:25.500000
ev1,0.0,E1,12148.41,-E112,1238.75,evehicle,96.43,2026-01-01 00:59:26
ev1,0.0,E1,12148.41,-E112,1238.75,evehicle,96.43,2026-01-01 00:59:26.500000
ev1,0.0,E1,12148.41,-E112,1238.75,evehicle,96.43,2026-01-01 00:59:27
ev1,0.0,E1,12148.41,-E112,1238.75,evehicle,96.43,2026-01-01 00:59:27.500000
ev1,0.0,E1,12148.41,-E112,1238.75,evehicle,96.43,2026-01-01 00:59:28
ev1,0.0,E1,12148.41,-E112,1238.75,evehicle,96.43,2026-01-01 00:59:28.500000
ev1,0.0,E1,12148.41,-E112,1238.75,evehicle,96.43,2026-01-01 00:59:29
ev1,0.0,E1,12148.41,-E112,1238.75,evehicle,96.43,2026-01-01 00:59:29.500000
ev1,0.0,E1,12148.41,-E112,1238.75,evehicle,96.43,2026-01-01 00:59:30
ev1,0.0,E1,12148.41,-E112,1238.75,evehicle,96.43,2026-01-01 00:59:30.500000
ev1,0.0,E1,12148.41,-E112,1238.75,evehicle,96.43,2026-01-01 00:59:31
ev1,0.0,E1,12148.41,-E112,1238.75,evehicle,96.43,2026-01-01 00:59:31.500000
ev1,0.0,E1,12148.41,-E112,1238.75,evehicle,96.43,2026-01-01 00:59:32
ev1,0.0,E1,12148.41,-E112,1238.75,evehicle,96.43,2026-01-01 00:59:32.500000
ev1,0.0,E1,12148.41,-E112,1238.75,evehicle,96.43,2026-01-01 00:59:33
ev1,0.0,E1,12148.41,-E112,1238.75,evehicle,96.43,2026-01-01 00:59:33.500000
ev1,0.0,E1,12148.41,-E112,1238.75,evehicle,96.43,2026-01-01 00:59:34
ev1,0.0,E1,12148.41,-E112,1238.75,evehicle,96.43,2026-01-01 00:59:34.500000
ev1,0.0,E1,12148.41,-E112,1238.75,evehicle,96.43,2026-01-01 00:59:35
ev1,0.0,E1,12148.41,-E112,1238.75,evehicle,96.43,2026-01-01 00:59:35.500000
ev1,0.0,E1,12148.41,-E112,1238.75,evehicle,96.43,2026-01-01 00:59:36
ev1,0.0,E1,12148.41,-E112,1238.75,evehicle,96.43,2026-01-01 00:59:36.500000
ev1,0.0,E1,12148.41,-E112,1238.75,evehicle,96.43,2026-01-01 00:59:37
ev1,0.0,E1,12148.41,-E112,1238.75,evehicle,96.43,2026-01-01 00:59:37.500000
ev1,0.0,E1,12148.41,-E112,1238.75,evehicle,96.43,2026-01-01 00:59:38
ev1,0.0,E1,12148.41,-E112,1238.75,evehicle,96.43,2026-01-01 00:59:38.500000
ev1,0.0,E1,12148.41,-E112,1238.75,evehicle,96.43,2026-01-01 00:59:39
ev1,0.0,E1,12148.41,-E112,1238.75,evehicle,96.43,2026-01-01 00:59:39.500000
ev1,0.0,E1,12148.41,-E112,1238.75,evehicle,96.43,2026-01-01 00:59:40
ev1,0.0,E1,12148.41,-E112,1238.75,evehicle,96.43,2026-01-01 00:59:40.500000
ev1,0.0,E1,12148.41,-E112,1238.75,evehicle,96.43,2026-01-01 00:59:41
ev1,0.0,E1,12148.41,-E112,1238.75,evehicle,96.43,2026-01-01 00:59:41.500000
ev1,0.0,E1,12148.41,-E112,1238.75,evehicle,96.43,2026-01-01 00:59:42
ev1,0.0,E1,12148.41,-E112,1238.75,evehicle,96.43,2026-01-01 00:59:42.500000
ev1,0.0,E1,12148.41,-E112,1238.75,evehicle,96.43,2026-01-01 00:59:43
ev1,0.0,E1,12148.41,-E112,1238.75,evehicle,96.43,2026-01-01 00:59:43.500000
ev1,0.0,E1,12148.41,-E112,1238.75,evehicle,96.43,2026-01-01 00:59:44
ev1,0.0,E1,12148.41,-E112,1238.75,evehicle,96.43,2026-01-01 00:59:44.500000
ev1,0.0,E1,12148.41,-E112,1238.75,evehicle,96.43,2026-01-01 00:59:45
ev1,0.0,E1,12148.41,-E112,1238.75,evehicle,96.43,2026-01-01 00:59:45.500000
ev1,0.0,E1,12148.41,-E112,1238.75,evehicle,96.43,2026-01-01 00:59:46
ev1,0.0,E1,12148.41,-E112,1238.75,evehicle,96.43,2026-01-01 00:59:46.500000
ev1,0.0,E1,12148.41,-E112,1238.75,evehicle,96.43,2026-01-01 00:59:47
ev1,0.0,E1,12148.41,-E112,1238.75,evehicle,96.43,2026-01-01 00:59:47.500000
ev1,0.0,E1,12148.41,-E112,1238.75,evehicle,96.43,2026-01-01 00:59:48
ev1,0.0,E1,12148.41,-E112,1238.75,evehicle,96.43,2026-01-01 00:59:48.500000
ev1,0.0,E1,12148.41,-E112,1238.75,evehicle,96.43,2026-01-01 00:59:49
ev1,0.0,E1,12148.41,-E112,1238.75,evehicle,96.43,2026-01-01 00:59:49.500000
ev1,0.0,E1,12148.41,-E112,1238.75,evehicle,96.43,2026-01-01 00:59:50
ev1,0.0,E1,12148.41,-E112,1238.75,evehicle,96.43,2026-01-01 00:59:50.500000
ev1,0.0,E1,12148.41,-E112,1238.75,evehicle,96.43,2026-01-01 00:59:51
ev1,0.0,E1,12148.41,-E112,1238.75,evehicle,96.43,2026-01-01 00:59:51.500000
ev1,0.0,E1,12148.41,-E112,1238.75,evehicle,96.43,2026-01-01 00:59:52
ev1,0.0,E1,12148.41,-E112,1238.75,evehicle,96.43,2026-01-01 00:59:52.500000
ev1,0.0,E1,12148.41,-E112,1238.75,evehicle,96.43,2026-01-01 00:59:53
ev1,0.0,E1,12148.41,-E112,1238.75,evehicle,96.43,2026-01-01 00:59:53.500000
ev1,0.0,E1,12148.41,-E112,1238.75,evehicle,96.43,2026-01-01 00:59:54
ev1,0.0,E1,12148.41,-E112,1238.75,evehicle,96.43,2026-01-01 00:59:54.500000
ev1,0.0,E1,12148.41,-E112,1238.75,evehicle,96.43,2026-01-01 00:59:55
ev1,0.0,E1,12148.41,-E112,1238.75,evehicle,96.43,2026-01-01 00:59:55.500000
ev1,0.0,E1,12148.41,-E112,1238.75,evehicle,96.43,2026-01-01 00:59:56
ev1,0.0,E1,12148.41,-E112,1238.75,evehicle,96.43,2026-01-01 00:59:56.500000
ev1,0.0,E1,12148.41,-E112,1238.75,evehicle,96.43,2026-01-01 00:59:57
ev1,0.0,E1,12148.41,-E112,1238.75,evehicle,96.43,2026-01-01 00:59:57.500000
ev1,0.0,E1,12148.41,-E112,1238.75,evehicle,96.43,2026-01-01 00:59:58
ev1,0.0,E1,12148.41,-E112,1238.75,evehicle,96.43,2026-01-01 00:59:58.500000
ev1,0.0,E1,12148.41,-E112,1238.75,evehicle,96.43,2026-01-01 00:59:59
ev1,0.0,E1,12148.41,-E112,1238.75,evehicle,96.43,2026-01-01 00:59:59.500000
ev1,0.0,E1,12148.41,-E112,1238.75,evehicle,96.43,2026-01-01 01:00:00
ev1,0.0,E1,12148.41,-E112,1238.75,evehicle,96.43,2026-01-01 01:00:00.500000
ev1,0.0,E1,12148.41,-E112,1238.75,evehicle,96.43,2026-01-01 01:00:01
ev1,0.0,E1,12148.41,-E112,1238.75,evehicle,96.43,2026-01-01 01:00:01.500000
ev1,0.0,E1,12148.41,-E112,1238.75,evehicle,96.43,2026-01-01 01:00:02
ev1,0.0,E1,12148.41,-E112,1238.75,evehicle,96.43,2026-01-01 01:00:02.500000
ev1,0.0,E1,12148.41,-E112,1238.75,evehicle,96.43,2026-01-01 01:00:03
ev1,0.0,E1,12148.41,-E112,1238.75,evehicle,96.43,2026-01-01 01:00:03.500000
ev1,0.0,E1,12148.41,-E112,1238.75,evehicle,96.43,2026-01-01 01:00:04
ev1,0.0,E1,12148.41,-E112,1238.75,evehicle,96.43,2026-01-01 01:00:04.500000
ev1,0.0,E1,12148.41,-E112,1238.75,evehicle,96.43,2026-01-01 01:00:05
ev1,0.0,E1,12148.41,-E112,1238.75,evehicle,96.43,2026-01-01 01:00:05.500000
ev1,0.0,E1,12148.41,-E112,1238.75,evehicle,96.43,2026-01-01 01:00:06
ev1,0.0,E1,12148.41,-E112,1238.75,evehicle,96.43,2026-01-01 01:00:06.500000
ev1,0.0,E1,12148.41,-E112,1238.75,evehicle,96.43,2026-01-01 01:00:07
ev1,0.0,E1,12148.41,-E112,1238.75,evehicle,96.43,2026-01-01 01:00:07.500000
ev1,0.0,E1,12148.41,-E112,1238.75,evehicle,96.43,2026-01-01 01:00:08
ev1,0.0,E1,12148.41,-E112,1238.75,evehicle,96.43,2026-01-01 01:00:08.500000
ev1,0.0,E1,12148.41,-E112,1238.75,evehicle,96.43,2026-01-01 01:00:09
ev1,0.0,E1,12148.41,-E112,1238.75,evehicle,96.43,2026-01-01 01:00:09.500000
ev1,0.0,E1,12148.41,-E112,1238.75,evehicle,96.43,2026-01-01 01:00:10
ev1,0.0,E1,12148.41,-E112,1238.75,evehicle,96.43,2026-01-01 01:00:10.500000
ev1,0.0,E1,12148.41,-E112,1238.75,evehicle,96.43,2026-01-01 01:00:11
ev1,0.0,E1,12148.41,-E112,1238.75,evehicle,96.43,2026-01-01 01:00:11.500000
ev1,0.0,E1,12148.41,-E112,1238.75,evehicle,96.43,2026-01-01 01:00:12
ev1,0.0,E1,12148.41,-E112,1238.75,evehicle,96.43,2026-01-01 01:00:12.500000
ev1,0.0,E1,12148.41,-E112,1238.75,evehicle,96.43,2026-01-01 01:00:13
ev1,0.0,E1,12148.41,-E112,1238.75,evehicle,96.43,2026-01-01 01:00:13.500000
ev1,0.0,E1,12148.41,-E112,1238.75,evehicle,96.43,2026-01-01 01:00:14
ev1,0.0,E1,12148.41,-E112,1238.75,evehicle,96.43,2026-01-01 01:00:14.500000
ev1,0.0,E1,12148.41,-E112,1238.75,evehicle,96.43,2026-01-01 01:00:15
ev1,0.0,E1,12148.41,-E112,1238.75,evehicle,96.43,2026-01-01 01:00:15.500000
ev1,0.0,E1,12148.41,-E112,1238.75,evehicle,96.43,2026-01-01 01:00:16
ev1,0.0,E1,12148.41,-E112,1238.75,evehicle,96.43,2026-01-01 01:00:16.500000
ev1,4.28,E1,12149.0,-E112,1238.16,evehicle,96.43,2026-01-01 01:00:17
ev1,7.16,E1,12150.0,-E112,1237.16,evehicle,96.43,2026-01-01 01:00:17.500000
ev1,10.19,E1,12151.41,-E112,1235.75,evehicle,96.43,2026-01-01 01:00:18
ev1,12.64,E1,12153.17,-E112,1233.99,evehicle,96.43,2026-01-01 01:00:18.500000
ev1,15.34,E1,12155.3,-E112,1231.86,evehicle,96.43,2026-01-01 01:00:19
ev1,17.68,E1,12157.75,-E112,1229.41,evehicle,96.43,2026-01-01 01:00:19.500000
ev1,22.07,:J11_2,12157.75,-E112,1229.41,evehicle,96.4,2026-01-01 01:00:20
ev1,24.12,:J11_2,12157.75,-E112,1229.41,evehicle,96.4,2026-01-01 01:00:20.500000
ev1,24.7,:J11_2,12157.75,-E112,1229.41,evehicle,96.4,2026-01-01 01:00:21
ev1,25.99,E96,12171.2,-E112,1210.8,evehicle,96.4,2026-01-01 01:00:21.500000
ev1,29.81,E96,12175.35,-E112,1206.65,evehicle,96.37,2026-01-01 01:00:22
ev1,33.41,E96,12179.99,-E112,1202.01,evehicle,96.37,2026-01-01 01:00:22.500000
ev1,36.86,E96,12185.11,-E112,1196.89,evehicle,96.34,2026-01-01 01:00:23
ev1,40.93,E96,12190.79,-E112,1191.21,evehicle,96.31,2026-01-01 01:00:23.500000
ev1,40.43,E96,12196.41,-E112,1185.59,evehicle,96.31,2026-01-01 01:00:24
ev1,32.33,E96,12200.89,-E112,1181.11,evehicle,96.37,2026-01-01 01:00:24.500000
ev1,25.63,E96,12204.45,-E112,1177.55,evehicle,96.37,2026-01-01 01:00:25
ev1,30.31,:J24_23,12204.45,-E112,1177.55,evehicle,96.37,2026-01-01 01:00:25.500000
ev1,31.57,:J24_23,12204.45,-E112,1177.55,evehicle,96.37,2026-01-01 01:00:26
ev1,32.36,:J24_23,12204.45,-E112,1177.55,evehicle,96.34,2026-01-01 01:00:26.500000
ev1,32.4,:J24_23,12204.45,-E112,1177.55,evehicle,96.34,2026-01-01 01:00:27
ev1,31.68,:J24_23,12204.45,-E112,1177.55,evehicle,96.34,2026-01-01 01:00:27.500000
ev1,31.39,-E13,12230.8,-E112,1151.2,evehicle,96.34,2026-01-01 01:00:28
ev1,34.78,-E13,12235.63,-E112,1146.37,evehicle,96.34,2026-01-01 01:00:28.500000
ev1,38.7,-E13,12241.01,-E112,1140.99,evehicle,96.31,2026-01-01 01:00:29
ev1,32.33,-E13,12245.5,-E112,1136.5,evehicle,96.34,2026-01-01 01:00:29.500000
ev1,24.23,-E13,12248.86,-E112,1133.14,evehicle,96.37,2026-01-01 01:00:30
ev1,28.55,:J23_1,12248.86,-E112,1133.14,evehicle,96.34,2026-01-01 01:00:30.500000
ev1,27.94,:J23_1,12248.86,-E112,1133.14,evehicle,96.34,2026-01-01 01:00:31
ev1,28.55,:J23_1,12248.86,-E112,1133.14,evehicle,96.34,2026-01-01 01:00:31.500000
ev1,29.02,:J23_1,12248.86,-E112,1133.14,evehicle,96.34,2026-01-01 01:00:32
ev1,28.44,:J23_1,12248.86,-E112,1133.14,evehicle,96.34,2026-01-01 01:00:32.500000
ev1,27.83,-E12,12272.52,-E112,1109.48,evehicle,96.34,2026-01-01 01:00:33
ev1,30.24,-E12,12276.72,-E112,1105.28,evehicle,96.34,2026-01-01 01:00:33.500000
ev1,33.7,-E12,12281.39,-E112,1100.61,evehicle,96.31,2026-01-01 01:00:34
ev1,38.3,-E12,12286.72,-E112,1095.28,evehicle,96.31,2026-01-01 01:00:34.500000
ev1,42.7,-E12,12292.65,-E112,1089.35,evehicle,96.29,2026-01-01 01:00:35
ev1,45.97,-E12,12299.03,-E112,1082.97,evehicle,96.26,2026-01-01 01:00:35.500000
ev1,45.14,:J8_1,12299.03,-E112,1082.97,evehicle,96.26,2026-01-01 01:00:36
ev1,46.12,:J8_1,12299.03,-E112,1082.97,evehicle,96.26,2026-01-01 01:00:36.500000
ev1,46.22,:J8_1,12299.03,-E112,1082.97,evehicle,96.26,2026-01-01 01:00:37
ev1,45.14,-maxwell,12324.39,-E112,1057.61,evehicle,96.26,2026-01-01 01:00:37.500000
ev1,45.79,-maxwell,12330.75,-E112,1051.25,evehicle,96.26,2026-01-01 01:00:38
ev1,40.64,-maxwell,12336.4,-E112,1045.6,evehicle,96.29,2026-01-01 01:00:38.500000
ev1,32.54,-maxwell,12340.91,-E112,1041.09,evehicle,96.31,2026-01-01 01:00:39
ev1,25.38,-maxwell,12344.44,-E112,1037.56,evehicle,96.34,2026-01-01 01:00:39.500000
ev1,30.06,-maxwell,12348.61,-E112,1033.39,evehicle,96.31,2026-01-01 01:00:40
ev1,33.84,:J1_1,12348.61,-E112,1033.39,evehicle,96.31,2026-01-01 01:00:40.500000
ev1,33.23,:J1_1,12348.61,-E112,1033.39,evehicle,96.31,2026-01-01 01:00:41
ev1,35.32,:J1_1,12348.61,-E112,1033.39,evehicle,96.29,2026-01-01 01:00:41.500000
ev1,33.59,:J1_1,12348.61,-E112,1033.39,evehicle,96.31,2026-01-01 01:00:42
ev1,35.46,:J1_1,12348.61,-E112,1033.39,evehicle,96.29,2026-01-01 01:00:42.500000
ev1,33.37,-joulesD,12377.06,-E112,1004.94,evehicle,96.29,2026-01-01 01:00:43
ev1,37.4,-joulesD,12382.26,-E112,999.74,evehicle,96.29,2026-01-01 01:00:43.500000
ev1,40.93,-joulesD,12387.94,-E112,994.06,evehicle,96.26,2026-01-01 01:00:44
ev1,41.98,-joulesD,12393.77,-E112,988.23,evehicle,96.26,2026-01-01 01:00:44.500000
ev1,35.32,-joulesD,12398.68,-E112,983.32,evehicle,96.29,2026-01-01 01:00:45
ev1,27.32,-joulesD,12402.47,-E112,979.53,evehicle,96.31,2026-01-01 01:00:45.500000
ev1,20.66,:J3_8,12402.47,-E112,979.53,evehicle,96.31,2026-01-01 01:00:46
ev1,20.3,:J3_8,12402.47,-E112,979.53,evehicle,96.31,2026-01-01 01:00:46.500000
ev1,22.21,:J3_8,12402.47,-E112,979.53,evehicle,96.31,2026-01-01 01:00:47
ev1,22.0,newton,12414.3,-E112,967.7,evehicle,96.31,2026-01-01 01:00:47.500000
ev1,24.95,newton,12417.77,-E112,964.23,evehicle,96.31,2026-01-01 01:00:48
ev1,29.63,newton,12421.89,-E112,960.11,evehicle,96.29,2026-01-01 01:00:48.500000
ev1,32.58,newton,12426.41,-E112,955.59,evehicle,96.29,2026-01-01 01:00:49
ev1,35.1,newton,12431.28,-E112,950.72,evehicle,96.29,2026-01-01 01:00:49.500000
ev1,27.47,newton,12435.1,-E112,946.9,evehicle,96.29,2026-01-01 01:00:50
ev1,19.37,newton,12437.79,-E112,944.21,evehicle,96.31,2026-01-01 01:00:50.500000
ev1,11.27,newton,12439.36,-E112,942.64,evehicle,96.34,2026-01-01 01:00:51
ev1,3.42,newton,12439.83,-E112,942.17,evehicle,96.34,2026-01-01 01:00:51.500000
ev1,0.61,newton,12439.92,-E112,942.08,evehicle,96.34,2026-01-01 01:00:52
ev1,0.14,newton,12439.93,-E112,942.07,evehicle,96.34,2026-01-01 01:00:52.500000
ev1,0.04,newton,12439.94,-E112,942.06,evehicle,96.34,2026-01-01 01:00:53
ev1,0.0,newton,12439.94,-E112,942.06,evehicle,96.34,2026-01-01 01:00:53.500000
ev1,0.0,newton,12439.94,-E112,942.06,evehicle,96.34,2026-01-01 01:00:54
ev1,0.0,newton,12439.94,-E112,942.06,evehicle,96.34,2026-01-01 01:00:54.500000
ev1,0.0,newton,12439.94,-E112,942.06,evehicle,96.34,2026-01-01 01:00:55
ev1,0.0,newton,12439.94,-E112,942.06,evehicle,96.34,2026-01-01 01:00:55.500000
ev1,0.0,newton,12439.94,-E112,942.06,evehicle,96.34,2026-01-01 01:00:56
ev1,0.0,newton,12439.94,-E112,942.06,evehicle,96.34,2026-01-01 01:00:56.500000
ev1,0.0,newton,12439.94,-E112,942.06,evehicle,96.34,2026-01-01 01:00:57
ev1,0.0,newton,12439.94,-E112,942.06,evehicle,96.34,2026-01-01 01:00:57.500000
ev1,0.0,newton,12439.94,-E112,942.06,evehicle,96.34,2026-01-01 01:00:58
ev1,0.0,newton,12439.94,-E112,942.06,evehicle,96.34,2026-01-01 01:00:58.500000
ev1,0.0,newton,12439.94,-E112,942.06,evehicle,96.34,2026-01-01 01:00:59
ev1,0.0,newton,12439.94,-E112,942.06,evehicle,96.34,2026-01-01 01:00:59.500000
ev1,0.0,newton,12439.94,-E112,942.06,evehicle,96.34,2026-01-01 01:01:00
ev1,0.0,newton,12439.94,-E112,942.06,evehicle,96.34,2026-01-01 01:01:00.500000
ev1,0.0,newton,12439.94,-E112,942.06,evehicle,96.34,2026-01-01 01:01:01
ev1,0.0,newton,12439.94,-E112,942.06,evehicle,96.34,2026-01-01 01:01:01.500000
ev1,0.0,newton,12439.94,-E112,942.06,evehicle,96.34,2026-01-01 01:01:02
ev1,0.0,newton,12439.94,-E112,942.06,evehicle,96.34,2026-01-01 01:01:02.500000
ev1,0.0,newton,12439.94,-E112,942.06,evehicle,96.34,2026-01-01 01:01:03
ev1,0.0,newton,12439.94,-E112,942.06,evehicle,96.34,2026-01-01 01:01:03.500000
ev1,0.0,newton,12439.94,-E112,942.06,evehicle,96.34,2026-01-01 01:01:04
ev1,0.0,newton,12439.94,-E112,942.06,evehicle,96.34,2026-01-01 01:01:04.500000
ev1,0.0,newton,12439.94,-E112,942.06,evehicle,96.34,2026-01-01 01:01:05
ev1,0.0,newton,12439.94,-E112,942.06,evehicle,96.34,2026-01-01 01:01:05.500000
ev1,0.0,newton,12439.94,-E112,942.06,evehicle,96.34,2026-01-01 01:01:06
ev1,0.0,newton,12439.94,-E112,942.06,evehicle,96.34,2026-01-01 01:01:06.500000
ev1,0.0,newton,12439.94,-E112,942.06,evehicle,96.34,2026-01-01 01:01:07
ev1,0.0,newton,12439.94,-E112,942.06,evehicle,96.34,2026-01-01 01:01:07.500000
ev1,0.0,newton,12439.94,-E112,942.06,evehicle,96.34,2026-01-01 01:01:08
ev1,0.0,newton,12439.94,-E112,942.06,evehicle,96.34,2026-01-01 01:01:08.500000
ev1,0.0,newton,12439.94,-E112,942.06,evehicle,96.34,2026-01-01 01:01:09
ev1,0.0,newton,12439.94,-E112,942.06,evehicle,96.34,2026-01-01 01:01:09.500000
ev1,0.0,newton,12439.94,-E112,942.06,evehicle,96.34,2026-01-01 01:01:10
ev1,0.0,newton,12439.94,-E112,942.06,evehicle,96.34,2026-01-01 01:01:10.500000
ev1,0.0,newton,12439.94,-E112,942.06,evehicle,96.34,2026-01-01 01:01:11
ev1,0.0,newton,12439.94,-E112,942.06,evehicle,96.34,2026-01-01 01:01:11.500000
ev1,0.0,newton,12439.94,-E112,942.06,evehicle,96.34,2026-01-01 01:01:12
ev1,0.0,newton,12439.94,-E112,942.06,evehicle,96.34,2026-01-01 01:01:12.500000
ev1,0.0,newton,12439.94,-E112,942.06,evehicle,96.34,2026-01-01 01:01:13
ev1,0.0,newton,12439.94,-E112,942.06,evehicle,96.34,2026-01-01 01:01:13.500000
ev1,0.0,newton,12439.94,-E112,942.06,evehicle,96.34,2026-01-01 01:01:14
ev1,0.0,newton,12439.94,-E112,942.06,evehicle,96.34,2026-01-01 01:01:14.500000
ev1,0.0,newton,12439.94,-E112,942.06,evehicle,96.34,2026-01-01 01:01:15
ev1,0.0,newton,12439.94,-E112,942.06,evehicle,96.34,2026-01-01 01:01:15.500000
ev1,0.0,newton,12439.94,-E112,942.06,evehicle,96.34,2026-01-01 01:01:16
ev1,0.0,newton,12439.94,-E112,942.06,evehicle,96.34,2026-01-01 01:01:16.500000
ev1,0.0,newton,12439.94,-E112,942.06,evehicle,96.34,2026-01-01 01:01:17
ev1,0.0,newton,12439.94,-E112,942.06,evehicle,96.34,2026-01-01 01:01:17.500000
ev1,0.0,newton,12439.94,-E112,942.06,evehicle,96.34,2026-01-01 01:01:18
ev1,0.0,newton,12439.94,-E112,942.06,evehicle,96.34,2026-01-01 01:01:18.500000
ev1,0.0,newton,12439.94,-E112,942.06,evehicle,96.34,2026-01-01 01:01:19
ev1,0.0,newton,12439.94,-E112,942.06,evehicle,96.34,2026-01-01 01:01:19.500000
ev1,0.0,newton,12439.94,-E112,942.06,evehicle,96.34,2026-01-01 01:01:20
ev1,0.0,newton,12439.94,-E112,942.06,evehicle,96.34,2026-01-01 01:01:20.500000
ev1,0.0,newton,12439.94,-E112,942.06,evehicle,96.34,2026-01-01 01:01:21
ev1,0.0,newton,12439.94,-E112,942.06,evehicle,96.34,2026-01-01 01:01:21.500000
ev1,0.0,newton,12439.94,-E112,942.06,evehicle,96.34,2026-01-01 01:01:22
ev1,0.0,newton,12439.94,-E112,942.06,evehicle,96.34,2026-01-01 01:01:22.500000
ev1,0.0,newton,12439.94,-E112,942.06,evehicle,96.34,2026-01-01 01:01:23
ev1,0.0,newton,12439.94,-E112,942.06,evehicle,96.34,2026-01-01 01:01:23.500000
ev1,0.0,newton,12439.94,-E112,942.06,evehicle,96.34,2026-01-01 01:01:24
ev1,0.0,newton,12439.94,-E112,942.06,evehicle,96.34,2026-01-01 01:01:24.500000
ev1,0.0,newton,12439.94,-E112,942.06,evehicle,96.34,2026-01-01 01:01:25
ev1,0.0,newton,12439.94,-E112,942.06,evehicle,96.34,2026-01-01 01:01:25.500000
ev1,0.0,newton,12439.94,-E112,942.06,evehicle,96.34,2026-01-01 01:01:26
ev1,0.0,newton,12439.94,-E112,942.06,evehicle,96.34,2026-01-01 01:01:26.500000
ev1,0.0,newton,12439.94,-E112,942.06,evehicle,96.34,2026-01-01 01:01:27
ev1,0.0,newton,12439.94,-E112,942.06,evehicle,96.34,2026-01-01 01:01:27.500000
ev1,0.0,newton,12439.94,-E112,942.06,evehicle,96.34,2026-01-01 01:01:28
ev1,0.0,newton,12439.94,-E112,942.06,evehicle,96.34,2026-01-01 01:01:28.500000
ev1,0.0,newton,12439.94,-E112,942.06,evehicle,96.34,2026-01-01 01:01:29
ev1,0.0,newton,12439.94,-E112,942.06,evehicle,96.34,2026-01-01 01:01:29.500000
ev1,0.0,newton,12439.94,-E112,942.06,evehicle,96.34,2026-01-01 01:01:30
ev1,4.39,newton,12440.55,-E112,941.45,evehicle,96.34,2026-01-01 01:01:30.500000
ev1,6.8,:J9_1,12440.55,-E112,941.45,evehicle,96.34,2026-01-01 01:01:31
ev1,9.79,:J9_1,12440.55,-E112,941.45,evehicle,96.34,2026-01-01 01:01:31.500000
ev1,13.39,:J9_1,12440.55,-E112,941.45,evehicle,96.31,2026-01-01 01:01:32
ev1,17.28,:J9_1,12440.55,-E112,941.45,evehicle,96.31,2026-01-01 01:01:32.500000
ev1,21.53,:J9_1,12440.55,-E112,941.45,evehicle,96.31,2026-01-01 01:01:33
ev1,24.8,:J9_1,12440.55,-E112,941.45,evehicle,96.29,2026-01-01 01:01:33.500000
ev1,29.34,E21,12457.63,-E112,924.37,evehicle,96.29,2026-01-01 01:01:34
ev1,33.12,E21,12462.23,-E112,919.77,evehicle,96.26,2026-01-01 01:01:34.500000
ev1,37.22,E21,12467.4,-E112,914.6,evehicle,96.26,2026-01-01 01:01:35
ev1,41.54,E21,12473.17,-E112,908.83,evehicle,96.23,2026-01-01 01:01:35.500000
ev1,45.14,E21,12479.44,-E112,902.56,evehicle,96.2,2026-01-01 01:01:36
ev1,47.2,E21,12485.99,-E112,896.01,evehicle,96.2,2026-01-01 01:01:36.500000
ev1,45.54,:J32_1,12485.99,-E112,896.01,evehicle,96.2,2026-01-01 01:01:37
ev1,46.3,:J32_1,12485.99,-E112,896.01,evehicle,96.2,2026-01-01 01:01:37.500000
ev1,47.02,:J32_1,12485.99,-E112,896.01,evehicle,96.2,2026-01-01 01:01:38
ev1,46.04,E24,12511.67,-E112,870.33,evehicle,96.2,2026-01-01 01:01:38.500000
ev1,46.62,E24,12518.14,-E112,863.86,evehicle,96.2,2026-01-01 01:01:39
ev1,45.25,E24,12524.43,-E112,857.57,evehicle,96.2,2026-01-01 01:01:39.500000
ev1,45.22,E24,12530.71,-E112,851.29,evehicle,96.2,2026-01-01 01:01:40
ev1,38.66,E24,12536.08,-E112,845.92,evehicle,96.23,2026-01-01 01:01:40.500000
ev1,32.87,E24,12540.64,-E112,841.36,evehicle,96.26,2026-01-01 01:01:41
ev1,28.12,:J35_1,12540.64,-E112,841.36,evehicle,96.26,2026-01-01 01:01:41.500000
ev1,27.5,:J35_1,12540.64,-E112,841.36,evehicle,96.26,2026-01-01 01:01:42
ev1,29.3,:J35_1,12540.64,-E112,841.36,evehicle,96.26,2026-01-01 01:01:42.500000
ev1,29.05,:J35_1,12540.64,-E112,841.36,evehicle,96.26,2026-01-01 01:01:43
ev1,28.44,E25,12560.42,-E112,821.58,evehicle,96.26,2026-01-01 01:01:43.500000
ev1,32.04,E25,12564.87,-E112,817.13,evehicle,96.23,2026-01-01 01:01:44
ev1,36.25,E25,12569.91,-E112,812.09,evehicle,96.23,2026-01-01 01:01:44.500000
ev1,40.93,E25,12575.59,-E112,806.41,evehicle,96.2,2026-01-01 01:01:45
ev1,36.11,E25,12580.61,-E112,801.39,evehicle,96.23,2026-01-01 01:01:45.500000
ev1,28.94,E25,12584.63,-E112,797.37,evehicle,96.26,2026-01-01 01:01:46
ev1,21.24,:J36_4,12584.63,-E112,797.37,evehicle,96.26,2026-01-01 01:01:46.500000
ev1,22.18,:J36_4,12584.63,-E112,797.37,evehicle,96.26,2026-01-01 01:01:47
ev1,21.71,:J36_4,12584.63,-E112,797.37,evehicle,96.26,2026-01-01 01:01:47.500000
ev1,21.74,E111,12596.7,-E112,785.3,evehicle,96.26,2026-01-01 01:01:48
ev1,24.52,E111,12600.1,-E112,781.9,evehicle,96.26,2026-01-01 01:01:48.500000
ev1,27.9,E111,12603.97,-E112,778.03,evehicle,96.23,2026-01-01 01:01:49
ev1,32.22,E111,12608.45,-E112,773.55,evehicle,96.23,2026-01-01 01:01:49.500000
ev1,34.88,E111,12613.29,-E112,768.71,evehicle,96.2,2026-01-01 01:01:50
ev1,37.44,E111,12618.49,-E112,763.51,evehicle,96.2,2026-01-01 01:01:50.500000
ev1,39.92,E111,12624.04,-E112,757.96,evehicle,96.2,2026-01-01 01:01:51
ev1,37.26,E111,12629.21,-E112,752.79,evehicle,96.2,2026-01-01 01:01:51.500000
ev1,30.71,E111,12633.48,-E112,748.52,evehicle,96.23,2026-01-01 01:01:52
ev1,24.05,E111,12636.82,-E112,745.18,evehicle,96.23,2026-01-01 01:01:52.500000
ev1,25.02,:J75_0,12636.82,-E112,745.18,evehicle,96.23,2026-01-01 01:01:53
ev1,24.16,:J75_0,12636.82,-E112,745.18,evehicle,96.23,2026-01-01 01:01:53.500000
ev1,24.3,:J75_0,12636.82,-E112,745.18,evehicle,96.23,2026-01-01 01:01:54
ev1,24.95,:J75_0,12636.82,-E112,745.18,evehicle,96.23,2026-01-01 01:01:54.500000
ev1,22.75,-ohm,12653.64,-E112,731.06,evehicle,96.23,2026-01-01 01:01:55
ev1,27.22,-ohm,12657.42,-E112,727.28,evehicle,96.23,2026-01-01 01:01:55.500000
ev1,30.71,-ohm,12661.69,-E112,723.01,evehicle,96.2,2026-01-01 01:01:56
ev1,35.21,-ohm,12666.58,-E112,718.12,evehicle,96.2,2026-01-01 01:01:56.500000
ev1,39.67,-ohm,12672.09,-E112,712.61,evehicle,96.17,2026-01-01 01:01:57
ev1,44.32,-ohm,12678.24,-E112,706.46,evehicle,96.14,2026-01-01 01:01:57.500000
ev1,48.92,-ohm,12685.04,-E112,699.66,evehicle,96.11,2026-01-01 01:01:58
ev1,51.8,-ohm,12692.23,-E112,692.47,evehicle,96.11,2026-01-01 01:01:58.500000
ev1,55.76,-ohm,12699.97,-E112,684.73,evehicle,96.09,2026-01-01 01:01:59
ev1,60.3,-ohm,12708.35,-E112,676.35,evehicle,96.03,2026-01-01 01:01:59.500000
ev1,63.86,-ohm,12717.22,-E112,667.48,evehicle,96.0,2026-01-01 01:02:00
ev1,67.46,-ohm,12726.59,-E112,658.11,evehicle,95.97,2026-01-01 01:02:00.500000
ev1,71.39,-ohm,12736.5,-E112,648.2,evehicle,95.94,2026-01-01 01:02:01
ev1,73.87,-ohm,12746.76,-E112,637.94,evehicle,95.91,2026-01-01 01:02:01.500000
ev1,77.9,-ohm,12757.58,-E112,627.12,evehicle,95.89,2026-01-01 01:02:02
ev1,82.04,-ohm,12768.98,-E112,615.72,evehicle,95.83,2026-01-01 01:02:02.500000
ev1,85.79,-ohm,12780.89,-E112,603.81,evehicle,95.8,2026-01-01 01:02:03
ev1,89.6,-ohm,12793.34,-E112,591.36,evehicle,95.74,2026-01-01 01:02:03.500000
ev1,93.24,-ohm,12806.29,-E112,578.41,evehicle,95.71,2026-01-01 01:02:04
ev1,97.85,-ohm,12819.88,-E112,564.82,evehicle,95.66,2026-01-01 01:02:04.500000
ev1,101.02,:J74_7,12819.88,-E112,564.82,evehicle,95.6,2026-01-01 01:02:05
ev1,105.01,:J74_7,12819.88,-E112,564.82,evehicle,95.54,2026-01-01 01:02:05.500000
ev1,107.89,-watt,12863.48,-E112,521.06,evehicle,95.51,2026-01-01 01:02:06
ev1,110.27,-watt,12878.79,-E112,505.75,evehicle,95.46,2026-01-01 01:02:06.500000
ev1,111.49,-watt,12894.28,-E112,490.26,evehicle,95.43,2026-01-01 01:02:07
ev1,112.03,-watt,12909.84,-E112,474.7,evehicle,95.43,2026-01-01 01:02:07.500000
ev1,113.15,-watt,12925.56,-E112,458.98,evehicle,95.4,2026-01-01 01:02:08
ev1,112.97,-watt,12941.25,-E112,443.29,evehicle,95.4,2026-01-01 01:02:08.500000
ev1,112.36,-watt,12956.85,-E112,427.69,evehicle,95.4,2026-01-01 01:02:09
ev1,112.72,-watt,12972.51,-E112,412.03,evehicle,95.37,2026-01-01 01:02:09.500000
ev1,113.26,-watt,12988.24,-E112,396.3,evehicle,95.37,2026-01-01 01:02:10
ev1,113.04,-watt,13003.94,-E112,380.6,evehicle,95.34,2026-01-01 01:02:10.500000
ev1,113.4,-watt,13019.69,-E112,364.85,evehicle,95.34,2026-01-01 01:02:11
ev1,113.22,-watt,13035.41,-E112,349.13,evehicle,95.34,2026-01-01 01:02:11.500000
ev1,113.8,-watt,13051.22,-E112,333.32,evehicle,95.31,2026-01-01 01:02:12
ev1,112.9,-watt,13066.89,-E112,317.65,evehicle,95.31,2026-01-01 01:02:12.500000
ev1,113.33,-watt,13082.63,-E112,301.91,evehicle,95.31,2026-01-01 01:02:13
ev1,112.9,-watt,13098.31,-E112,286.23,evehicle,95.31,2026-01-01 01:02:13.500000
ev1,113.51,-watt,13114.08,-E112,270.46,evehicle,95.29,2026-01-01 01:02:14
ev1,113.4,-watt,13129.83,-E112,254.71,evehicle,95.29,2026-01-01 01:02:14.500000
ev1,111.71,:J73_7,13129.83,-E112,254.71,evehicle,95.29,2026-01-01 01:02:15
ev1,112.97,-arquimedes,13161.03,-E112,223.35,evehicle,95.26,2026-01-01 01:02:15.500000
ev1,112.9,-arquimedes,13176.71,-E112,207.67,evehicle,95.26,2026-01-01 01:02:16
ev1,111.89,-arquimedes,13192.25,-E112,192.13,evehicle,95.26,2026-01-01 01:02:16.500000
ev1,113.54,-arquimedes,13208.02,-E112,176.36,evehicle,95.23,2026-01-01 01:02:17
ev1,112.57,-arquimedes,13223.66,-E112,160.72,evehicle,95.23,2026-01-01 01:02:17.500000
ev1,108.5,-arquimedes,13238.73,-E112,145.65,evehicle,95.29,2026-01-01 01:02:18
ev1,101.99,-arquimedes,13252.89,-E112,131.49,evehicle,95.34,2026-01-01 01:02:18.500000
ev1,93.89,-arquimedes,13265.93,-E112,118.45,evehicle,95.43,2026-01-01 01:02:19
ev1,85.79,-arquimedes,13277.85,-E112,106.53,evehicle,95.51,2026-01-01 01:02:19.500000
ev1,77.69,-arquimedes,13288.64,-E112,95.74,evehicle,95.57,2026-01-01 01:02:20
ev1,69.59,-arquimedes,13298.3,-E112,86.08,evehicle,95.63,2026-01-01 01:02:20.500000
ev1,61.49,-arquimedes,13306.84,-E112,77.54,evehicle,95.69,2026-01-01 01:02:21
ev1,53.39,-arquimedes,13314.26,-E112,70.12,evehicle,95.74,2026-01-01 01:02:21.500000
ev1,45.29,-arquimedes,13320.55,-E112,63.83,evehicle,95.77,2026-01-01 01:02:22
ev1,37.19,-arquimedes,13325.71,-E112,58.67,evehicle,95.83,2026-01-01 01:02:22.500000
ev1,29.09,-arquimedes,13329.75,-E112,54.63,evehicle,95.86,2026-01-01 01:02:23
ev1,20.99,:J76_5,13329.75,-E112,54.63,evehicle,95.89,2026-01-01 01:02:23.500000
ev1,20.41,:J76_13,13329.75,-E112,54.63,evehicle,95.89,2026-01-01 01:02:24
ev1,19.91,:J76_13,13329.75,-E112,54.63,evehicle,95.89,2026-01-01 01:02:24.500000
ev1,19.4,:J76_13,13329.75,-E112,54.63,evehicle,95.89,2026-01-01 01:02:25
ev1,18.9,:J76_13,13329.75,-E112,54.63,evehicle,95.89,2026-01-01 01:02:25.500000
ev1,18.47,-E112,13346.15,-E112,43.4,evehicle,95.89,2026-01-01 01:02:26
ev1,17.93,-E112,13348.64,-E112,40.91,evehicle,95.89,2026-01-01 01:02:26.500000
ev1,17.35,-E112,13351.05,-E112,38.5,evehicle,95.89,2026-01-01 01:02:27
ev1,16.81,-E112,13353.39,-E112,36.16,evehicle,95.89,2026-01-01 01:02:27.500000
ev1,16.27,-E112,13355.65,-E112,33.9,evehicle,95.89,2026-01-01 01:02:28
ev1,15.73,-E112,13357.83,-E112,31.72,evehicle,95.89,2026-01-01 01:02:28.500000
ev1,15.19,-E112,13359.94,-E112,29.61,evehicle,95.89,2026-01-01 01:02:29
ev1,14.65,-E112,13361.98,-E112,27.57,evehicle,95.89,2026-01-01 01:02:29.500000
ev1,14.11,-E112,13363.94,-E112,25.61,evehicle,95.89,2026-01-01 01:02:30
ev1,13.57,-E112,13365.83,-E112,23.72,evehicle,95.89,2026-01-01 01:02:30.500000
ev1,13.03,-E112,13367.64,-E112,21.91,evehicle,95.89,2026-01-01 01:02:31
ev1,12.49,-E112,13369.37,-E112,20.18,evehicle,95.89,2026-01-01 01:02:31.500000
ev1,11.95,-E112,13371.03,-E112,18.52,evehicle,95.89,2026-01-01 01:02:32
ev1,11.41,-E112,13372.62,-E112,16.93,evehicle,95.89,2026-01-01 01:02:32.500000
ev1,10.91,-E112,13374.13,-E112,15.42,evehicle,95.89,2026-01-01 01:02:33
ev1,10.37,-E112,13375.57,-E112,13.98,evehicle,95.89,2026-01-01 01:02:33.500000
ev1,9.83,-E112,13376.94,-E112,12.61,evehicle,95.89,2026-01-01 01:02:34
ev1,9.29,-E112,13378.23,-E112,11.32,evehicle,95.89,2026-01-01 01:02:34.500000
ev1,8.75,-E112,13379.44,-E112,10.11,evehicle,95.89,2026-01-01 01:02:35
ev1,8.24,-E112,13380.59,-E112,8.96,evehicle,95.89,2026-01-01 01:02:35.500000
ev1,0.14,-E112,13380.6,-E112,8.95,evehicle,95.89,2026-01-01 01:02:36
ev1,0.0,-E112,13380.6,-E111,825.81,evehicle,95.89,2026-01-01 01:02:36.500000
ev1,0.0,-E112,13380.6,-E111,825.81,evehicle,95.89,2026-01-01 01:02:37
ev1,0.0,-E112,13380.6,-E111,825.81,evehicle,95.89,2026-01-01 01:02:37.500000
ev1,0.0,-E112,13380.6,-E111,825.81,evehicle,95.89,2026-01-01 01:02:38
ev1,0.0,-E112,13380.6,-E111,825.81,evehicle,95.89,2026-01-01 01:02:38.500000
ev1,0.0,-E112,13380.6,-E111,825.81,evehicle,95.89,2026-01-01 01:02:39
ev1,0.0,-E112,13380.6,-E111,825.81,evehicle,95.89,2026-01-01 01:02:39.500000
ev1,0.0,-E112,13380.6,-E111,825.81,evehicle,95.89,2026-01-01 01:02:40
ev1,0.0,-E112,13380.6,-E111,825.81,evehicle,95.89,2026-01-01 01:02:40.500000
ev1,0.0,-E112,13380.6,-E111,825.81,evehicle,95.89,2026-01-01 01:02:41
ev1,0.0,-E112,13380.6,-E111,825.81,evehicle,95.89,2026-01-01 01:02:41.500000
ev1,0.0,-E112,13380.6,-E111,825.81,evehicle,95.89,2026-01-01 01:02:42
ev1,0.0,-E112,13380.6,-E111,825.81,evehicle,95.89,2026-01-01 01:02:42.500000
ev1,0.0,-E112,13380.6,-E111,825.81,evehicle,95.89,2026-01-01 01:02:43
ev1,0.0,-E112,13380.6,-E111,825.81,evehicle,95.89,2026-01-01 01:02:43.500000
ev1,0.0,-E112,13380.6,-E111,825.81,evehicle,95.89,2026-01-01 01:02:44
ev1,0.0,-E112,13380.6,-E111,825.81,evehicle,95.89,2026-01-01 01:02:44.500000
ev1,0.0,-E112,13380.6,-E111,825.81,evehicle,95.89,2026-01-01 01:02:45
ev1,0.0,-E112,13380.6,-E111,825.81,evehicle,95.89,2026-01-01 01:02:45.500000
ev1,0.0,-E112,13380.6,-E111,825.81,evehicle,95.89,2026-01-01 01:02:46
ev1,0.0,-E112,13380.6,-E111,825.81,evehicle,95.89,2026-01-01 01:02:46.500000
ev1,0.0,-E112,13380.6,-E111,825.81,evehicle,95.89,2026-01-01 01:02:47
ev1,0.0,-E112,13380.6,-E111,825.81,evehicle,95.89,2026-01-01 01:02:47.500000
ev1,0.0,-E112,13380.6,-E111,825.81,evehicle,95.89,2026-01-01 01:02:48
ev1,0.0,-E112,13380.6,-E111,825.81,evehicle,95.89,2026-01-01 01:02:48.500000
ev1,0.0,-E112,13380.6,-E111,825.81,evehicle,95.89,2026-01-01 01:02:49
ev1,0.0,-E112,13380.6,-E111,825.81,evehicle,95.89,2026-01-01 01:02:49.500000
ev1,0.0,-E112,13380.6,-E111,825.81,evehicle,95.89,2026-01-01 01:02:50
ev1,0.0,-E112,13380.6,-E111,825.81,evehicle,95.89,2026-01-01 01:02:50.500000
ev1,0.0,-E112,13380.6,-E111,825.81,evehicle,95.89,2026-01-01 01:02:51
ev1,0.0,-E112,13380.6,-E111,825.81,evehicle,95.89,2026-01-01 01:02:51.500000
ev1,0.0,-E112,13380.6,-E111,825.81,evehicle,95.89,2026-01-01 01:02:52
ev1,0.0,-E112,13380.6,-E111,825.81,evehicle,95.89,2026-01-01 01:02:52.500000
ev1,0.0,-E112,13380.6,-E111,825.81,evehicle,95.89,2026-01-01 01:02:53
ev1,0.0,-E112,13380.6,-E111,825.81,evehicle,95.89,2026-01-01 01:02:53.500000
ev1,0.0,-E112,13380.6,-E111,825.81,evehicle,95.89,2026-01-01 01:02:54
ev1,0.0,-E112,13380.6,-E111,825.81,evehicle,95.89,2026-01-01 01:02:54.500000
ev1,0.0,-E112,13380.6,-E111,825.81,evehicle,95.89,2026-01-01 01:02:55
ev1,0.0,-E112,13380.6,-E111,825.81,evehicle,95.89,2026-01-01 01:02:55.500000
ev1,0.0,-E112,13380.6,-E111,825.81,evehicle,95.89,2026-01-01 01:02:56
ev1,0.0,-E112,13380.6,-E111,825.81,evehicle,95.89,2026-01-01 01:02:56.500000
ev1,0.0,-E112,13380.6,-E111,825.81,evehicle,95.89,2026-01-01 01:02:57
ev1,0.0,-E112,13380.6,-E111,825.81,evehicle,95.89,2026-01-01 01:02:57.500000
ev1,0.0,-E112,13380.6,-E111,825.81,evehicle,95.89,2026-01-01 01:02:58
ev1,0.0,-E112,13380.6,-E111,825.81,evehicle,95.89,2026-01-01 01:02:58.500000
ev1,0.0,-E112,13380.6,-E111,825.81,evehicle,95.89,2026-01-01 01:02:59
ev1,0.0,-E112,13380.6,-E111,825.81,evehicle,95.89,2026-01-01 01:02:59.500000
ev1,0.0,-E112,13380.6,-E111,825.81,evehicle,95.89,2026-01-01 01:03:00
ev1,0.0,-E112,13380.6,-E111,825.81,evehicle,95.89,2026-01-01 01:03:00.500000
ev1,0.0,-E112,13380.6,-E111,825.81,evehicle,95.89,2026-01-01 01:03:01
ev1,0.0,-E112,13380.6,-E111,825.81,evehicle,95.89,2026-01-01 01:03:01.500000
ev1,0.0,-E112,13380.6,-E111,825.81,evehicle,95.89,2026-01-01 01:03:02
ev1,0.0,-E112,13380.6,-E111,825.81,evehicle,95.89,2026-01-01 01:03:02.500000
ev1,0.0,-E112,13380.6,-E111,825.81,evehicle,95.89,2026-01-01 01:03:03
ev1,0.0,-E112,13380.6,-E111,825.81,evehicle,95.89,2026-01-01 01:03:03.500000
ev1,0.0,-E112,13380.6,-E111,825.81,evehicle,95.89,2026-01-01 01:03:04
ev1,0.0,-E112,13380.6,-E111,825.81,evehicle,95.89,2026-01-01 01:03:04.500000
ev1,0.0,-E112,13380.6,-E111,825.81,evehicle,95.89,2026-01-01 01:03:05
ev1,0.0,-E112,13380.6,-E111,825.81,evehicle,95.89,2026-01-01 01:03:05.500000
ev1,0.0,-E112,13380.6,-E111,825.81,evehicle,95.89,2026-01-01 01:03:06
ev1,0.0,-E112,13380.6,-E111,825.81,evehicle,95.89,2026-01-01 01:03:06.500000
ev1,0.0,-E112,13380.6,-E111,825.81,evehicle,95.89,2026-01-01 01:03:07
ev1,0.0,-E112,13380.6,-E111,825.81,evehicle,95.89,2026-01-01 01:03:07.500000
ev1,0.0,-E112,13380.6,-E111,825.81,evehicle,95.89,2026-01-01 01:03:08
ev1,0.0,-E112,13380.6,-E111,825.81,evehicle,95.89,2026-01-01 01:03:08.500000
ev1,0.0,-E112,13380.6,-E111,825.81,evehicle,95.89,2026-01-01 01:03:09
ev1,0.0,-E112,13380.6,-E111,825.81,evehicle,95.89,2026-01-01 01:03:09.500000
ev1,0.0,-E112,13380.6,-E111,825.81,evehicle,95.89,2026-01-01 01:03:10
ev1,0.0,-E112,13380.6,-E111,825.81,evehicle,95.89,2026-01-01 01:03:10.500000
ev1,0.0,-E112,13380.6,-E111,825.81,evehicle,95.89,2026-01-01 01:03:11
ev1,0.0,-E112,13380.6,-E111,825.81,evehicle,95.89,2026-01-01 01:03:11.500000
ev1,0.0,-E112,13380.6,-E111,825.81,evehicle,95.89,2026-01-01 01:03:12
ev1,0.0,-E112,13380.6,-E111,825.81,evehicle,95.89,2026-01-01 01:03:12.500000
ev1,0.0,-E112,13380.6,-E111,825.81,evehicle,95.89,2026-01-01 01:03:13
ev1,0.0,-E112,13380.6,-E111,825.81,evehicle,95.89,2026-01-01 01:03:13.500000
ev1,0.0,-E112,13380.6,-E111,825.81,evehicle,95.89,2026-01-01 01:03:14
ev1,0.0,-E112,13380.6,-E111,825.81,evehicle,95.89,2026-01-01 01:03:14.500000
ev1,0.0,-E112,13380.6,-E111,825.81,evehicle,95.89,2026-01-01 01:03:15
ev1,0.0,-E112,13380.6,-E111,825.81,evehicle,95.89,2026-01-01 01:03:15.500000
ev1,0.0,-E112,13380.6,-E111,825.81,evehicle,95.89,2026-01-01 01:03:16
ev1,0.0,-E112,13380.6,-E111,825.81,evehicle,95.89,2026-01-01 01:03:16.500000
ev1,0.0,-E112,13380.6,-E111,825.81,evehicle,95.89,2026-01-01 01:03:17
ev1,0.0,-E112,13380.6,-E111,825.81,evehicle,95.89,2026-01-01 01:03:17.500000
ev1,0.0,-E112,13380.6,-E111,825.81,evehicle,95.89,2026-01-01 01:03:18
ev1,0.0,-E112,13380.6,-E111,825.81,evehicle,95.89,2026-01-01 01:03:18.500000
ev1,0.0,-E112,13380.6,-E111,825.81,evehicle,95.89,2026-01-01 01:03:19
ev1,0.0,-E112,13380.6,-E111,825.81,evehicle,95.89,2026-01-01 01:03:19.500000
ev1,0.0,-E112,13380.6,-E111,825.81,evehicle,95.89,2026-01-01 01:03:20
ev1,0.0,-E112,13380.6,-E111,825.81,evehicle,95.89,2026-01-01 01:03:20.500000
ev1,0.0,-E112,13380.6,-E111,825.81,evehicle,95.89,2026-01-01 01:03:21
ev1,0.0,-E112,13380.6,-E111,825.81,evehicle,95.89,2026-01-01 01:03:21.500000
ev1,0.0,-E112,13380.6,-E111,825.81,evehicle,95.89,2026-01-01 01:03:22
ev1,0.0,-E112,13380.6,-E111,825.81,evehicle,95.89,2026-01-01 01:03:22.500000
ev1,0.0,-E112,13380.6,-E111,825.81,evehicle,95.89,2026-01-01 01:03:23
ev1,0.0,-E112,13380.6,-E111,825.81,evehicle,95.89,2026-01-01 01:03:23.500000
ev1,0.0,-E112,13380.6,-E111,825.81,evehicle,95.89,2026-01-01 01:03:24
ev1,0.0,-E112,13380.6,-E111,825.81,evehicle,95.89,2026-01-01 01:03:24.500000
ev1,0.0,-E112,13380.6,-E111,825.81,evehicle,95.89,2026-01-01 01:03:25
ev1,0.0,-E112,13380.6,-E111,825.81,evehicle,95.89,2026-01-01 01:03:25.500000
ev1,0.0,-E112,13380.6,-E111,825.81,evehicle,95.89,2026-01-01 01:03:26
ev1,0.0,-E112,13380.6,-E111,825.81,evehicle,95.89,2026-01-01 01:03:26.500000
ev1,0.0,-E112,13380.6,-E111,825.81,evehicle,95.89,2026-01-01 01:03:27
ev1,0.0,-E112,13380.6,-E111,825.81,evehicle,95.89,2026-01-01 01:03:27.500000
ev1,0.0,-E112,13380.6,-E111,825.81,evehicle,95.89,2026-01-01 01:03:28
ev1,0.0,-E112,13380.6,-E111,825.81,evehicle,95.89,2026-01-01 01:03:28.500000
ev1,0.0,-E112,13380.6,-E111,825.81,evehicle,95.89,2026-01-01 01:03:29
ev1,0.0,-E112,13380.6,-E111,825.81,evehicle,95.89,2026-01-01 01:03:29.500000
ev1,0.0,-E112,13380.6,-E111,825.81,evehicle,95.89,2026-01-01 01:03:30
ev1,0.0,-E112,13380.6,-E111,825.81,evehicle,95.89,2026-01-01 01:03:30.500000
ev1,0.0,-E112,13380.6,-E111,825.81,evehicle,95.89,2026-01-01 01:03:31
ev1,0.0,-E112,13380.6,-E111,825.81,evehicle,95.89,2026-01-01 01:03:31.500000
ev1,0.0,-E112,13380.6,-E111,825.81,evehicle,95.89,2026-01-01 01:03:32
ev1,0.0,-E112,13380.6,-E111,825.81,evehicle,95.89,2026-01-01 01:03:32.500000
ev1,0.0,-E112,13380.6,-E111,825.81,evehicle,95.89,2026-01-01 01:03:33
ev1,0.0,-E112,13380.6,-E111,825.81,evehicle,95.89,2026-01-01 01:03:33.500000
ev1,0.0,-E112,13380.6,-E111,825.81,evehicle,95.89,2026-01-01 01:03:34
ev1,0.0,-E112,13380.6,-E111,825.81,evehicle,95.89,2026-01-01 01:03:34.500000
ev1,0.0,-E112,13380.6,-E111,825.81,evehicle,95.89,2026-01-01 01:03:35
ev1,0.0,-E112,13380.6,-E111,825.81,evehicle,95.89,2026-01-01 01:03:35.500000
ev1,0.0,-E112,13380.6,-E111,825.81,evehicle,95.89,2026-01-01 01:03:36
ev1,0.0,-E112,13380.6,-E111,825.81,evehicle,95.89,2026-01-01 01:03:36.500000
ev1,4.25,-E112,13381.2,-E111,825.21,evehicle,95.89,2026-01-01 01:03:37
ev1,8.6,-E112,13382.39,-E111,824.02,evehicle,95.89,2026-01-01 01:03:37.500000
ev1,11.95,-E112,13384.05,-E111,822.36,evehicle,95.89,2026-01-01 01:03:38
ev1,16.13,-E112,13386.29,-E111,820.12,evehicle,95.86,2026-01-01 01:03:38.500000
ev1,20.48,-E112,13389.13,-E111,817.28,evehicle,95.86,2026-01-01 01:03:39
ev1,21.28,:J31_5,13389.13,-E111,817.28,evehicle,95.86,2026-01-01 01:03:39.500000
ev1,21.13,:J31_5,13389.13,-E111,817.28,evehicle,95.86,2026-01-01 01:03:40
ev1,21.35,:J31_5,13389.13,-E111,817.28,evehicle,95.86,2026-01-01 01:03:40.500000
ev1,21.42,-E20,13400.96,-E111,805.45,evehicle,95.86,2026-01-01 01:03:41
ev1,25.56,-E20,13404.51,-E111,801.9,evehicle,95.83,2026-01-01 01:03:41.500000
ev1,28.22,-E20,13408.43,-E111,797.98,evehicle,95.83,2026-01-01 01:03:42
ev1,31.03,-E20,13412.74,-E111,793.67,evehicle,95.83,2026-01-01 01:03:42.500000
ev1,34.49,-E20,13417.53,-E111,788.88,evehicle,95.8,2026-01-01 01:03:43
ev1,28.98,-E20,13421.56,-E111,784.85,evehicle,95.83,2026-01-01 01:03:43.500000
ev1,22.28,-E20,13424.65,-E111,781.76,evehicle,95.83,2026-01-01 01:03:44
ev1,25.88,:J29_4,13424.65,-E111,781.76,evehicle,95.83,2026-01-01 01:03:44.500000
ev1,28.4,:J29_4,13424.65,-E111,781.76,evehicle,95.83,2026-01-01 01:03:45
ev1,32.0,:J29_4,13424.65,-E111,781.76,evehicle,95.8,2026-01-01 01:03:45.500000
ev1,36.4,:J29_4,13424.65,-E111,781.76,evehicle,95.8,2026-01-01 01:03:46
ev1,38.88,:J29_4,13424.65,-E111,781.76,evehicle,95.77,2026-01-01 01:03:46.500000
ev1,41.62,E19,13452.87,-E111,753.54,evehicle,95.77,2026-01-01 01:03:47
ev1,44.75,E19,13459.08,-E111,747.33,evehicle,95.74,2026-01-01 01:03:47.500000
ev1,45.76,E19,13465.44,-E111,740.97,evehicle,95.74,2026-01-01 01:03:48
ev1,46.04,E19,13471.84,-E111,734.57,evehicle,95.74,2026-01-01 01:03:48.500000
ev1,47.27,E19,13478.4,-E111,728.01,evehicle,95.71,2026-01-01 01:03:49
ev1,46.04,:J30_4,13478.4,-E111,728.01,evehicle,95.74,2026-01-01 01:03:49.500000
ev1,46.15,:J30_4,13478.4,-E111,728.01,evehicle,95.71,2026-01-01 01:03:50
ev1,46.94,E28,13497.73,-E111,708.68,evehicle,95.71,2026-01-01 01:03:50.500000
ev1,46.58,E28,13504.2,-E111,702.21,evehicle,95.71,2026-01-01 01:03:51
ev1,47.05,E28,13510.73,-E111,695.68,evehicle,95.71,2026-01-01 01:03:51.500000
ev1,45.68,E28,13517.08,-E111,689.33,evehicle,95.71,2026-01-01 01:03:52
ev1,46.66,E28,13523.56,-E111,682.85,evehicle,95.71,2026-01-01 01:03:52.500000
ev1,45.9,E28,13529.93,-E111,676.48,evehicle,95.71,2026-01-01 01:03:53
ev1,46.8,:J38_4,13529.93,-E111,676.48,evehicle,95.71,2026-01-01 01:03:53.500000
ev1,45.4,:J38_4,13529.93,-E111,676.48,evehicle,95.71,2026-01-01 01:03:54
ev1,46.15,E31,13549.15,-E111,657.26,evehicle,95.71,2026-01-01 01:03:54.500000
ev1,46.66,E31,13555.63,-E111,650.78,evehicle,95.71,2026-01-01 01:03:55
ev1,45.9,E31,13562.01,-E111,644.4,evehicle,95.71,2026-01-01 01:03:55.500000
ev1,43.92,E31,13568.11,-E111,638.3,evehicle,95.71,2026-01-01 01:03:56
ev1,37.12,E31,13573.26,-E111,633.15,evehicle,95.74,2026-01-01 01:03:56.500000
ev1,30.2,E31,13577.46,-E111,628.95,evehicle,95.77,2026-01-01 01:03:57
ev1,22.1,:J41_16,13577.46,-E111,628.95,evehicle,95.8,2026-01-01 01:03:57.500000
ev1,22.18,:J41_16,13577.46,-E111,628.95,evehicle,95.8,2026-01-01 01:03:58
ev1,21.46,:J41_16,13577.46,-E111,628.95,evehicle,95.8,2026-01-01 01:03:58.500000
ev1,20.16,E108,13589.38,-E111,617.03,evehicle,95.8,2026-01-01 01:03:59
ev1,23.94,E108,13592.71,-E111,613.7,evehicle,95.8,2026-01-01 01:03:59.500000
ev1,26.82,E108,13596.43,-E111,609.98,evehicle,95.77,2026-01-01 01:04:00
ev1,29.2,E108,13600.48,-E111,605.93,evehicle,95.77,2026-01-01 01:04:00.500000
ev1,32.11,E108,13604.94,-E111,601.47,evehicle,95.77,2026-01-01 01:04:01
ev1,34.85,E108,13609.78,-E111,596.63,evehicle,95.74,2026-01-01 01:04:01.500000
ev1,37.62,E108,13615.01,-E111,591.4,evehicle,95.74,2026-01-01 01:04:02
ev1,36.9,E108,13620.13,-E111,586.28,evehicle,95.74,2026-01-01 01:04:02.500000
ev1,29.23,E108,13624.19,-E111,582.22,evehicle,95.77,2026-01-01 01:04:03
ev1,22.0,E108,13627.25,-E111,579.16,evehicle,95.77,2026-01-01 01:04:03.500000
ev1,26.68,E108,13630.95,-E111,575.46,evehicle,95.77,2026-01-01 01:04:04
ev1,29.77,:J73_2,13630.95,-E111,575.46,evehicle,95.77,2026-01-01 01:04:04.500000
ev1,31.9,:J73_2,13630.95,-E111,575.46,evehicle,95.74,2026-01-01 01:04:05
ev1,32.29,:J73_2,13630.95,-E111,575.46,evehicle,95.74,2026-01-01 01:04:05.500000
ev1,32.8,:J73_2,13630.95,-E111,575.46,evehicle,95.74,2026-01-01 01:04:06
ev1,33.01,watt,13653.14,-E111,553.27,evehicle,95.74,2026-01-01 01:04:06.500000
ev1,36.79,watt,13658.25,-E111,548.16,evehicle,95.71,2026-01-01 01:04:07
ev1,40.0,watt,13663.81,-E111,542.6,evehicle,95.71,2026-01-01 01:04:07.500000
ev1,43.56,watt,13669.86,-E111,536.55,evehicle,95.69,2026-01-01 01:04:08
ev1,47.38,watt,13676.43,-E111,529.98,evehicle,95.66,2026-01-01 01:04:08.500000
ev1,50.47,watt,13683.44,-E111,522.97,evehicle,95.66,2026-01-01 01:04:09
ev1,54.18,watt,13690.97,-E111,515.44,evehicle,95.63,2026-01-01 01:04:09.500000
ev1,57.78,watt,13698.99,-E111,507.42,evehicle,95.6,2026-01-01 01:04:10
ev1,61.56,watt,13707.54,-E111,498.87,evehicle,95.57,2026-01-01 01:04:10.500000
ev1,64.62,watt,13716.52,-E111,489.89,evehicle,95.54,2026-01-01 01:04:11
ev1,68.87,watt,13726.08,-E111,480.33,evehicle,95.51,2026-01-01 01:04:11.500000
ev1,72.29,watt,13736.12,-E111,470.29,evehicle,95.49,2026-01-01 01:04:12
ev1,76.43,watt,13746.74,-E111,459.67,evehicle,95.43,2026-01-01 01:04:12.500000
ev1,80.78,watt,13757.96,-E111,448.45,evehicle,95.4,2026-01-01 01:04:13
ev1,83.45,watt,13769.55,-E111,436.86,evehicle,95.34,2026-01-01 01:04:13.500000
ev1,86.62,watt,13781.58,-E111,424.83,evehicle,95.31,2026-01-01 01:04:14
ev1,90.11,watt,13794.1,-E111,412.31,evehicle,95.29,2026-01-01 01:04:14.500000
ev1,93.2,watt,13807.04,-E111,399.37,evehicle,95.23,2026-01-01 01:04:15
ev1,95.65,watt,13820.33,-E111,386.08,evehicle,95.2,2026-01-01 01:04:15.500000
ev1,99.9,watt,13834.21,-E111,372.2,evehicle,95.14,2026-01-01 01:04:16
ev1,104.15,watt,13848.67,-E111,357.74,evehicle,95.09,2026-01-01 01:04:16.500000
ev1,107.89,watt,13863.66,-E111,342.75,evehicle,95.03,2026-01-01 01:04:17
ev1,111.24,watt,13879.11,-E111,327.3,evehicle,94.97,2026-01-01 01:04:17.500000
ev1,112.36,watt,13894.72,-E111,311.69,evehicle,94.97,2026-01-01 01:04:18
ev1,112.5,watt,13910.34,-E111,296.07,evehicle,94.94,2026-01-01 01:04:18.500000
ev1,112.54,watt,13925.97,-E111,280.44,evehicle,94.94,2026-01-01 01:04:19
ev1,113.18,:J74_12,13925.97,-E111,280.44,evehicle,94.91,2026-01-01 01:04:19.500000
ev1,112.68,ohm,13957.34,-E111,249.23,evehicle,94.91,2026-01-01 01:04:20
ev1,113.04,ohm,13973.04,-E111,233.53,evehicle,94.91,2026-01-01 01:04:20.500000
ev1,113.0,ohm,13988.74,-E111,217.83,evehicle,94.89,2026-01-01 01:04:21
ev1,112.0,ohm,14004.3,-E111,202.27,evehicle,94.89,2026-01-01 01:04:21.500000
ev1,112.5,ohm,14019.92,-E111,186.65,evehicle,94.89,2026-01-01 01:04:22
ev1,110.56,ohm,14035.28,-E111,171.29,evehicle,94.89,2026-01-01 01:04:22.500000
ev1,103.68,ohm,14049.68,-E111,156.89,evehicle,94.97,2026-01-01 01:04:23
ev1,95.58,ohm,14062.95,-E111,143.62,evehicle,95.06,2026-01-01 01:04:23.500000
ev1,88.6,ohm,14075.26,-E111,131.31,evehicle,95.11,2026-01-01 01:04:24
ev1,80.5,ohm,14086.44,-E111,120.13,evehicle,95.2,2026-01-01 01:04:24.500000
ev1,72.4,ohm,14096.49,-E111,110.08,evehicle,95.26,2026-01-01 01:04:25
ev1,64.3,ohm,14105.42,-E111,101.15,evehicle,95.31,2026-01-01 01:04:25.500000
ev1,56.2,ohm,14113.23,-E111,93.34,evehicle,95.37,2026-01-01 01:04:26
ev1,48.1,ohm,14119.91,-E111,86.66,evehicle,95.43,2026-01-01 01:04:26.500000
ev1,40.0,ohm,14125.46,-E111,81.11,evehicle,95.46,2026-01-01 01:04:27
ev1,31.9,ohm,14129.89,-E111,76.68,evehicle,95.49,2026-01-01 01:04:27.500000
ev1,23.8,:J75_12,14129.89,-E111,76.68,evehicle,95.51,2026-01-01 01:04:28
ev1,23.29,:J75_12,14129.89,-E111,76.68,evehicle,95.51,2026-01-01 01:04:28.500000
ev1,22.79,:J75_14,14129.89,-E111,76.68,evehicle,95.51,2026-01-01 01:04:29
ev1,22.32,:J75_14,14129.89,-E111,76.68,evehicle,95.51,2026-01-01 01:04:29.500000
ev1,21.85,:J75_14,14129.89,-E111,76.68,evehicle,95.51,2026-01-01 01:04:30
ev1,21.42,:J75_14,14129.89,-E111,76.68,evehicle,95.51,2026-01-01 01:04:30.500000
ev1,21.02,:J75_14,14129.89,-E111,76.68,evehicle,95.51,2026-01-01 01:04:31
ev1,20.63,:J75_14,14129.89,-E111,76.68,evehicle,95.51,2026-01-01 01:04:31.500000
ev1,20.23,-E111,14157.3,-E111,41.41,evehicle,95.51,2026-01-01 01:04:32
ev1,19.55,-E111,14160.02,-E111,38.69,evehicle,95.51,2026-01-01 01:04:32.500000
ev1,18.86,-E111,14162.64,-E111,36.07,evehicle,95.51,2026-01-01 01:04:33
ev1,18.18,-E111,14165.16,-E111,33.55,evehicle,95.51,2026-01-01 01:04:33.500000
ev1,17.5,-E111,14167.59,-E111,31.12,evehicle,95.51,2026-01-01 01:04:34
ev1,16.81,-E111,14169.93,-E111,28.78,evehicle,95.51,2026-01-01 01:04:34.500000
ev1,16.13,-E111,14172.17,-E111,26.54,evehicle,95.51,2026-01-01 01:04:35
ev1,15.44,-E111,14174.31,-E111,24.4,evehicle,95.51,2026-01-01 01:04:35.500000
ev1,14.76,-E111,14176.36,-E111,22.35,evehicle,95.51,2026-01-01 01:04:36
ev1,14.08,-E111,14178.32,-E111,20.39,evehicle,95.51,2026-01-01 01:04:36.500000
ev1,13.43,-E111,14180.18,-E111,18.53,evehicle,95.51,2026-01-01 01:04:37
ev1,12.74,-E111,14181.95,-E111,16.76,evehicle,95.51,2026-01-01 01:04:37.500000
ev1,12.06,-E111,14183.63,-E111,15.08,evehicle,95.51,2026-01-01 01:04:38
ev1,11.41,-E111,14185.21,-E111,13.5,evehicle,95.51,2026-01-01 01:04:38.500000
ev1,10.73,-E111,14186.7,-E111,12.01,evehicle,95.51,2026-01-01 01:04:39
ev1,10.08,-E111,14188.1,-E111,10.61,evehicle,95.51,2026-01-01 01:04:39.500000
ev1,9.4,-E111,14189.41,-E111,9.3,evehicle,95.51,2026-01-01 01:04:40
ev1,1.3,-E111,14189.59,-E111,9.12,evehicle,95.54,2026-01-01 01:04:40.500000
ev1,0.0,-E111,14189.59,-E141,1258.59,evehicle,95.54,2026-01-01 01:04:41
ev1,0.0,-E111,14189.59,-E141,1258.59,evehicle,95.54,2026-01-01 01:04:41.500000
ev1,0.0,-E111,14189.59,-E141,1258.59,evehicle,95.54,2026-01-01 01:04:42
ev1,0.0,-E111,14189.59,-E141,1258.59,evehicle,95.54,2026-01-01 01:04:42.500000
ev1,0.0,-E111,14189.59,-E141,1258.59,evehicle,95.54,2026-01-01 01:04:43
ev1,0.0,-E111,14189.59,-E141,1258.59,evehicle,95.54,2026-01-01 01:04:43.500000
ev1,0.0,-E111,14189.59,-E141,1258.59,evehicle,95.54,2026-01-01 01:04:44
ev1,0.0,-E111,14189.59,-E141,1258.59,evehicle,95.54,2026-01-01 01:04:44.500000
ev1,0.0,-E111,14189.59,-E141,1258.59,evehicle,95.54,2026-01-01 01:04:45
ev1,0.0,-E111,14189.59,-E141,1258.59,evehicle,95.54,2026-01-01 01:04:45.500000
ev1,0.0,-E111,14189.59,-E141,1258.59,evehicle,95.54,2026-01-01 01:04:46
ev1,0.0,-E111,14189.59,-E141,1258.59,evehicle,95.54,2026-01-01 01:04:46.500000
ev1,0.0,-E111,14189.59,-E141,1258.59,evehicle,95.54,2026-01-01 01:04:47
ev1,0.0,-E111,14189.59,-E141,1258.59,evehicle,95.54,2026-01-01 01:04:47.500000
ev1,0.0,-E111,14189.59,-E141,1258.59,evehicle,95.54,2026-01-01 01:04:48
ev1,0.0,-E111,14189.59,-E141,1258.59,evehicle,95.54,2026-01-01 01:04:48.500000
ev1,0.0,-E111,14189.59,-E141,1258.59,evehicle,95.54,2026-01-01 01:04:49
ev1,0.0,-E111,14189.59,-E141,1258.59,evehicle,95.54,2026-01-01 01:04:49.500000
ev1,0.0,-E111,14189.59,-E141,1258.59,evehicle,95.54,2026-01-01 01:04:50
ev1,0.0,-E111,14189.59,-E141,1258.59,evehicle,95.54,2026-01-01 01:04:50.500000
ev1,0.0,-E111,14189.59,-E141,1258.59,evehicle,95.54,2026-01-01 01:04:51
ev1,0.0,-E111,14189.59,-E141,1258.59,evehicle,95.54,2026-01-01 01:04:51.500000
ev1,0.0,-E111,14189.59,-E141,1258.59,evehicle,95.54,2026-01-01 01:04:52
ev1,0.0,-E111,14189.59,-E141,1258.59,evehicle,95.54,2026-01-01 01:04:52.500000
ev1,0.0,-E111,14189.59,-E141,1258.59,evehicle,95.54,2026-01-01 01:04:53
ev1,0.0,-E111,14189.59,-E141,1258.59,evehicle,95.54,2026-01-01 01:04:53.500000
ev1,0.0,-E111,14189.59,-E141,1258.59,evehicle,95.54,2026-01-01 01:04:54
ev1,0.0,-E111,14189.59,-E141,1258.59,evehicle,95.54,2026-01-01 01:04:54.500000
ev1,0.0,-E111,14189.59,-E141,1258.59,evehicle,95.54,2026-01-01 01:04:55
ev1,0.0,-E111,14189.59,-E141,1258.59,evehicle,95.54,2026-01-01 01:04:55.500000
ev1,0.0,-E111,14189.59,-E141,1258.59,evehicle,95.54,2026-01-01 01:04:56
ev1,0.0,-E111,14189.59,-E141,1258.59,evehicle,95.54,2026-01-01 01:04:56.500000
ev1,0.0,-E111,14189.59,-E141,1258.59,evehicle,95.54,2026-01-01 01:04:57
ev1,0.0,-E111,14189.59,-E141,1258.59,evehicle,95.54,2026-01-01 01:04:57.500000
ev1,0.0,-E111,14189.59,-E141,1258.59,evehicle,95.54,2026-01-01 01:04:58
ev1,0.0,-E111,14189.59,-E141,1258.59,evehicle,95.54,2026-01-01 01:04:58.500000
ev1,0.0,-E111,14189.59,-E141,1258.59,evehicle,95.54,2026-01-01 01:04:59
ev1,0.0,-E111,14189.59,-E141,1258.59,evehicle,95.54,2026-01-01 01:04:59.500000
ev1,0.0,-E111,14189.59,-E141,1258.59,evehicle,95.54,2026-01-01 01:05:00
ev1,0.0,-E111,14189.59,-E141,1258.59,evehicle,95.54,2026-01-01 01:05:00.500000
ev1,0.0,-E111,14189.59,-E141,1258.59,evehicle,95.54,2026-01-01 01:05:01
ev1,0.0,-E111,14189.59,-E141,1258.59,evehicle,95.54,2026-01-01 01:05:01.500000
ev1,0.0,-E111,14189.59,-E141,1258.59,evehicle,95.54,2026-01-01 01:05:02
ev1,0.0,-E111,14189.59,-E141,1258.59,evehicle,95.54,2026-01-01 01:05:02.500000
ev1,0.0,-E111,14189.59,-E141,1258.59,evehicle,95.54,2026-01-01 01:05:03
ev1,0.0,-E111,14189.59,-E141,1258.59,evehicle,95.54,2026-01-01 01:05:03.500000
ev1,0.0,-E111,14189.59,-E141,1258.59,evehicle,95.54,2026-01-01 01:05:04
ev1,0.0,-E111,14189.59,-E141,1258.59,evehicle,95.54,2026-01-01 01:05:04.500000
ev1,0.0,-E111,14189.59,-E141,1258.59,evehicle,95.54,2026-01-01 01:05:05
ev1,0.0,-E111,14189.59,-E141,1258.59,evehicle,95.54,2026-01-01 01:05:05.500000
ev1,0.0,-E111,14189.59,-E141,1258.59,evehicle,95.54,2026-01-01 01:05:06
ev1,0.0,-E111,14189.59,-E141,1258.59,evehicle,95.54,2026-01-01 01:05:06.500000
ev1,0.0,-E111,14189.59,-E141,1258.59,evehicle,95.54,2026-01-01 01:05:07
ev1,0.0,-E111,14189.59,-E141,1258.59,evehicle,95.54,2026-01-01 01:05:07.500000
ev1,0.0,-E111,14189.59,-E141,1258.59,evehicle,95.54,2026-01-01 01:05:08
ev1,0.0,-E111,14189.59,-E141,1258.59,evehicle,95.54,2026-01-01 01:05:08.500000
ev1,0.0,-E111,14189.59,-E141,1258.59,evehicle,95.54,2026-01-01 01:05:09
ev1,0.0,-E111,14189.59,-E141,1258.59,evehicle,95.51,2026-01-01 01:05:09.500000
ev1,0.0,-E111,14189.59,-E141,1258.59,evehicle,95.51,2026-01-01 01:05:10
ev1,0.0,-E111,14189.59,-E141,1258.59,evehicle,95.51,2026-01-01 01:05:10.500000
ev1,0.0,-E111,14189.59,-E141,1258.59,evehicle,95.51,2026-01-01 01:05:11
ev1,0.0,-E111,14189.59,-E141,1258.59,evehicle,95.51,2026-01-01 01:05:11.500000
ev1,0.0,-E111,14189.59,-E141,1258.59,evehicle,95.51,2026-01-01 01:05:12
ev1,0.0,-E111,14189.59,-E141,1258.59,evehicle,95.51,2026-01-01 01:05:12.500000
ev1,0.0,-E111,14189.59,-E141,1258.59,evehicle,95.51,2026-01-01 01:05:13
ev1,0.0,-E111,14189.59,-E141,1258.59,evehicle,95.51,2026-01-01 01:05:13.500000
ev1,0.0,-E111,14189.59,-E141,1258.59,evehicle,95.51,2026-01-01 01:05:14
ev1,0.0,-E111,14189.59,-E141,1258.59,evehicle,95.51,2026-01-01 01:05:14.500000
ev1,0.0,-E111,14189.59,-E141,1258.59,evehicle,95.51,2026-01-01 01:05:15
ev1,0.0,-E111,14189.59,-E141,1258.59,evehicle,95.51,2026-01-01 01:05:15.500000
ev1,0.0,-E111,14189.59,-E141,1258.59,evehicle,95.51,2026-01-01 01:05:16
ev1,0.0,-E111,14189.59,-E141,1258.59,evehicle,95.51,2026-01-01 01:05:16.500000
ev1,0.0,-E111,14189.59,-E141,1258.59,evehicle,95.51,2026-01-01 01:05:17
ev1,0.0,-E111,14189.59,-E141,1258.59,evehicle,95.51,2026-01-01 01:05:17.500000
ev1,0.0,-E111,14189.59,-E141,1258.59,evehicle,95.51,2026-01-01 01:05:18
ev1,0.0,-E111,14189.59,-E141,1258.59,evehicle,95.51,2026-01-01 01:05:18.500000
ev1,0.0,-E111,14189.59,-E141,1258.59,evehicle,95.51,2026-01-01 01:05:19
ev1,0.0,-E111,14189.59,-E141,1258.59,evehicle,95.51,2026-01-01 01:05:19.500000
ev1,0.0,-E111,14189.59,-E141,1258.59,evehicle,95.51,2026-01-01 01:05:20
ev1,0.0,-E111,14189.59,-E141,1258.59,evehicle,95.51,2026-01-01 01:05:20.500000
ev1,0.0,-E111,14189.59,-E141,1258.59,evehicle,95.51,2026-01-01 01:05:21
ev1,0.0,-E111,14189.59,-E141,1258.59,evehicle,95.51,2026-01-01 01:05:21.500000
ev1,0.0,-E111,14189.59,-E141,1258.59,evehicle,95.51,2026-01-01 01:05:22
ev1,0.0,-E111,14189.59,-E141,1258.59,evehicle,95.51,2026-01-01 01:05:22.500000
ev1,0.0,-E111,14189.59,-E141,1258.59,evehicle,95.51,2026-01-01 01:05:23
ev1,0.0,-E111,14189.59,-E141,1258.59,evehicle,95.51,2026-01-01 01:05:23.500000
ev1,0.0,-E111,14189.59,-E141,1258.59,evehicle,95.51,2026-01-01 01:05:24
ev1,0.0,-E111,14189.59,-E141,1258.59,evehicle,95.51,2026-01-01 01:05:24.500000
ev1,0.0,-E111,14189.59,-E141,1258.59,evehicle,95.51,2026-01-01 01:05:25
ev1,0.0,-E111,14189.59,-E141,1258.59,evehicle,95.51,2026-01-01 01:05:25.500000
ev1,0.0,-E111,14189.59,-E141,1258.59,evehicle,95.51,2026-01-01 01:05:26
ev1,0.0,-E111,14189.59,-E141,1258.59,evehicle,95.51,2026-01-01 01:05:26.500000
ev1,0.0,-E111,14189.59,-E141,1258.59,evehicle,95.51,2026-01-01 01:05:27
ev1,0.0,-E111,14189.59,-E141,1258.59,evehicle,95.51,2026-01-01 01:05:27.500000
ev1,0.0,-E111,14189.59,-E141,1258.59,evehicle,95.51,2026-01-01 01:05:28
ev1,0.0,-E111,14189.59,-E141,1258.59,evehicle,95.51,2026-01-01 01:05:28.500000
ev1,0.0,-E111,14189.59,-E141,1258.59,evehicle,95.51,2026-01-01 01:05:29
ev1,0.0,-E111,14189.59,-E141,1258.59,evehicle,95.51,2026-01-01 01:05:29.500000
ev1,0.0,-E111,14189.59,-E141,1258.59,evehicle,95.51,2026-01-01 01:05:30
ev1,0.0,-E111,14189.59,-E141,1258.59,evehicle,95.51,2026-01-01 01:05:30.500000
ev1,0.0,-E111,14189.59,-E141,1258.59,evehicle,95.51,2026-01-01 01:05:31
ev1,0.0,-E111,14189.59,-E141,1258.59,evehicle,95.51,2026-01-01 01:05:31.500000
ev1,0.0,-E111,14189.59,-E141,1258.59,evehicle,95.51,2026-01-01 01:05:32
ev1,0.0,-E111,14189.59,-E141,1258.59,evehicle,95.51,2026-01-01 01:05:32.500000
ev1,0.0,-E111,14189.59,-E141,1258.59,evehicle,95.51,2026-01-01 01:05:33
ev1,0.0,-E111,14189.59,-E141,1258.59,evehicle,95.51,2026-01-01 01:05:33.500000
ev1,0.0,-E111,14189.59,-E141,1258.59,evehicle,95.51,2026-01-01 01:05:34
ev1,0.0,-E111,14189.59,-E141,1258.59,evehicle,95.51,2026-01-01 01:05:34.500000
ev1,0.0,-E111,14189.59,-E141,1258.59,evehicle,95.51,2026-01-01 01:05:35
ev1,0.0,-E111,14189.59,-E141,1258.59,evehicle,95.51,2026-01-01 01:05:35.500000
ev1,0.0,-E111,14189.59,-E141,1258.59,evehicle,95.51,2026-01-01 01:05:36
ev1,0.0,-E111,14189.59,-E141,1258.59,evehicle,95.51,2026-01-01 01:05:36.500000
ev1,0.0,-E111,14189.59,-E141,1258.59,evehicle,95.51,2026-01-01 01:05:37
ev1,0.0,-E111,14189.59,-E141,1258.59,evehicle,95.51,2026-01-01 01:05:37.500000
ev1,0.0,-E111,14189.59,-E141,1258.59,evehicle,95.51,2026-01-01 01:05:38
ev1,0.0,-E111,14189.59,-E141,1258.59,evehicle,95.51,2026-01-01 01:05:38.500000
ev1,0.0,-E111,14189.59,-E141,1258.59,evehicle,95.51,2026-01-01 01:05:39
ev1,0.0,-E111,14189.59,-E141,1258.59,evehicle,95.51,2026-01-01 01:05:39.500000
ev1,0.0,-E111,14189.59,-E141,1258.59,evehicle,95.51,2026-01-01 01:05:40
ev1,0.0,-E111,14189.59,-E141,1258.59,evehicle,95.51,2026-01-01 01:05:40.500000
ev1,0.0,-E111,14189.59,-E141,1258.59,evehicle,95.51,2026-01-01 01:05:41
ev1,3.85,-E111,14190.12,-E141,1258.06,evehicle,95.51,2026-01-01 01:05:41.500000
ev1,6.8,-E111,14191.07,-E141,1257.11,evehicle,95.51,2026-01-01 01:05:42
ev1,10.04,-E111,14192.46,-E141,1255.72,evehicle,95.51,2026-01-01 01:05:42.500000
ev1,12.67,-E111,14194.22,-E141,1253.96,evehicle,95.51,2026-01-01 01:05:43
ev1,16.09,-E111,14196.46,-E141,1251.72,evehicle,95.51,2026-01-01 01:05:43.500000
ev1,7.99,-E111,14197.57,-E141,1250.61,evehicle,95.51,2026-01-01 01:05:44
ev1,0.9,-E111,14197.69,-E141,1250.49,evehicle,95.51,2026-01-01 01:05:44.500000
ev1,0.11,-E111,14197.71,-E141,1250.47,evehicle,95.51,2026-01-01 01:05:45
ev1,0.04,-E111,14197.71,-E141,1250.47,evehicle,95.51,2026-01-01 01:05:45.500000
ev1,0.0,-E111,14197.71,-E141,1250.47,evehicle,95.51,2026-01-01 01:05:46
ev1,0.0,-E111,14197.71,-E141,1250.47,evehicle,95.51,2026-01-01 01:05:46.500000
ev1,0.0,-E111,14197.71,-E141,1250.47,evehicle,95.51,2026-01-01 01:05:47
ev1,0.0,-E111,14197.71,-E141,1250.47,evehicle,95.51,2026-01-01 01:05:47.500000
ev1,0.0,-E111,14197.71,-E141,1250.47,evehicle,95.51,2026-01-01 01:05:48
ev1,0.0,-E111,14197.71,-E141,1250.47,evehicle,95.51,2026-01-01 01:05:48.500000
ev1,0.0,-E111,14197.71,-E141,1250.47,evehicle,95.51,2026-01-01 01:05:49
ev1,0.0,-E111,14197.71,-E141,1250.47,evehicle,95.51,2026-01-01 01:05:49.500000
ev1,0.0,-E111,14197.71,-E141,1250.47,evehicle,95.51,2026-01-01 01:05:50
ev1,0.0,-E111,14197.71,-E141,1250.47,evehicle,95.51,2026-01-01 01:05:50.500000
ev1,0.0,-E111,14197.71,-E141,1250.47,evehicle,95.51,2026-01-01 01:05:51
ev1,0.0,-E111,14197.71,-E141,1250.47,evehicle,95.51,2026-01-01 01:05:51.500000
ev1,0.0,-E111,14197.71,-E141,1250.47,evehicle,95.51,2026-01-01 01:05:52
ev1,0.0,-E111,14197.71,-E141,1250.47,evehicle,95.51,2026-01-01 01:05:52.500000
ev1,0.0,-E111,14197.71,-E141,1250.47,evehicle,95.51,2026-01-01 01:05:53
ev1,0.0,-E111,14197.71,-E141,1250.47,evehicle,95.51,2026-01-01 01:05:53.500000
ev1,0.0,-E111,14197.71,-E141,1250.47,evehicle,95.51,2026-01-01 01:05:54
ev1,0.0,-E111,14197.71,-E141,1250.47,evehicle,95.51,2026-01-01 01:05:54.500000
ev1,0.0,-E111,14197.71,-E141,1250.47,evehicle,95.51,2026-01-01 01:05:55
ev1,0.0,-E111,14197.71,-E141,1250.47,evehicle,95.51,2026-01-01 01:05:55.500000
ev1,0.0,-E111,14197.71,-E141,1250.47,evehicle,95.51,2026-01-01 01:05:56
ev1,0.0,-E111,14197.71,-E141,1250.47,evehicle,95.51,2026-01-01 01:05:56.500000
ev1,0.0,-E111,14197.71,-E141,1250.47,evehicle,95.51,2026-01-01 01:05:57
ev1,0.0,-E111,14197.71,-E141,1250.47,evehicle,95.51,2026-01-01 01:05:57.500000
ev1,0.0,-E111,14197.71,-E141,1250.47,evehicle,95.51,2026-01-01 01:05:58
ev1,0.0,-E111,14197.71,-E141,1250.47,evehicle,95.51,2026-01-01 01:05:58.500000
ev1,0.0,-E111,14197.71,-E141,1250.47,evehicle,95.51,2026-01-01 01:05:59
ev1,0.0,-E111,14197.71,-E141,1250.47,evehicle,95.51,2026-01-01 01:05:59.500000
ev1,0.0,-E111,14197.71,-E141,1250.47,evehicle,95.51,2026-01-01 01:06:00
ev1,4.36,-E111,14198.31,-E141,1249.87,evehicle,95.51,2026-01-01 01:06:00.500000
ev1,9.04,:J36_3,14198.31,-E141,1249.87,evehicle,95.51,2026-01-01 01:06:01
ev1,13.72,:J36_3,14198.31,-E141,1249.87,evehicle,95.51,2026-01-01 01:06:01.500000
ev1,17.82,:J36_6,14198.31,-E141,1249.87,evehicle,95.51,2026-01-01 01:06:02
ev1,20.92,:J36_6,14198.31,-E141,1249.87,evehicle,95.49,2026-01-01 01:06:02.500000
ev1,23.29,:J36_6,14198.31,-E141,1249.87,evehicle,95.49,2026-01-01 01:06:03
ev1,26.64,:J36_6,14198.31,-E141,1249.87,evehicle,95.49,2026-01-01 01:06:03.500000
ev1,27.79,-E25,14217.65,-E141,1230.53,evehicle,95.46,2026-01-01 01:06:04
ev1,30.31,-E25,14221.86,-E141,1226.32,evehicle,95.46,2026-01-01 01:06:04.500000
ev1,34.52,-E25,14226.65,-E141,1221.53,evehicle,95.46,2026-01-01 01:06:05
ev1,38.63,-E25,14232.02,-E141,1216.16,evehicle,95.43,2026-01-01 01:06:05.500000
ev1,38.05,-E25,14237.31,-E141,1210.87,evehicle,95.43,2026-01-01 01:06:06
ev1,29.95,-E25,14241.47,-E141,1206.71,evehicle,95.46,2026-01-01 01:06:06.500000
ev1,23.54,-E25,14244.74,-E141,1203.44,evehicle,95.49,2026-01-01 01:06:07
ev1,19.98,:J35_2,14244.74,-E141,1203.44,evehicle,95.49,2026-01-01 01:06:07.500000
ev1,21.96,:J35_2,14244.74,-E141,1203.44,evehicle,95.49,2026-01-01 01:06:08
ev1,20.7,:J35_2,14244.74,-E141,1203.44,evehicle,95.49,2026-01-01 01:06:08.500000
ev1,20.27,-E24,14256.25,-E141,1191.93,evehicle,95.49,2026-01-01 01:06:09
ev1,24.84,-E24,14259.7,-E141,1188.48,evehicle,95.46,2026-01-01 01:06:09.500000
ev1,28.69,-E24,14263.69,-E141,1184.49,evehicle,95.46,2026-01-01 01:06:10
ev1,32.51,-E24,14268.2,-E141,1179.98,evehicle,95.43,2026-01-01 01:06:10.500000
ev1,35.46,-E24,14273.13,-E141,1175.05,evehicle,95.43,2026-01-01 01:06:11
ev1,38.92,-E24,14278.53,-E141,1169.65,evehicle,95.4,2026-01-01 01:06:11.500000
ev1,42.26,-E24,14284.4,-E141,1163.78,evehicle,95.4,2026-01-01 01:06:12
ev1,46.44,:J32_9,14284.4,-E141,1163.78,evehicle,95.37,2026-01-01 01:06:12.500000
ev1,45.43,:J32_9,14284.4,-E141,1163.78,evehicle,95.37,2026-01-01 01:06:13
ev1,45.97,:J32_9,14284.4,-E141,1163.78,evehicle,95.37,2026-01-01 01:06:13.500000
ev1,45.32,-E21,14309.85,-E141,1138.33,evehicle,95.37,2026-01-01 01:06:14
ev1,45.68,-E21,14316.19,-E141,1131.99,evehicle,95.37,2026-01-01 01:06:14.500000
ev1,45.72,-E21,14322.54,-E141,1125.64,evehicle,95.37,2026-01-01 01:06:15
ev1,45.76,-E21,14328.9,-E141,1119.28,evehicle,95.37,2026-01-01 01:06:15.500000
ev1,47.34,-E21,14335.47,-E141,1112.71,evehicle,95.34,2026-01-01 01:06:16
ev1,45.76,:J9_8,14335.47,-E141,1112.71,evehicle,95.37,2026-01-01 01:06:16.500000
ev1,47.02,:J9_8,14335.47,-E141,1112.71,evehicle,95.34,2026-01-01 01:06:17
ev1,47.34,-newton,14354.93,-E141,1093.25,evehicle,95.34,2026-01-01 01:06:17.500000
ev1,45.79,-newton,14361.29,-E141,1086.89,evehicle,95.34,2026-01-01 01:06:18
ev1,44.57,-newton,14367.48,-E141,1080.7,evehicle,95.37,2026-01-01 01:06:18.500000
ev1,36.79,-newton,14372.59,-E141,1075.59,evehicle,95.4,2026-01-01 01:06:19
ev1,29.38,-newton,14376.67,-E141,1071.51,evehicle,95.43,2026-01-01 01:06:19.500000
ev1,21.28,-newton,14379.63,-E141,1068.55,evehicle,95.43,2026-01-01 01:06:20
ev1,24.95,:J3_6,14379.63,-E141,1068.55,evehicle,95.43,2026-01-01 01:06:20.500000
ev1,29.02,:J3_6,14379.63,-E141,1068.55,evehicle,95.43,2026-01-01 01:06:21
ev1,32.72,:J3_6,14379.63,-E141,1068.55,evehicle,95.4,2026-01-01 01:06:21.500000
ev1,34.2,:J3_6,14379.63,-E141,1068.55,evehicle,95.4,2026-01-01 01:06:22
ev1,33.73,:J3_6,14379.63,-E141,1068.55,evehicle,95.4,2026-01-01 01:06:22.500000
ev1,34.63,:J3_6,14379.63,-E141,1068.55,evehicle,95.4,2026-01-01 01:06:23
ev1,34.99,joulesD,14410.77,-E141,1037.41,evehicle,95.4,2026-01-01 01:06:23.500000
ev1,39.56,joulesD,14416.27,-E141,1031.91,evehicle,95.37,2026-01-01 01:06:24
ev1,42.26,joulesD,14422.13,-E141,1026.05,evehicle,95.34,2026-01-01 01:06:24.500000
ev1,46.01,joulesD,14428.53,-E141,1019.65,evehicle,95.34,2026-01-01 01:06:25
ev1,50.4,joulesD,14435.52,-E141,1012.66,evehicle,95.31,2026-01-01 01:06:25.500000
ev1,52.88,:J1_4,14435.52,-E141,1012.66,evehicle,95.29,2026-01-01 01:06:26
ev1,55.4,:J1_4,14435.52,-E141,1012.66,evehicle,95.26,2026-01-01 01:06:26.500000
ev1,59.22,joulesC,14458.79,-E141,989.39,evehicle,95.23,2026-01-01 01:06:27
ev1,63.68,joulesC,14467.64,-E141,980.54,evehicle,95.2,2026-01-01 01:06:27.500000
ev1,66.17,joulesC,14476.83,-E141,971.35,evehicle,95.17,2026-01-01 01:06:28
ev1,69.77,joulesC,14486.52,-E141,961.66,evehicle,95.14,2026-01-01 01:06:28.500000
ev1,74.38,joulesC,14496.85,-E141,951.33,evehicle,95.11,2026-01-01 01:06:29
ev1,77.87,joulesC,14507.66,-E141,940.52,evehicle,95.09,2026-01-01 01:06:29.500000
ev1,80.93,joulesC,14518.9,-E141,929.28,evehicle,95.03,2026-01-01 01:06:30
ev1,85.39,joulesC,14530.76,-E141,917.42,evehicle,95.0,2026-01-01 01:06:30.500000
ev1,89.06,joulesC,14543.13,-E141,905.05,evehicle,94.94,2026-01-01 01:06:31
ev1,92.52,joulesC,14555.98,-E141,892.2,evehicle,94.91,2026-01-01 01:06:31.500000
ev1,94.9,joulesC,14569.16,-E141,879.02,evehicle,94.89,2026-01-01 01:06:32
ev1,97.27,joulesC,14582.67,-E141,865.51,evehicle,94.83,2026-01-01 01:06:32.500000
ev1,100.84,joulesC,14596.67,-E141,851.51,evehicle,94.8,2026-01-01 01:06:33
ev1,104.58,joulesC,14611.2,-E141,836.98,evehicle,94.74,2026-01-01 01:06:33.500000
ev1,108.68,joulesC,14626.29,-E141,821.89,evehicle,94.69,2026-01-01 01:06:34
ev1,112.61,joulesC,14641.93,-E141,806.25,evehicle,94.63,2026-01-01 01:06:34.500000
ev1,111.6,joulesC,14657.43,-E141,790.75,evehicle,94.63,2026-01-01 01:06:35
ev1,111.89,joulesC,14672.97,-E141,775.21,evehicle,94.6,2026-01-01 01:06:35.500000
ev1,113.47,joulesC,14688.73,-E141,759.45,evehicle,94.57,2026-01-01 01:06:36
ev1,112.03,joulesC,14704.29,-E141,743.89,evehicle,94.6,2026-01-01 01:06:36.500000
ev1,113.4,joulesC,14720.04,-E141,728.14,evehicle,94.57,2026-01-01 01:06:37
ev1,113.04,joulesC,14735.74,-E141,712.44,evehicle,94.54,2026-01-01 01:06:37.500000
ev1,112.61,joulesC,14751.38,-E141,696.8,evehicle,94.54,2026-01-01 01:06:38
ev1,112.28,joulesC,14766.98,-E141,681.2,evehicle,94.54,2026-01-01 01:06:38.500000
ev1,113.65,joulesC,14782.76,-E141,665.42,evehicle,94.51,2026-01-01 01:06:39
ev1,112.54,joulesC,14798.39,-E141,649.79,evehicle,94.51,2026-01-01 01:06:39.500000
ev1,113.08,joulesC,14814.1,-E141,634.08,evehicle,94.51,2026-01-01 01:06:40
ev1,113.08,joulesC,14829.8,-E141,618.38,evehicle,94.49,2026-01-01 01:06:40.500000
ev1,111.6,joulesC,14845.31,-E141,602.87,evehicle,94.51,2026-01-01 01:06:41
ev1,113.51,joulesC,14861.07,-E141,587.11,evehicle,94.49,2026-01-01 01:06:41.500000
ev1,112.9,joulesC,14876.75,-E141,571.43,evehicle,94.49,2026-01-01 01:06:42
ev1,113.04,joulesC,14892.45,-E141,555.73,evehicle,94.46,2026-01-01 01:06:42.500000
ev1,112.72,joulesC,14908.11,-E141,540.07,evehicle,94.46,2026-01-01 01:06:43
ev1,112.72,joulesC,14923.76,-E141,524.42,evehicle,94.46,2026-01-01 01:06:43.500000
ev1,112.43,:J2_4,14923.76,-E141,524.42,evehicle,94.46,2026-01-01 01:06:44
ev1,113.65,:J2_4,14923.76,-E141,524.42,evehicle,94.43,2026-01-01 01:06:44.500000
ev1,112.9,joulesB,14970.84,-E141,477.34,evehicle,94.43,2026-01-01 01:06:45
ev1,113.15,joulesB,14986.55,-E141,461.63,evehicle,94.4,2026-01-01 01:06:45.500000
ev1,112.5,:J5_0,14986.55,-E141,461.63,evehicle,94.4,2026-01-01 01:06:46
ev1,113.04,joulesA,15017.88,-E141,430.3,evehicle,94.4,2026-01-01 01:06:46.500000
ev1,111.6,joulesA,15033.38,-E141,414.8,evehicle,94.4,2026-01-01 01:06:47
ev1,113.15,joulesA,15049.09,-E141,399.09,evehicle,94.37,2026-01-01 01:06:47.500000
ev1,112.36,joulesA,15064.7,-E141,383.48,evehicle,94.37,2026-01-01 01:06:48
ev1,113.22,joulesA,15080.42,-E141,367.76,evehicle,94.34,2026-01-01 01:06:48.500000
ev1,108.61,joulesA,15095.51,-E141,352.67,evehicle,94.4,2026-01-01 01:06:49
ev1,100.51,joulesA,15109.47,-E141,338.71,evehicle,94.49,2026-01-01 01:06:49.500000
ev1,93.28,joulesA,15122.42,-E141,325.76,evehicle,94.57,2026-01-01 01:06:50
ev1,85.18,joulesA,15134.25,-E141,313.93,evehicle,94.63,2026-01-01 01:06:50.500000
ev1,77.08,joulesA,15144.96,-E141,303.22,evehicle,94.71,2026-01-01 01:06:51
ev1,68.98,joulesA,15154.54,-E141,293.64,evehicle,94.77,2026-01-01 01:06:51.500000
ev1,60.88,joulesA,15162.99,-E141,285.19,evehicle,94.83,2026-01-01 01:06:52
ev1,52.78,joulesA,15170.32,-E141,277.86,evehicle,94.89,2026-01-01 01:06:52.500000
ev1,44.68,joulesA,15176.53,-E141,271.65,evehicle,94.91,2026-01-01 01:06:53
ev1,36.58,joulesA,15181.61,-E141,266.57,evehicle,94.94,2026-01-01 01:06:53.500000
ev1,28.48,joulesA,15185.56,-E141,262.62,evehicle,94.97,2026-01-01 01:06:54
ev1,20.38,:J6_3,15185.56,-E141,262.62,evehicle,95.0,2026-01-01 01:06:54.500000
ev1,23.26,:J6_11,15185.56,-E141,262.62,evehicle,95.0,2026-01-01 01:06:55
ev1,26.06,:J6_11,15185.56,-E141,262.62,evehicle,94.97,2026-01-01 01:06:55.500000
ev1,30.2,:J6_11,15185.56,-E141,262.62,evehicle,94.97,2026-01-01 01:06:56
ev1,32.18,:J6_11,15185.56,-E141,262.62,evehicle,94.97,2026-01-01 01:06:56.500000
ev1,31.93,:J6_11,15185.56,-E141,262.62,evehicle,94.97,2026-01-01 01:06:57
ev1,32.18,-E105,15212.81,-E141,235.37,evehicle,94.94,2026-01-01 01:06:57.500000
ev1,36.36,-E105,15217.86,-E141,230.32,evehicle,94.94,2026-01-01 01:06:58
ev1,40.79,-E105,15223.52,-E141,224.66,evehicle,94.91,2026-01-01 01:06:58.500000
ev1,45.25,-E105,15229.81,-E141,218.37,evehicle,94.89,2026-01-01 01:06:59
ev1,46.76,-E105,15236.31,-E141,211.87,evehicle,94.89,2026-01-01 01:06:59.500000
ev1,45.47,-E105,15242.62,-E141,205.56,evehicle,94.89,2026-01-01 01:07:00
ev1,45.58,-E105,15248.95,-E141,199.23,evehicle,94.89,2026-01-01 01:07:00.500000
ev1,46.58,-E105,15255.42,-E141,192.76,evehicle,94.89,2026-01-01 01:07:01
ev1,45.18,-E105,15261.7,-E141,186.48,evehicle,94.89,2026-01-01 01:07:01.500000
ev1,40.68,-E105,15267.35,-E141,180.83,evehicle,94.91,2026-01-01 01:07:02
ev1,34.27,-E105,15272.11,-E141,176.07,evehicle,94.94,2026-01-01 01:07:02.500000
ev1,31.54,:J85_3,15272.11,-E141,176.07,evehicle,94.94,2026-01-01 01:07:03
ev1,31.61,:J85_23,15272.11,-E141,176.07,evehicle,94.94,2026-01-01 01:07:03.500000
ev1,31.18,:J85_23,15272.11,-E141,176.07,evehicle,94.94,2026-01-01 01:07:04
ev1,30.74,:J85_23,15272.11,-E141,176.07,evehicle,94.94,2026-01-01 01:07:04.500000
ev1,31.39,E139,15293.83,-E141,154.35,evehicle,94.94,2026-01-01 01:07:05
ev1,35.35,E139,15298.75,-E141,149.43,evehicle,94.91,2026-01-01 01:07:05.500000
ev1,34.78,E139,15303.58,-E141,144.6,evehicle,94.91,2026-01-01 01:07:06
ev1,34.2,E139,15308.33,-E141,139.85,evehicle,94.91,2026-01-01 01:07:06.500000
ev1,33.62,E139,15313.0,-E141,135.18,evehicle,94.91,2026-01-01 01:07:07
ev1,33.05,E139,15317.58,-E141,130.6,evehicle,94.91,2026-01-01 01:07:07.500000
ev1,32.47,E139,15322.09,-E141,126.09,evehicle,94.91,2026-01-01 01:07:08
ev1,31.86,:J98_10,15322.09,-E141,126.09,evehicle,94.91,2026-01-01 01:07:08.500000
ev1,31.32,:J98_10,15322.09,-E141,126.09,evehicle,94.91,2026-01-01 01:07:09
ev1,30.78,:J98_10,15322.09,-E141,126.09,evehicle,94.91,2026-01-01 01:07:09.500000
ev1,30.24,E142,15339.35,-E141,108.83,evehicle,94.91,2026-01-01 01:07:10
ev1,29.66,E142,15343.47,-E141,104.71,evehicle,94.91,2026-01-01 01:07:10.500000
ev1,29.09,E142,15347.51,-E141,100.67,evehicle,94.94,2026-01-01 01:07:11
ev1,28.51,E142,15351.46,-E141,96.72,evehicle,94.94,2026-01-01 01:07:11.500000
ev1,27.94,E142,15355.34,-E141,92.84,evehicle,94.94,2026-01-01 01:07:12
ev1,27.32,E142,15359.14,-E141,89.04,evehicle,94.94,2026-01-01 01:07:12.500000
ev1,26.75,E142,15362.86,-E141,85.32,evehicle,94.94,2026-01-01 01:07:13
ev1,21.78,:J92_11,15362.86,-E141,85.32,evehicle,94.94,2026-01-01 01:07:13.500000
ev1,21.42,:J92_13,15362.86,-E141,85.32,evehicle,94.94,2026-01-01 01:07:14
ev1,21.02,:J92_13,15362.86,-E141,85.32,evehicle,94.94,2026-01-01 01:07:14.500000
ev1,20.66,:J92_13,15362.86,-E141,85.32,evehicle,94.94,2026-01-01 01:07:15
ev1,20.34,:J92_13,15362.86,-E141,85.32,evehicle,94.94,2026-01-01 01:07:15.500000
ev1,19.98,E133,15380.24,-E141,67.94,evehicle,94.94,2026-01-01 01:07:16
ev1,19.58,E133,15382.96,-E141,65.22,evehicle,94.94,2026-01-01 01:07:16.500000
ev1,19.15,E133,15385.63,-E141,62.55,evehicle,94.94,2026-01-01 01:07:17
ev1,18.76,E133,15388.23,-E141,59.95,evehicle,94.94,2026-01-01 01:07:17.500000
ev1,18.36,E133,15390.78,-E141,57.4,evehicle,94.94,2026-01-01 01:07:18
ev1,17.96,E133,15393.27,-E141,54.91,evehicle,94.94,2026-01-01 01:07:18.500000
ev1,17.53,E133,15395.71,-E141,52.47,evehicle,94.94,2026-01-01 01:07:19
ev1,17.14,E133,15398.09,-E141,50.09,evehicle,94.94,2026-01-01 01:07:19.500000
ev1,16.74,E133,15400.41,-E141,47.77,evehicle,94.94,2026-01-01 01:07:20
ev1,16.31,E133,15402.68,-E141,45.5,evehicle,94.94,2026-01-01 01:07:20.500000
ev1,15.91,:J94_3,15402.68,-E141,45.5,evehicle,94.94,2026-01-01 01:07:21
ev1,15.52,:J94_3,15402.68,-E141,45.5,evehicle,94.94,2026-01-01 01:07:21.500000
ev1,15.16,:J94_3,15402.68,-E141,45.5,evehicle,94.94,2026-01-01 01:07:22
ev1,14.8,:J94_3,15402.68,-E141,45.5,evehicle,94.94,2026-01-01 01:07:22.500000
ev1,14.47,:J94_3,15402.68,-E141,45.5,evehicle,94.94,2026-01-01 01:07:23
ev1,14.15,:J94_3,15402.68,-E141,45.5,evehicle,94.94,2026-01-01 01:07:23.500000
ev1,13.86,:J94_3,15402.68,-E141,45.5,evehicle,94.94,2026-01-01 01:07:24
ev1,13.57,-E141,15418.99,-E141,29.19,evehicle,94.94,2026-01-01 01:07:24.500000
ev1,13.1,-E141,15420.81,-E141,27.37,evehicle,94.94,2026-01-01 01:07:25
ev1,12.67,-E141,15422.57,-E141,25.61,evehicle,94.94,2026-01-01 01:07:25.500000
ev1,12.24,-E141,15424.27,-E141,23.91,evehicle,94.94,2026-01-01 01:07:26
ev1,11.81,-E141,15425.91,-E141,22.27,evehicle,94.94,2026-01-01 01:07:26.500000
ev1,11.38,-E141,15427.49,-E141,20.69,evehicle,94.94,2026-01-01 01:07:27
ev1,10.94,-E141,15429.01,-E141,19.17,evehicle,94.94,2026-01-01 01:07:27.500000
ev1,10.51,-E141,15430.47,-E141,17.71,evehicle,94.94,2026-01-01 01:07:28
ev1,10.08,-E141,15431.87,-E141,16.31,evehicle,94.94,2026-01-01 01:07:28.500000
ev1,9.65,-E141,15433.21,-E141,14.97,evehicle,94.94,2026-01-01 01:07:29
ev1,9.22,-E141,15434.49,-E141,13.69,evehicle,94.94,2026-01-01 01:07:29.500000
ev1,8.78,-E141,15435.71,-E141,12.47,evehicle,94.94,2026-01-01 01:07:30
ev1,8.35,-E141,15436.87,-E141,11.31,evehicle,94.94,2026-01-01 01:07:30.500000
ev1,7.92,-E141,15437.97,-E141,10.21,evehicle,94.94,2026-01-01 01:07:31
ev1,7.49,-E141,15439.01,-E141,9.17,evehicle,94.94,2026-01-01 01:07:31.500000
ev1,0.0,-E141,15439.01,-E212,698.26,evehicle,94.94,2026-01-01 01:07:32
ev1,0.0,-E141,15439.01,-E212,698.26,evehicle,94.94,2026-01-01 01:07:32.500000
ev1,0.0,-E141,15439.01,-E212,698.26,evehicle,94.94,2026-01-01 01:07:33
ev1,0.0,-E141,15439.01,-E212,698.26,evehicle,94.94,2026-01-01 01:07:33.500000
ev1,0.0,-E141,15439.01,-E212,698.26,evehicle,94.94,2026-01-01 01:07:34
ev1,0.0,-E141,15439.01,-E212,698.26,evehicle,94.94,2026-01-01 01:07:34.500000
ev1,0.0,-E141,15439.01,-E212,698.26,evehicle,94.94,2026-01-01 01:07:35
ev1,0.0,-E141,15439.01,-E212,698.26,evehicle,94.94,2026-01-01 01:07:35.500000
ev1,0.0,-E141,15439.01,-E212,698.26,evehicle,94.94,2026-01-01 01:07:36
ev1,0.0,-E141,15439.01,-E212,698.26,evehicle,94.94,2026-01-01 01:07:36.500000
ev1,0.0,-E141,15439.01,-E212,698.26,evehicle,94.94,2026-01-01 01:07:37
ev1,0.0,-E141,15439.01,-E212,698.26,evehicle,94.94,2026-01-01 01:07:37.500000
ev1,0.0,-E141,15439.01,-E212,698.26,evehicle,94.94,2026-01-01 01:07:38
ev1,0.0,-E141,15439.01,-E212,698.26,evehicle,94.94,2026-01-01 01:07:38.500000
ev1,0.0,-E141,15439.01,-E212,698.26,evehicle,94.94,2026-01-01 01:07:39
ev1,0.0,-E141,15439.01,-E212,698.26,evehicle,94.94,2026-01-01 01:07:39.500000
ev1,0.0,-E141,15439.01,-E212,698.26,evehicle,94.94,2026-01-01 01:07:40
ev1,0.0,-E141,15439.01,-E212,698.26,evehicle,94.94,2026-01-01 01:07:40.500000
ev1,0.0,-E141,15439.01,-E212,698.26,evehicle,94.94,2026-01-01 01:07:41
ev1,0.0,-E141,15439.01,-E212,698.26,evehicle,94.94,2026-01-01 01:07:41.500000
ev1,0.0,-E141,15439.01,-E212,698.26,evehicle,94.94,2026-01-01 01:07:42
ev1,0.0,-E141,15439.01,-E212,698.26,evehicle,94.94,2026-01-01 01:07:42.500000
ev1,0.0,-E141,15439.01,-E212,698.26,evehicle,94.94,2026-01-01 01:07:43
ev1,0.0,-E141,15439.01,-E212,698.26,evehicle,94.94,2026-01-01 01:07:43.500000
ev1,0.0,-E141,15439.01,-E212,698.26,evehicle,94.94,2026-01-01 01:07:44
ev1,0.0,-E141,15439.01,-E212,698.26,evehicle,94.94,2026-01-01 01:07:44.500000
ev1,0.0,-E141,15439.01,-E212,698.26,evehicle,94.94,2026-01-01 01:07:45
ev1,0.0,-E141,15439.01,-E212,698.26,evehicle,94.94,2026-01-01 01:07:45.500000
ev1,0.0,-E141,15439.01,-E212,698.26,evehicle,94.94,2026-01-01 01:07:46
ev1,0.0,-E141,15439.01,-E212,698.26,evehicle,94.94,2026-01-01 01:07:46.500000
ev1,0.0,-E141,15439.01,-E212,698.26,evehicle,94.94,2026-01-01 01:07:47
ev1,0.0,-E141,15439.01,-E212,698.26,evehicle,94.94,2026-01-01 01:07:47.500000
ev1,0.0,-E141,15439.01,-E212,698.26,evehicle,94.94,2026-01-01 01:07:48
ev1,0.0,-E141,15439.01,-E212,698.26,evehicle,94.94,2026-01-01 01:07:48.500000
ev1,0.0,-E141,15439.01,-E212,698.26,evehicle,94.94,2026-01-01 01:07:49
ev1,0.0,-E141,15439.01,-E212,698.26,evehicle,94.94,2026-01-01 01:07:49.500000
ev1,0.0,-E141,15439.01,-E212,698.26,evehicle,94.94,2026-01-01 01:07:50
ev1,0.0,-E141,15439.01,-E212,698.26,evehicle,94.94,2026-01-01 01:07:50.500000
ev1,0.0,-E141,15439.01,-E212,698.26,evehicle,94.94,2026-01-01 01:07:51
ev1,0.0,-E141,15439.01,-E212,698.26,evehicle,94.94,2026-01-01 01:07:51.500000
ev1,0.0,-E141,15439.01,-E212,698.26,evehicle,94.94,2026-01-01 01:07:52
ev1,0.0,-E141,15439.01,-E212,698.26,evehicle,94.94,2026-01-01 01:07:52.500000
ev1,0.0,-E141,15439.01,-E212,698.26,evehicle,94.94,2026-01-01 01:07:53
ev1,0.0,-E141,15439.01,-E212,698.26,evehicle,94.94,2026-01-01 01:07:53.500000
ev1,0.0,-E141,15439.01,-E212,698.26,evehicle,94.94,2026-01-01 01:07:54
ev1,0.0,-E141,15439.01,-E212,698.26,evehicle,94.94,2026-01-01 01:07:54.500000
ev1,0.0,-E141,15439.01,-E212,698.26,evehicle,94.94,2026-01-01 01:07:55
ev1,0.0,-E141,15439.01,-E212,698.26,evehicle,94.94,2026-01-01 01:07:55.500000
ev1,0.0,-E141,15439.01,-E212,698.26,evehicle,94.94,2026-01-01 01:07:56
ev1,0.0,-E141,15439.01,-E212,698.26,evehicle,94.94,2026-01-01 01:07:56.500000
ev1,0.0,-E141,15439.01,-E212,698.26,evehicle,94.94,2026-01-01 01:07:57
ev1,0.0,-E141,15439.01,-E212,698.26,evehicle,94.94,2026-01-01 01:07:57.500000
ev1,0.0,-E141,15439.01,-E212,698.26,evehicle,94.94,2026-01-01 01:07:58
ev1,0.0,-E141,15439.01,-E212,698.26,evehicle,94.94,2026-01-01 01:07:58.500000
ev1,0.0,-E141,15439.01,-E212,698.26,evehicle,94.94,2026-01-01 01:07:59
ev1,0.0,-E141,15439.01,-E212,698.26,evehicle,94.94,2026-01-01 01:07:59.500000
ev1,0.0,-E141,15439.01,-E212,698.26,evehicle,94.94,2026-01-01 01:08:00
ev1,0.0,-E141,15439.01,-E212,698.26,evehicle,94.94,2026-01-01 01:08:00.500000
ev1,0.0,-E141,15439.01,-E212,698.26,evehicle,94.94,2026-01-01 01:08:01
ev1,0.0,-E141,15439.01,-E212,698.26,evehicle,94.94,2026-01-01 01:08:01.500000
ev1,0.0,-E141,15439.01,-E212,698.26,evehicle,94.94,2026-01-01 01:08:02
ev1,0.0,-E141,15439.01,-E212,698.26,evehicle,94.94,2026-01-01 01:08:02.500000
ev1,0.0,-E141,15439.01,-E212,698.26,evehicle,94.94,2026-01-01 01:08:03
ev1,0.0,-E141,15439.01,-E212,698.26,evehicle,94.94,2026-01-01 01:08:03.500000
ev1,0.0,-E141,15439.01,-E212,698.26,evehicle,94.94,2026-01-01 01:08:04
ev1,0.0,-E141,15439.01,-E212,698.26,evehicle,94.94,2026-01-01 01:08:04.500000
ev1,0.0,-E141,15439.01,-E212,698.26,evehicle,94.94,2026-01-01 01:08:05
ev1,0.0,-E141,15439.01,-E212,698.26,evehicle,94.94,2026-01-01 01:08:05.500000
ev1,0.0,-E141,15439.01,-E212,698.26,evehicle,94.94,2026-01-01 01:08:06
ev1,0.0,-E141,15439.01,-E212,698.26,evehicle,94.94,2026-01-01 01:08:06.500000
ev1,0.0,-E141,15439.01,-E212,698.26,evehicle,94.94,2026-01-01 01:08:07
ev1,0.0,-E141,15439.01,-E212,698.26,evehicle,94.94,2026-01-01 01:08:07.500000
ev1,0.0,-E141,15439.01,-E212,698.26,evehicle,94.94,2026-01-01 01:08:08
ev1,0.0,-E141,15439.01,-E212,698.26,evehicle,94.94,2026-01-01 01:08:08.500000
ev1,0.0,-E141,15439.01,-E212,698.26,evehicle,94.94,2026-01-01 01:08:09
ev1,0.0,-E141,15439.01,-E212,698.26,evehicle,94.94,2026-01-01 01:08:09.500000
ev1,0.0,-E141,15439.01,-E212,698.26,evehicle,94.94,2026-01-01 01:08:10
ev1,0.0,-E141,15439.01,-E212,698.26,evehicle,94.94,2026-01-01 01:08:10.500000
ev1,0.0,-E141,15439.01,-E212,698.26,evehicle,94.94,2026-01-01 01:08:11
ev1,0.0,-E141,15439.01,-E212,698.26,evehicle,94.94,2026-01-01 01:08:11.500000
ev1,0.0,-E141,15439.01,-E212,698.26,evehicle,94.94,2026-01-01 01:08:12
ev1,0.0,-E141,15439.01,-E212,698.26,evehicle,94.94,2026-01-01 01:08:12.500000
ev1,0.0,-E141,15439.01,-E212,698.26,evehicle,94.94,2026-01-01 01:08:13
ev1,0.0,-E141,15439.01,-E212,698.26,evehicle,94.94,2026-01-01 01:08:13.500000
ev1,0.0,-E141,15439.01,-E212,698.26,evehicle,94.94,2026-01-01 01:08:14
ev1,0.0,-E141,15439.01,-E212,698.26,evehicle,94.94,2026-01-01 01:08:14.500000
ev1,0.0,-E141,15439.01,-E212,698.26,evehicle,94.94,2026-01-01 01:08:15
ev1,0.0,-E141,15439.01,-E212,698.26,evehicle,94.94,2026-01-01 01:08:15.500000
ev1,0.0,-E141,15439.01,-E212,698.26,evehicle,94.94,2026-01-01 01:08:16
ev1,0.0,-E141,15439.01,-E212,698.26,evehicle,94.94,2026-01-01 01:08:16.500000
ev1,0.0,-E141,15439.01,-E212,698.26,evehicle,94.94,2026-01-01 01:08:17
ev1,0.0,-E141,15439.01,-E212,698.26,evehicle,94.94,2026-01-01 01:08:17.500000
ev1,0.0,-E141,15439.01,-E212,698.26,evehicle,94.94,2026-01-01 01:08:18
ev1,0.0,-E141,15439.01,-E212,698.26,evehicle,94.94,2026-01-01 01:08:18.500000
ev1,0.0,-E141,15439.01,-E212,698.26,evehicle,94.94,2026-01-01 01:08:19
ev1,0.0,-E141,15439.01,-E212,698.26,evehicle,94.94,2026-01-01 01:08:19.500000
ev1,0.0,-E141,15439.01,-E212,698.26,evehicle,94.94,2026-01-01 01:08:20
ev1,0.0,-E141,15439.01,-E212,698.26,evehicle,94.94,2026-01-01 01:08:20.500000
ev1,0.0,-E141,15439.01,-E212,698.26,evehicle,94.94,2026-01-01 01:08:21
ev1,0.0,-E141,15439.01,-E212,698.26,evehicle,94.94,2026-01-01 01:08:21.500000
ev1,0.0,-E141,15439.01,-E212,698.26,evehicle,94.94,2026-01-01 01:08:22
ev1,0.0,-E141,15439.01,-E212,698.26,evehicle,94.94,2026-01-01 01:08:22.500000
ev1,0.0,-E141,15439.01,-E212,698.26,evehicle,94.94,2026-01-01 01:08:23
ev1,0.0,-E141,15439.01,-E212,698.26,evehicle,94.94,2026-01-01 01:08:23.500000
ev1,0.0,-E141,15439.01,-E212,698.26,evehicle,94.94,2026-01-01 01:08:24
ev1,0.0,-E141,15439.01,-E212,698.26,evehicle,94.94,2026-01-01 01:08:24.500000
ev1,0.0,-E141,15439.01,-E212,698.26,evehicle,94.94,2026-01-01 01:08:25
ev1,0.0,-E141,15439.01,-E212,698.26,evehicle,94.94,2026-01-01 01:08:25.500000
ev1,0.0,-E141,15439.01,-E212,698.26,evehicle,94.94,2026-01-01 01:08:26
ev1,0.0,-E141,15439.01,-E212,698.26,evehicle,94.94,2026-01-01 01:08:26.500000
ev1,0.0,-E141,15439.01,-E212,698.26,evehicle,94.94,2026-01-01 01:08:27
ev1,0.0,-E141,15439.01,-E212,698.26,evehicle,94.94,2026-01-01 01:08:27.500000
ev1,0.0,-E141,15439.01,-E212,698.26,evehicle,94.94,2026-01-01 01:08:28
ev1,0.0,-E141,15439.01,-E212,698.26,evehicle,94.94,2026-01-01 01:08:28.500000
ev1,0.0,-E141,15439.01,-E212,698.26,evehicle,94.94,2026-01-01 01:08:29
ev1,0.0,-E141,15439.01,-E212,698.26,evehicle,94.94,2026-01-01 01:08:29.500000
ev1,0.0,-E141,15439.01,-E212,698.26,evehicle,94.94,2026-01-01 01:08:30
ev1,0.0,-E141,15439.01,-E212,698.26,evehicle,94.94,2026-01-01 01:08:30.500000
ev1,0.0,-E141,15439.01,-E212,698.26,evehicle,94.94,2026-01-01 01:08:31
ev1,0.0,-E141,15439.01,-E212,698.26,evehicle,94.94,2026-01-01 01:08:31.500000
ev1,0.0,-E141,15439.01,-E212,698.26,evehicle,94.94,2026-01-01 01:08:32
ev1,4.39,-E141,15439.62,-E212,697.65,evehicle,94.94,2026-01-01 01:08:32.500000
ev1,7.74,-E141,15440.69,-E212,696.58,evehicle,94.94,2026-01-01 01:08:33
ev1,11.95,-E141,15442.35,-E212,694.92,evehicle,94.94,2026-01-01 01:08:33.500000
ev1,16.31,-E141,15444.62,-E212,692.65,evehicle,94.94,2026-01-01 01:08:34
ev1,20.92,-E141,15447.52,-E212,689.75,evehicle,94.91,2026-01-01 01:08:34.500000
ev1,19.66,:J99_0,15447.52,-E212,689.75,evehicle,94.91,2026-01-01 01:08:35
ev1,20.27,:J99_0,15447.52,-E212,689.75,evehicle,94.91,2026-01-01 01:08:35.500000
ev1,20.7,-E140,15455.95,-E212,681.32,evehicle,94.91,2026-01-01 01:08:36
ev1,23.15,-E140,15459.16,-E212,678.11,evehicle,94.91,2026-01-01 01:08:36.500000
ev1,25.56,-E140,15462.71,-E212,674.56,evehicle,94.91,2026-01-01 01:08:37
ev1,30.13,-E140,15466.9,-E212,670.37,evehicle,94.89,2026-01-01 01:08:37.500000
ev1,33.84,-E140,15471.6,-E212,665.67,evehicle,94.89,2026-01-01 01:08:38
ev1,36.22,-E140,15476.63,-E212,660.64,evehicle,94.86,2026-01-01 01:08:38.500000
ev1,30.06,-E140,15480.8,-E212,656.47,evehicle,94.89,2026-01-01 01:08:39
ev1,21.96,:J98_0,15480.8,-E212,656.47,evehicle,94.91,2026-01-01 01:08:39.500000
ev1,21.78,:J98_0,15480.8,-E212,656.47,evehicle,94.91,2026-01-01 01:08:40
ev1,21.96,:J98_0,15480.8,-E212,656.47,evehicle,94.91,2026-01-01 01:08:40.500000
ev1,20.34,-E139,15492.75,-E212,644.52,evehicle,94.91,2026-01-01 01:08:41
ev1,24.19,-E139,15496.11,-E212,641.16,evehicle,94.89,2026-01-01 01:08:41.500000
ev1,27.47,-E139,15499.92,-E212,637.35,evehicle,94.89,2026-01-01 01:08:42
ev1,31.07,-E139,15504.24,-E212,633.03,evehicle,94.89,2026-01-01 01:08:42.500000
ev1,34.56,-E139,15509.03,-E212,628.24,evehicle,94.86,2026-01-01 01:08:43
ev1,35.03,-E139,15513.9,-E212,623.37,evehicle,94.86,2026-01-01 01:08:43.500000
ev1,27.9,-E139,15517.78,-E212,619.49,evehicle,94.89,2026-01-01 01:08:44
ev1,19.8,-E139,15520.53,-E212,616.74,evehicle,94.91,2026-01-01 01:08:44.500000
ev1,11.7,-E139,15522.15,-E212,615.12,evehicle,94.91,2026-01-01 01:08:45
ev1,4.46,-E139,15522.77,-E212,614.5,evehicle,94.91,2026-01-01 01:08:45.500000
ev1,0.54,-E139,15522.85,-E212,614.42,evehicle,94.91,2026-01-01 01:08:46
ev1,0.07,-E139,15522.86,-E212,614.41,evehicle,94.91,2026-01-01 01:08:46.500000
ev1,0.0,-E139,15522.86,-E212,614.41,evehicle,94.91,2026-01-01 01:08:47
ev1,0.0,-E139,15522.86,-E212,614.41,evehicle,94.91,2026-01-01 01:08:47.500000
ev1,0.0,-E139,15522.86,-E212,614.41,evehicle,94.91,2026-01-01 01:08:48
ev1,0.0,-E139,15522.86,-E212,614.41,evehicle,94.91,2026-01-01 01:08:48.500000
ev1,0.0,-E139,15522.86,-E212,614.41,evehicle,94.91,2026-01-01 01:08:49
ev1,0.0,-E139,15522.86,-E212,614.41,evehicle,94.91,2026-01-01 01:08:49.500000
ev1,0.0,-E139,15522.86,-E212,614.41,evehicle,94.91,2026-01-01 01:08:50
ev1,0.0,-E139,15522.86,-E212,614.41,evehicle,94.91,2026-01-01 01:08:50.500000
ev1,0.0,-E139,15522.86,-E212,614.41,evehicle,94.91,2026-01-01 01:08:51
ev1,0.0,-E139,15522.86,-E212,614.41,evehicle,94.91,2026-01-01 01:08:51.500000
ev1,0.0,-E139,15522.86,-E212,614.41,evehicle,94.91,2026-01-01 01:08:52
ev1,0.0,-E139,15522.86,-E212,614.41,evehicle,94.91,2026-01-01 01:08:52.500000
ev1,0.0,-E139,15522.86,-E212,614.41,evehicle,94.91,2026-01-01 01:08:53
ev1,0.0,-E139,15522.86,-E212,614.41,evehicle,94.91,2026-01-01 01:08:53.500000
ev1,0.0,-E139,15522.86,-E212,614.41,evehicle,94.91,2026-01-01 01:08:54
ev1,0.0,-E139,15522.86,-E212,614.41,evehicle,94.91,2026-01-01 01:08:54.500000
ev1,0.0,-E139,15522.86,-E212,614.41,evehicle,94.91,2026-01-01 01:08:55
ev1,0.0,-E139,15522.86,-E212,614.41,evehicle,94.91,2026-01-01 01:08:55.500000
ev1,0.0,-E139,15522.86,-E212,614.41,evehicle,94.91,2026-01-01 01:08:56
ev1,0.0,-E139,15522.86,-E212,614.41,evehicle,94.91,2026-01-01 01:08:56.500000
ev1,0.0,-E139,15522.86,-E212,614.41,evehicle,94.91,2026-01-01 01:08:57
ev1,0.0,-E139,15522.86,-E212,614.41,evehicle,94.91,2026-01-01 01:08:57.500000
ev1,0.0,-E139,15522.86,-E212,614.41,evehicle,94.91,2026-01-01 01:08:58
ev1,0.0,-E139,15522.86,-E212,614.41,evehicle,94.91,2026-01-01 01:08:58.500000
ev1,0.0,-E139,15522.86,-E212,614.41,evehicle,94.91,2026-01-01 01:08:59
ev1,0.0,-E139,15522.86,-E212,614.41,evehicle,94.91,2026-01-01 01:08:59.500000
ev1,0.0,-E139,15522.86,-E212,614.41,evehicle,94.91,2026-01-01 01:09:00
ev1,4.1,-E139,15523.43,-E212,613.84,evehicle,94.91,2026-01-01 01:09:00.500000
ev1,7.09,:J85_4,15523.43,-E212,613.84,evehicle,94.91,2026-01-01 01:09:01
ev1,9.97,:J85_4,15523.43,-E212,613.84,evehicle,94.91,2026-01-01 01:09:01.500000
ev1,14.08,:J85_4,15523.43,-E212,613.84,evehicle,94.91,2026-01-01 01:09:02
ev1,16.88,:J85_4,15523.43,-E212,613.84,evehicle,94.91,2026-01-01 01:09:02.500000
ev1,19.91,:J85_4,15523.43,-E212,613.84,evehicle,94.89,2026-01-01 01:09:03
ev1,20.99,E105,15535.78,-E212,601.49,evehicle,94.89,2026-01-01 01:09:03.500000
ev1,24.3,E105,15539.15,-E212,598.12,evehicle,94.89,2026-01-01 01:09:04
ev1,26.64,E105,15542.85,-E212,594.42,evehicle,94.89,2026-01-01 01:09:04.500000
ev1,29.59,E105,15546.96,-E212,590.31,evehicle,94.86,2026-01-01 01:09:05
ev1,33.84,E105,15551.66,-E212,585.61,evehicle,94.86,2026-01-01 01:09:05.500000
ev1,37.62,E105,15556.89,-E212,580.38,evehicle,94.83,2026-01-01 01:09:06
ev1,41.98,E105,15562.72,-E212,574.55,evehicle,94.8,2026-01-01 01:09:06.500000
ev1,46.08,E105,15569.12,-E212,568.15,evehicle,94.77,2026-01-01 01:09:07
ev1,45.76,E105,15575.47,-E212,561.8,evehicle,94.77,2026-01-01 01:09:07.500000
ev1,44.42,E105,15581.64,-E212,555.63,evehicle,94.8,2026-01-01 01:09:08
ev1,36.32,E105,15586.69,-E212,550.58,evehicle,94.83,2026-01-01 01:09:08.500000
ev1,28.22,E105,15590.61,-E212,546.66,evehicle,94.86,2026-01-01 01:09:09
ev1,20.3,E105,15593.43,-E212,543.84,evehicle,94.89,2026-01-01 01:09:09.500000
ev1,22.03,:J6_4,15593.43,-E212,543.84,evehicle,94.86,2026-01-01 01:09:10
ev1,20.59,:J6_4,15593.43,-E212,543.84,evehicle,94.89,2026-01-01 01:09:10.500000
ev1,20.52,:J6_4,15593.43,-E212,543.84,evehicle,94.89,2026-01-01 01:09:11
ev1,21.74,:J6_4,15593.43,-E212,543.84,evehicle,94.86,2026-01-01 01:09:11.500000
ev1,20.59,-joulesA,15608.08,-E212,529.19,evehicle,94.86,2026-01-01 01:09:12
ev1,23.47,-joulesA,15611.34,-E212,525.93,evehicle,94.86,2026-01-01 01:09:12.500000
ev1,26.86,-joulesA,15615.07,-E212,522.2,evehicle,94.86,2026-01-01 01:09:13
ev1,31.18,-joulesA,15619.4,-E212,517.87,evehicle,94.83,2026-01-01 01:09:13.500000
ev1,35.24,-joulesA,15624.29,-E212,512.98,evehicle,94.83,2026-01-01 01:09:14
ev1,38.05,-joulesA,15629.58,-E212,507.69,evehicle,94.8,2026-01-01 01:09:14.500000
ev1,42.44,-joulesA,15635.47,-E212,501.8,evehicle,94.77,2026-01-01 01:09:15
ev1,44.93,-joulesA,15641.71,-E212,495.56,evehicle,94.77,2026-01-01 01:09:15.500000
ev1,47.95,-joulesA,15648.37,-E212,488.9,evehicle,94.74,2026-01-01 01:09:16
ev1,50.62,-joulesA,15655.4,-E212,481.87,evehicle,94.74,2026-01-01 01:09:16.500000
ev1,53.6,-joulesA,15662.85,-E212,474.42,evehicle,94.71,2026-01-01 01:09:17
ev1,57.28,-joulesA,15670.8,-E212,466.47,evehicle,94.69,2026-01-01 01:09:17.500000
ev1,60.98,-joulesA,15679.27,-E212,458.0,evehicle,94.66,2026-01-01 01:09:18
ev1,65.66,-joulesA,15688.39,-E212,448.88,evehicle,94.63,2026-01-01 01:09:18.500000
ev1,68.36,-joulesA,15697.88,-E212,439.39,evehicle,94.6,2026-01-01 01:09:19
ev1,72.97,-joulesA,15708.02,-E212,429.25,evehicle,94.54,2026-01-01 01:09:19.500000
ev1,77.15,-joulesA,15718.73,-E212,418.54,evehicle,94.51,2026-01-01 01:09:20
ev1,81.79,-joulesA,15730.09,-E212,407.18,evehicle,94.46,2026-01-01 01:09:20.500000
ev1,85.1,-joulesA,15741.91,-E212,395.36,evehicle,94.43,2026-01-01 01:09:21
ev1,88.38,-joulesA,15754.19,-E212,383.08,evehicle,94.4,2026-01-01 01:09:21.500000
ev1,91.04,-joulesA,15766.83,-E212,370.44,evehicle,94.34,2026-01-01 01:09:22
ev1,86.54,-joulesA,15778.85,-E212,358.42,evehicle,94.4,2026-01-01 01:09:22.500000
ev1,78.91,:J5_8,15778.85,-E212,358.42,evehicle,94.46,2026-01-01 01:09:23
ev1,70.81,:J5_8,15778.85,-E212,358.42,evehicle,94.51,2026-01-01 01:09:23.500000
ev1,62.71,-joulesB,15808.35,-E212,328.92,evehicle,94.57,2026-01-01 01:09:24
ev1,54.61,-joulesB,15815.93,-E212,321.34,evehicle,94.63,2026-01-01 01:09:24.500000
ev1,46.69,-joulesB,15822.42,-E212,314.85,evehicle,94.69,2026-01-01 01:09:25
ev1,38.59,-joulesB,15827.77,-E212,309.5,evehicle,94.71,2026-01-01 01:09:25.500000
ev1,30.49,-joulesB,15832.01,-E212,305.26,evehicle,94.74,2026-01-01 01:09:26
ev1,23.44,:J2_10,15832.01,-E212,305.26,evehicle,94.77,2026-01-01 01:09:26.500000
ev1,26.75,:J2_11,15832.01,-E212,305.26,evehicle,94.74,2026-01-01 01:09:27
ev1,31.43,:J2_11,15832.01,-E212,305.26,evehicle,94.74,2026-01-01 01:09:27.500000
ev1,33.41,:J2_11,15832.01,-E212,305.26,evehicle,94.71,2026-01-01 01:09:28
ev1,31.32,:J2_11,15832.01,-E212,305.26,evehicle,94.74,2026-01-01 01:09:28.500000
ev1,31.46,euler,15856.7,-E212,280.57,evehicle,94.74,2026-01-01 01:09:29
ev1,35.75,euler,15861.67,-E212,275.6,evehicle,94.71,2026-01-01 01:09:29.500000
ev1,38.34,euler,15866.99,-E212,270.28,evehicle,94.71,2026-01-01 01:09:30
ev1,36.18,euler,15872.02,-E212,265.25,evehicle,94.71,2026-01-01 01:09:30.500000
ev1,29.12,euler,15876.06,-E212,261.21,evehicle,94.74,2026-01-01 01:09:31
ev1,21.02,euler,15878.98,-E212,258.29,evehicle,94.74,2026-01-01 01:09:31.500000
ev1,12.92,euler,15880.78,-E212,256.49,evehicle,94.77,2026-01-01 01:09:32
ev1,4.82,euler,15881.45,-E212,255.82,evehicle,94.77,2026-01-01 01:09:32.500000
ev1,1.04,euler,15881.59,-E212,255.68,evehicle,94.77,2026-01-01 01:09:33
ev1,0.11,euler,15881.61,-E212,255.66,evehicle,94.77,2026-01-01 01:09:33.500000
ev1,0.0,euler,15881.61,-E212,255.66,evehicle,94.77,2026-01-01 01:09:34
ev1,0.0,euler,15881.61,-E212,255.66,evehicle,94.77,2026-01-01 01:09:34.500000
ev1,0.0,euler,15881.61,-E212,255.66,evehicle,94.77,2026-01-01 01:09:35
ev1,0.0,euler,15881.61,-E212,255.66,evehicle,94.77,2026-01-01 01:09:35.500000
ev1,0.0,euler,15881.61,-E212,255.66,evehicle,94.77,2026-01-01 01:09:36
ev1,0.0,euler,15881.61,-E212,255.66,evehicle,94.77,2026-01-01 01:09:36.500000
ev1,0.0,euler,15881.61,-E212,255.66,evehicle,94.77,2026-01-01 01:09:37
ev1,0.0,euler,15881.61,-E212,255.66,evehicle,94.77,2026-01-01 01:09:37.500000
ev1,0.0,euler,15881.61,-E212,255.66,evehicle,94.77,2026-01-01 01:09:38
ev1,0.0,euler,15881.61,-E212,255.66,evehicle,94.77,2026-01-01 01:09:38.500000
ev1,0.0,euler,15881.61,-E212,255.66,evehicle,94.77,2026-01-01 01:09:39
ev1,0.0,euler,15881.61,-E212,255.66,evehicle,94.77,2026-01-01 01:09:39.500000
ev1,0.0,euler,15881.61,-E212,255.66,evehicle,94.77,2026-01-01 01:09:40
ev1,0.0,euler,15881.61,-E212,255.66,evehicle,94.77,2026-01-01 01:09:40.500000
ev1,0.0,euler,15881.61,-E212,255.66,evehicle,94.77,2026-01-01 01:09:41
ev1,0.0,euler,15881.61,-E212,255.66,evehicle,94.77,2026-01-01 01:09:41.500000
ev1,0.0,euler,15881.61,-E212,255.66,evehicle,94.77,2026-01-01 01:09:42
ev1,0.0,euler,15881.61,-E212,255.66,evehicle,94.77,2026-01-01 01:09:42.500000
ev1,0.0,euler,15881.61,-E212,255.66,evehicle,94.77,2026-01-01 01:09:43
ev1,0.0,euler,15881.61,-E212,255.66,evehicle,94.77,2026-01-01 01:09:43.500000
ev1,0.0,euler,15881.61,-E212,255.66,evehicle,94.77,2026-01-01 01:09:44
ev1,0.0,euler,15881.61,-E212,255.66,evehicle,94.77,2026-01-01 01:09:44.500000
ev1,0.0,euler,15881.61,-E212,255.66,evehicle,94.77,2026-01-01 01:09:45
ev1,0.0,euler,15881.61,-E212,255.66,evehicle,94.77,2026-01-01 01:09:45.500000
ev1,0.0,euler,15881.61,-E212,255.66,evehicle,94.77,2026-01-01 01:09:46
ev1,0.0,euler,15881.61,-E212,255.66,evehicle,94.77,2026-01-01 01:09:46.500000
ev1,0.0,euler,15881.61,-E212,255.66,evehicle,94.77,2026-01-01 01:09:47
ev1,0.0,euler,15881.61,-E212,255.66,evehicle,94.77,2026-01-01 01:09:47.500000
ev1,0.0,euler,15881.61,-E212,255.66,evehicle,94.77,2026-01-01 01:09:48
ev1,0.0,euler,15881.61,-E212,255.66,evehicle,94.77,2026-01-01 01:09:48.500000
ev1,0.0,euler,15881.61,-E212,255.66,evehicle,94.77,2026-01-01 01:09:49
ev1,0.0,euler,15881.61,-E212,255.66,evehicle,94.77,2026-01-01 01:09:49.500000
ev1,0.0,euler,15881.61,-E212,255.66,evehicle,94.77,2026-01-01 01:09:50
ev1,0.0,euler,15881.61,-E212,255.66,evehicle,94.77,2026-01-01 01:09:50.500000
ev1,0.0,euler,15881.61,-E212,255.66,evehicle,94.77,2026-01-01 01:09:51
ev1,0.0,euler,15881.61,-E212,255.66,evehicle,94.77,2026-01-01 01:09:51.500000
ev1,0.0,euler,15881.61,-E212,255.66,evehicle,94.77,2026-01-01 01:09:52
ev1,0.0,euler,15881.61,-E212,255.66,evehicle,94.77,2026-01-01 01:09:52.500000
ev1,0.0,euler,15881.61,-E212,255.66,evehicle,94.77,2026-01-01 01:09:53
ev1,0.0,euler,15881.61,-E212,255.66,evehicle,94.77,2026-01-01 01:09:53.500000
ev1,0.0,euler,15881.61,-E212,255.66,evehicle,94.77,2026-01-01 01:09:54
ev1,0.0,euler,15881.61,-E212,255.66,evehicle,94.77,2026-01-01 01:09:54.500000
ev1,0.0,euler,15881.61,-E212,255.66,evehicle,94.77,2026-01-01 01:09:55
ev1,0.0,euler,15881.61,-E212,255.66,evehicle,94.77,2026-01-01 01:09:55.500000
ev1,0.0,euler,15881.61,-E212,255.66,evehicle,94.77,2026-01-01 01:09:56
ev1,0.0,euler,15881.61,-E212,255.66,evehicle,94.77,2026-01-01 01:09:56.500000
ev1,0.0,euler,15881.61,-E212,255.66,evehicle,94.77,2026-01-01 01:09:57
ev1,0.0,euler,15881.61,-E212,255.66,evehicle,94.77,2026-01-01 01:09:57.500000
ev1,0.0,euler,15881.61,-E212,255.66,evehicle,94.77,2026-01-01 01:09:58
ev1,0.0,euler,15881.61,-E212,255.66,evehicle,94.77,2026-01-01 01:09:58.500000
ev1,0.0,euler,15881.61,-E212,255.66,evehicle,94.77,2026-01-01 01:09:59
ev1,0.0,euler,15881.61,-E212,255.66,evehicle,94.77,2026-01-01 01:09:59.500000
ev1,0.0,euler,15881.61,-E212,255.66,evehicle,94.77,2026-01-01 01:10:00
ev1,3.64,euler,15882.12,-E212,255.15,evehicle,94.77,2026-01-01 01:10:00.500000
ev1,7.27,:J7_8,15882.12,-E212,255.15,evehicle,94.77,2026-01-01 01:10:01
ev1,11.48,:J7_8,15882.12,-E212,255.15,evehicle,94.77,2026-01-01 01:10:01.500000
ev1,13.82,:J7_8,15882.12,-E212,255.15,evehicle,94.77,2026-01-01 01:10:02
ev1,17.14,:J7_8,15882.12,-E212,255.15,evehicle,94.77,2026-01-01 01:10:02.500000
ev1,20.48,E2,15891.87,-E212,245.4,evehicle,94.74,2026-01-01 01:10:03
ev1,24.59,E2,15895.28,-E212,241.99,evehicle,94.74,2026-01-01 01:10:03.500000
ev1,27.04,E2,15899.04,-E212,238.23,evehicle,94.71,2026-01-01 01:10:04
ev1,30.78,E2,15903.31,-E212,233.96,evehicle,94.71,2026-01-01 01:10:04.500000
ev1,33.77,E2,15908.0,-E212,229.27,evehicle,94.71,2026-01-01 01:10:05
ev1,37.04,E2,15913.15,-E212,224.12,evehicle,94.69,2026-01-01 01:10:05.500000
ev1,40.07,E2,15918.71,-E212,218.56,evehicle,94.69,2026-01-01 01:10:06
ev1,36.5,E2,15923.78,-E212,213.49,evehicle,94.69,2026-01-01 01:10:06.500000
ev1,30.24,:J12_2,15923.78,-E212,213.49,evehicle,94.71,2026-01-01 01:10:07
ev1,29.7,:J12_2,15923.78,-E212,213.49,evehicle,94.71,2026-01-01 01:10:07.500000
ev1,30.13,:J12_2,15923.78,-E212,213.49,evehicle,94.71,2026-01-01 01:10:08
ev1,28.55,:J12_2,15923.78,-E212,213.49,evehicle,94.71,2026-01-01 01:10:08.500000
ev1,29.95,-E94,15944.42,-E212,192.85,evehicle,94.71,2026-01-01 01:10:09
ev1,34.2,-E94,15949.17,-E212,188.1,evehicle,94.69,2026-01-01 01:10:09.500000
ev1,36.97,-E94,15954.3,-E212,182.97,evehicle,94.69,2026-01-01 01:10:10
ev1,40.43,-E94,15959.91,-E212,177.36,evehicle,94.66,2026-01-01 01:10:10.500000
ev1,42.98,-E94,15965.89,-E212,171.38,evehicle,94.63,2026-01-01 01:10:11
ev1,46.12,-E94,15972.29,-E212,164.98,evehicle,94.63,2026-01-01 01:10:11.500000
ev1,38.23,-E94,15977.6,-E212,159.67,evehicle,94.66,2026-01-01 01:10:12
ev1,30.13,:J21_9,15977.6,-E212,159.67,evehicle,94.69,2026-01-01 01:10:12.500000
ev1,30.2,:J21_9,15977.6,-E212,159.67,evehicle,94.69,2026-01-01 01:10:13
ev1,29.88,E97,15990.13,-E212,147.14,evehicle,94.69,2026-01-01 01:10:13.500000
ev1,29.45,E97,15994.22,-E212,143.05,evehicle,94.69,2026-01-01 01:10:14
ev1,29.02,E97,15998.25,-E212,139.02,evehicle,94.69,2026-01-01 01:10:14.500000
ev1,28.62,E97,16002.23,-E212,135.04,evehicle,94.69,2026-01-01 01:10:15
ev1,28.19,E97,16006.14,-E212,131.13,evehicle,94.69,2026-01-01 01:10:15.500000
ev1,27.76,E97,16010.0,-E212,127.27,evehicle,94.69,2026-01-01 01:10:16
ev1,27.36,E97,16013.8,-E212,123.47,evehicle,94.69,2026-01-01 01:10:16.500000
ev1,26.93,E97,16017.54,-E212,119.73,evehicle,94.69,2026-01-01 01:10:17
ev1,26.5,E97,16021.22,-E212,116.05,evehicle,94.69,2026-01-01 01:10:17.500000
ev1,26.1,E97,16024.84,-E212,112.43,evehicle,94.69,2026-01-01 01:10:18
ev1,25.67,E97,16028.41,-E212,108.86,evehicle,94.69,2026-01-01 01:10:18.500000
ev1,25.24,E97,16031.91,-E212,105.36,evehicle,94.69,2026-01-01 01:10:19
ev1,24.84,E97,16035.36,-E212,101.91,evehicle,94.69,2026-01-01 01:10:19.500000
ev1,24.41,E97,16038.75,-E212,98.52,evehicle,94.69,2026-01-01 01:10:20
ev1,23.98,E97,16042.08,-E212,95.19,evehicle,94.69,2026-01-01 01:10:20.500000
ev1,23.58,E97,16045.35,-E212,91.92,evehicle,94.69,2026-01-01 01:10:21
ev1,23.15,E97,16048.57,-E212,88.7,evehicle,94.69,2026-01-01 01:10:21.500000
ev1,22.72,E97,16051.72,-E212,85.55,evehicle,94.69,2026-01-01 01:10:22
ev1,22.32,E97,16054.82,-E212,82.45,evehicle,94.69,2026-01-01 01:10:22.500000
ev1,21.89,E97,16057.86,-E212,79.41,evehicle,94.69,2026-01-01 01:10:23
ev1,21.46,E97,16060.84,-E212,76.43,evehicle,94.69,2026-01-01 01:10:23.500000
ev1,21.06,E97,16063.77,-E212,73.5,evehicle,94.69,2026-01-01 01:10:24
ev1,20.63,E97,16066.63,-E212,70.64,evehicle,94.69,2026-01-01 01:10:24.500000
ev1,20.2,:J66_14,16066.63,-E212,70.64,evehicle,94.69,2026-01-01 01:10:25
ev1,19.8,:J66_14,16066.63,-E212,70.64,evehicle,94.69,2026-01-01 01:10:25.500000
ev1,19.44,:J66_14,16066.63,-E212,70.64,evehicle,94.69,2026-01-01 01:10:26
ev1,19.04,:J66_14,16066.63,-E212,70.64,evehicle,94.69,2026-01-01 01:10:26.500000
ev1,18.68,:J66_14,16066.63,-E212,70.64,evehicle,94.69,2026-01-01 01:10:27
ev1,18.36,:J66_14,16066.63,-E212,70.64,evehicle,94.71,2026-01-01 01:10:27.500000
ev1,18.04,:J66_14,16066.63,-E212,70.64,evehicle,94.71,2026-01-01 01:10:28
ev1,17.71,:J66_14,16066.63,-E212,70.64,evehicle,94.71,2026-01-01 01:10:28.500000
ev1,17.39,:J66_14,16066.63,-E212,70.64,evehicle,94.71,2026-01-01 01:10:29
ev1,17.1,:J66_14,16066.63,-E212,70.64,evehicle,94.71,2026-01-01 01:10:29.500000
ev1,16.81,:J66_14,16066.63,-E212,70.64,evehicle,94.71,2026-01-01 01:10:30
ev1,16.52,:J66_14,16066.63,-E212,70.64,evehicle,94.71,2026-01-01 01:10:30.500000
ev1,16.27,-E212,16099.32,-E212,37.95,evehicle,94.71,2026-01-01 01:10:31
ev1,15.77,-E212,16101.51,-E212,35.76,evehicle,94.71,2026-01-01 01:10:31.500000
ev1,15.3,-E212,16103.64,-E212,33.63,evehicle,94.71,2026-01-01 01:10:32
ev1,14.8,-E212,16105.69,-E212,31.58,evehicle,94.71,2026-01-01 01:10:32.500000
ev1,14.33,-E212,16107.68,-E212,29.59,evehicle,94.71,2026-01-01 01:10:33
ev1,13.86,-E212,16109.61,-E212,27.66,evehicle,94.71,2026-01-01 01:10:33.500000
ev1,13.36,-E212,16111.46,-E212,25.81,evehicle,94.71,2026-01-01 01:10:34
ev1,12.89,-E212,16113.25,-E212,24.02,evehicle,94.71,2026-01-01 01:10:34.500000
ev1,12.42,-E212,16114.98,-E212,22.29,evehicle,94.71,2026-01-01 01:10:35
ev1,11.92,-E212,16116.63,-E212,20.64,evehicle,94.71,2026-01-01 01:10:35.500000
ev1,11.45,-E212,16118.22,-E212,19.05,evehicle,94.71,2026-01-01 01:10:36
ev1,10.98,-E212,16119.75,-E212,17.52,evehicle,94.71,2026-01-01 01:10:36.500000
ev1,10.48,-E212,16121.2,-E212,16.07,evehicle,94.71,2026-01-01 01:10:37
ev1,10.01,-E212,16122.6,-E212,14.67,evehicle,94.71,2026-01-01 01:10:37.500000
ev1,9.54,-E212,16123.92,-E212,13.35,evehicle,94.71,2026-01-01 01:10:38
ev1,9.07,-E212,16125.18,-E212,12.09,evehicle,94.71,2026-01-01 01:10:38.500000
ev1,8.6,-E212,16126.38,-E212,10.89,evehicle,94.71,2026-01-01 01:10:39
ev1,8.14,-E212,16127.5,-E212,9.77,evehicle,94.71,2026-01-01 01:10:39.500000
ev1,0.04,-E212,16127.51,-E212,9.76,evehicle,94.71,2026-01-01 01:10:40
ev1,0.0,-E212,16127.51,-E23,725.11,evehicle,94.71,2026-01-01 01:10:40.500000
ev1,0.0,-E212,16127.51,-E23,725.11,evehicle,94.71,2026-01-01 01:10:41
ev1,0.0,-E212,16127.51,-E23,725.11,evehicle,94.71,2026-01-01 01:10:41.500000
ev1,0.0,-E212,16127.51,-E23,725.11,evehicle,94.71,2026-01-01 01:10:42
ev1,0.0,-E212,16127.51,-E23,725.11,evehicle,94.71,2026-01-01 01:10:42.500000
ev1,0.0,-E212,16127.51,-E23,725.11,evehicle,94.71,2026-01-01 01:10:43
ev1,0.0,-E212,16127.51,-E23,725.11,evehicle,94.71,2026-01-01 01:10:43.500000
ev1,0.0,-E212,16127.51,-E23,725.11,evehicle,94.71,2026-01-01 01:10:44
ev1,0.0,-E212,16127.51,-E23,725.11,evehicle,94.71,2026-01-01 01:10:44.500000
ev1,0.0,-E212,16127.51,-E23,725.11,evehicle,94.71,2026-01-01 01:10:45
ev1,0.0,-E212,16127.51,-E23,725.11,evehicle,94.71,2026-01-01 01:10:45.500000
ev1,0.0,-E212,16127.51,-E23,725.11,evehicle,94.71,2026-01-01 01:10:46
ev1,0.0,-E212,16127.51,-E23,725.11,evehicle,94.71,2026-01-01 01:10:46.500000
ev1,0.0,-E212,16127.51,-E23,725.11,evehicle,94.71,2026-01-01 01:10:47
ev1,0.0,-E212,16127.51,-E23,725.11,evehicle,94.71,2026-01-01 01:10:47.500000
ev1,0.0,-E212,16127.51,-E23,725.11,evehicle,94.71,2026-01-01 01:10:48
ev1,0.0,-E212,16127.51,-E23,725.11,evehicle,94.71,2026-01-01 01:10:48.500000
ev1,0.0,-E212,16127.51,-E23,725.11,evehicle,94.71,2026-01-01 01:10:49
ev1,0.0,-E212,16127.51,-E23,725.11,evehicle,94.71,2026-01-01 01:10:49.500000
ev1,0.0,-E212,16127.51,-E23,725.11,evehicle,94.71,2026-01-01 01:10:50
ev1,0.0,-E212,16127.51,-E23,725.11,evehicle,94.71,2026-01-01 01:10:50.500000
ev1,0.0,-E212,16127.51,-E23,725.11,evehicle,94.71,2026-01-01 01:10:51
ev1,0.0,-E212,16127.51,-E23,725.11,evehicle,94.71,2026-01-01 01:10:51.500000
ev1,0.0,-E212,16127.51,-E23,725.11,evehicle,94.71,2026-01-01 01:10:52
ev1,0.0,-E212,16127.51,-E23,725.11,evehicle,94.71,2026-01-01 01:10:52.500000
ev1,0.0,-E212,16127.51,-E23,725.11,evehicle,94.71,2026-01-01 01:10:53
ev1,0.0,-E212,16127.51,-E23,725.11,evehicle,94.71,2026-01-01 01:10:53.500000
ev1,0.0,-E212,16127.51,-E23,725.11,evehicle,94.71,2026-01-01 01:10:54
ev1,0.0,-E212,16127.51,-E23,725.11,evehicle,94.71,2026-01-01 01:10:54.500000
ev1,0.0,-E212,16127.51,-E23,725.11,evehicle,94.71,2026-01-01 01:10:55
ev1,0.0,-E212,16127.51,-E23,725.11,evehicle,94.71,2026-01-01 01:10:55.500000
ev1,0.0,-E212,16127.51,-E23,725.11,evehicle,94.71,2026-01-01 01:10:56
ev1,0.0,-E212,16127.51,-E23,725.11,evehicle,94.71,2026-01-01 01:10:56.500000
ev1,0.0,-E212,16127.51,-E23,725.11,evehicle,94.71,2026-01-01 01:10:57
ev1,0.0,-E212,16127.51,-E23,725.11,evehicle,94.71,2026-01-01 01:10:57.500000
ev1,0.0,-E212,16127.51,-E23,725.11,evehicle,94.71,2026-01-01 01:10:58
ev1,0.0,-E212,16127.51,-E23,725.11,evehicle,94.71,2026-01-01 01:10:58.500000
ev1,0.0,-E212,16127.51,-E23,725.11,evehicle,94.71,2026-01-01 01:10:59
ev1,0.0,-E212,16127.51,-E23,725.11,evehicle,94.71,2026-01-01 01:10:59.500000
ev1,0.0,-E212,16127.51,-E23,725.11,evehicle,94.71,2026-01-01 01:11:00
ev1,0.0,-E212,16127.51,-E23,725.11,evehicle,94.71,2026-01-01 01:11:00.500000
ev1,0.0,-E212,16127.51,-E23,725.11,evehicle,94.71,2026-01-01 01:11:01
ev1,0.0,-E212,16127.51,-E23,725.11,evehicle,94.71,2026-01-01 01:11:01.500000
ev1,0.0,-E212,16127.51,-E23,725.11,evehicle,94.71,2026-01-01 01:11:02
ev1,0.0,-E212,16127.51,-E23,725.11,evehicle,94.71,2026-01-01 01:11:02.500000
ev1,0.0,-E212,16127.51,-E23,725.11,evehicle,94.71,2026-01-01 01:11:03
ev1,0.0,-E212,16127.51,-E23,725.11,evehicle,94.71,2026-01-01 01:11:03.500000
ev1,0.0,-E212,16127.51,-E23,725.11,evehicle,94.71,2026-01-01 01:11:04
ev1,0.0,-E212,16127.51,-E23,725.11,evehicle,94.71,2026-01-01 01:11:04.500000
ev1,0.0,-E212,16127.51,-E23,725.11,evehicle,94.71,2026-01-01 01:11:05
ev1,0.0,-E212,16127.51,-E23,725.11,evehicle,94.71,2026-01-01 01:11:05.500000
ev1,0.0,-E212,16127.51,-E23,725.11,evehicle,94.71,2026-01-01 01:11:06
ev1,0.0,-E212,16127.51,-E23,725.11,evehicle,94.71,2026-01-01 01:11:06.500000
ev1,0.0,-E212,16127.51,-E23,725.11,evehicle,94.71,2026-01-01 01:11:07
ev1,0.0,-E212,16127.51,-E23,725.11,evehicle,94.71,2026-01-01 01:11:07.500000
ev1,0.0,-E212,16127.51,-E23,725.11,evehicle,94.71,2026-01-01 01:11:08
ev1,0.0,-E212,16127.51,-E23,725.11,evehicle,94.71,2026-01-01 01:11:08.500000
ev1,0.0,-E212,16127.51,-E23,725.11,evehicle,94.71,2026-01-01 01:11:09
ev1,0.0,-E212,16127.51,-E23,725.11,evehicle,94.71,2026-01-01 01:11:09.500000
ev1,0.0,-E212,16127.51,-E23,725.11,evehicle,94.71,2026-01-01 01:11:10
ev1,0.0,-E212,16127.51,-E23,725.11,evehicle,94.71,2026-01-01 01:11:10.500000
ev1,0.0,-E212,16127.51,-E23,725.11,evehicle,94.71,2026-01-01 01:11:11
ev1,0.0,-E212,16127.51,-E23,725.11,evehicle,94.71,2026-01-01 01:11:11.500000
ev1,0.0,-E212,16127.51,-E23,725.11,evehicle,94.71,2026-01-01 01:11:12
ev1,0.0,-E212,16127.51,-E23,725.11,evehicle,94.71,2026-01-01 01:11:12.500000
ev1,0.0,-E212,16127.51,-E23,725.11,evehicle,94.71,2026-01-01 01:11:13
ev1,0.0,-E212,16127.51,-E23,725.11,evehicle,94.71,2026-01-01 01:11:13.500000
ev1,0.0,-E212,16127.51,-E23,725.11,evehicle,94.71,2026-01-01 01:11:14
ev1,0.0,-E212,16127.51,-E23,725.11,evehicle,94.71,2026-01-01 01:11:14.500000
ev1,0.0,-E212,16127.51,-E23,725.11,evehicle,94.71,2026-01-01 01:11:15
ev1,0.0,-E212,16127.51,-E23,725.11,evehicle,94.71,2026-01-01 01:11:15.500000
ev1,0.0,-E212,16127.51,-E23,725.11,evehicle,94.71,2026-01-01 01:11:16
ev1,0.0,-E212,16127.51,-E23,725.11,evehicle,94.71,2026-01-01 01:11:16.500000
ev1,0.0,-E212,16127.51,-E23,725.11,evehicle,94.71,2026-01-01 01:11:17
ev1,0.0,-E212,16127.51,-E23,725.11,evehicle,94.71,2026-01-01 01:11:17.500000
ev1,0.0,-E212,16127.51,-E23,725.11,evehicle,94.71,2026-01-01 01:11:18
ev1,0.0,-E212,16127.51,-E23,725.11,evehicle,94.71,2026-01-01 01:11:18.500000
ev1,0.0,-E212,16127.51,-E23,725.11,evehicle,94.71,2026-01-01 01:11:19
ev1,0.0,-E212,16127.51,-E23,725.11,evehicle,94.71,2026-01-01 01:11:19.500000
ev1,0.0,-E212,16127.51,-E23,725.11,evehicle,94.71,2026-01-01 01:11:20
ev1,0.0,-E212,16127.51,-E23,725.11,evehicle,94.71,2026-01-01 01:11:20.500000
ev1,0.0,-E212,16127.51,-E23,725.11,evehicle,94.71,2026-01-01 01:11:21
ev1,0.0,-E212,16127.51,-E23,725.11,evehicle,94.71,2026-01-01 01:11:21.500000
ev1,0.0,-E212,16127.51,-E23,725.11,evehicle,94.71,2026-01-01 01:11:22
ev1,0.0,-E212,16127.51,-E23,725.11,evehicle,94.71,2026-01-01 01:11:22.500000
ev1,0.0,-E212,16127.51,-E23,725.11,evehicle,94.71,2026-01-01 01:11:23
ev1,0.0,-E212,16127.51,-E23,725.11,evehicle,94.71,2026-01-01 01:11:23.500000
ev1,0.0,-E212,16127.51,-E23,725.11,evehicle,94.71,2026-01-01 01:11:24
ev1,0.0,-E212,16127.51,-E23,725.11,evehicle,94.71,2026-01-01 01:11:24.500000
ev1,0.0,-E212,16127.51,-E23,725.11,evehicle,94.71,2026-01-01 01:11:25
ev1,0.0,-E212,16127.51,-E23,725.11,evehicle,94.71,2026-01-01 01:11:25.500000
ev1,0.0,-E212,16127.51,-E23,725.11,evehicle,94.71,2026-01-01 01:11:26
ev1,0.0,-E212,16127.51,-E23,725.11,evehicle,94.71,2026-01-01 01:11:26.500000
ev1,0.0,-E212,16127.51,-E23,725.11,evehicle,94.71,2026-01-01 01:11:27
ev1,0.0,-E212,16127.51,-E23,725.11,evehicle,94.71,2026-01-01 01:11:27.500000
ev1,0.0,-E212,16127.51,-E23,725.11,evehicle,94.71,2026-01-01 01:11:28
ev1,0.0,-E212,16127.51,-E23,725.11,evehicle,94.71,2026-01-01 01:11:28.500000
ev1,0.0,-E212,16127.51,-E23,725.11,evehicle,94.71,2026-01-01 01:11:29
ev1,0.0,-E212,16127.51,-E23,725.11,evehicle,94.71,2026-01-01 01:11:29.500000
ev1,0.0,-E212,16127.51,-E23,725.11,evehicle,94.71,2026-01-01 01:11:30
ev1,0.0,-E212,16127.51,-E23,725.11,evehicle,94.71,2026-01-01 01:11:30.500000
ev1,0.0,-E212,16127.51,-E23,725.11,evehicle,94.71,2026-01-01 01:11:31
ev1,0.0,-E212,16127.51,-E23,725.11,evehicle,94.71,2026-01-01 01:11:31.500000
ev1,0.0,-E212,16127.51,-E23,725.11,evehicle,94.71,2026-01-01 01:11:32
ev1,0.0,-E212,16127.51,-E23,725.11,evehicle,94.71,2026-01-01 01:11:32.500000
ev1,0.0,-E212,16127.51,-E23,725.11,evehicle,94.71,2026-01-01 01:11:33
ev1,0.0,-E212,16127.51,-E23,725.11,evehicle,94.71,2026-01-01 01:11:33.500000
ev1,0.0,-E212,16127.51,-E23,725.11,evehicle,94.71,2026-01-01 01:11:34
ev1,0.0,-E212,16127.51,-E23,725.11,evehicle,94.71,2026-01-01 01:11:34.500000
ev1,0.0,-E212,16127.51,-E23,725.11,evehicle,94.71,2026-01-01 01:11:35
ev1,0.0,-E212,16127.51,-E23,725.11,evehicle,94.71,2026-01-01 01:11:35.500000
ev1,0.0,-E212,16127.51,-E23,725.11,evehicle,94.71,2026-01-01 01:11:36
ev1,0.0,-E212,16127.51,-E23,725.11,evehicle,94.71,2026-01-01 01:11:36.500000
ev1,0.0,-E212,16127.51,-E23,725.11,evehicle,94.71,2026-01-01 01:11:37
ev1,0.0,-E212,16127.51,-E23,725.11,evehicle,94.71,2026-01-01 01:11:37.500000
ev1,0.0,-E212,16127.51,-E23,725.11,evehicle,94.71,2026-01-01 01:11:38
ev1,0.0,-E212,16127.51,-E23,725.11,evehicle,94.71,2026-01-01 01:11:38.500000
ev1,0.0,-E212,16127.51,-E23,725.11,evehicle,94.71,2026-01-01 01:11:39
ev1,0.0,-E212,16127.51,-E23,725.11,evehicle,94.71,2026-01-01 01:11:39.500000
ev1,0.0,-E212,16127.51,-E23,725.11,evehicle,94.71,2026-01-01 01:11:40
ev1,0.0,-E212,16127.51,-E23,725.11,evehicle,94.71,2026-01-01 01:11:40.500000
ev1,4.14,-E212,16128.08,-E23,724.54,evehicle,94.71,2026-01-01 01:11:41
ev1,7.38,-E212,16129.11,-E23,723.51,evehicle,94.71,2026-01-01 01:11:41.500000
ev1,11.63,-E212,16130.73,-E23,721.89,evehicle,94.69,2026-01-01 01:11:42
ev1,15.48,-E212,16132.87,-E23,719.75,evehicle,94.69,2026-01-01 01:11:42.500000
ev1,18.68,-E212,16135.47,-E23,717.15,evehicle,94.69,2026-01-01 01:11:43
ev1,12.49,-E212,16137.2,-E23,715.42,evehicle,94.69,2026-01-01 01:11:43.500000
ev1,12.53,:J144_1,16137.2,-E23,715.42,evehicle,94.69,2026-01-01 01:11:44
ev1,13.14,-E211,16140.77,-E23,711.85,evehicle,94.69,2026-01-01 01:11:44.500000
ev1,16.27,-E211,16143.03,-E23,709.59,evehicle,94.69,2026-01-01 01:11:45
ev1,20.66,-E211,16145.9,-E23,706.72,evehicle,94.69,2026-01-01 01:11:45.500000
ev1,24.77,-E211,16149.34,-E23,703.28,evehicle,94.66,2026-01-01 01:11:46
ev1,28.58,-E211,16153.31,-E23,699.31,evehicle,94.66,2026-01-01 01:11:46.500000
ev1,31.75,-E211,16157.72,-E23,694.9,evehicle,94.63,2026-01-01 01:11:47
ev1,35.6,-E211,16162.66,-E23,689.96,evehicle,94.63,2026-01-01 01:11:47.500000
ev1,39.82,-E211,16168.19,-E23,684.43,evehicle,94.6,2026-01-01 01:11:48
ev1,42.44,-E211,16174.08,-E23,678.54,evehicle,94.6,2026-01-01 01:11:48.500000
ev1,45.58,:J133_5,16174.08,-E23,678.54,evehicle,94.57,2026-01-01 01:11:49
ev1,46.51,:J133_5,16174.08,-E23,678.54,evehicle,94.57,2026-01-01 01:11:49.500000
ev1,47.09,:J133_5,16174.08,-E23,678.54,evehicle,94.57,2026-01-01 01:11:50
ev1,46.94,E194,16199.93,-E23,652.69,evehicle,94.57,2026-01-01 01:11:50.500000
ev1,45.54,E194,16206.26,-E23,646.36,evehicle,94.57,2026-01-01 01:11:51
ev1,46.69,E194,16212.74,-E23,639.88,evehicle,94.54,2026-01-01 01:11:51.500000
ev1,45.36,E194,16219.04,-E23,633.58,evehicle,94.57,2026-01-01 01:11:52
ev1,46.12,E194,16225.45,-E23,627.17,evehicle,94.54,2026-01-01 01:11:52.500000
ev1,46.58,:J134_5,16225.45,-E23,627.17,evehicle,94.54,2026-01-01 01:11:53
ev1,46.3,:J134_5,16225.45,-E23,627.17,evehicle,94.54,2026-01-01 01:11:53.500000
ev1,45.54,E208,16244.67,-E23,607.95,evehicle,94.54,2026-01-01 01:11:54
ev1,46.98,E208,16251.19,-E23,601.43,evehicle,94.54,2026-01-01 01:11:54.500000
ev1,46.58,E208,16257.66,-E23,594.96,evehicle,94.54,2026-01-01 01:11:55
ev1,47.16,E208,16264.21,-E23,588.41,evehicle,94.54,2026-01-01 01:11:55.500000
ev1,45.43,E208,16270.52,-E23,582.1,evehicle,94.54,2026-01-01 01:11:56
ev1,45.18,E208,16276.79,-E23,575.83,evehicle,94.54,2026-01-01 01:11:56.500000
ev1,46.08,:J139_5,16276.79,-E23,575.83,evehicle,94.54,2026-01-01 01:11:57
ev1,46.69,:J139_5,16276.79,-E23,575.83,evehicle,94.54,2026-01-01 01:11:57.500000
ev1,46.62,E215,16296.16,-E23,556.46,evehicle,94.54,2026-01-01 01:11:58
ev1,46.4,E215,16302.6,-E23,550.02,evehicle,94.54,2026-01-01 01:11:58.500000
ev1,46.22,E215,16309.02,-E23,543.6,evehicle,94.54,2026-01-01 01:11:59
ev1,45.97,E215,16315.41,-E23,537.21,evehicle,94.54,2026-01-01 01:11:59.500000
ev1,43.6,E215,16321.46,-E23,531.16,evehicle,94.54,2026-01-01 01:12:00
ev1,36.0,E215,16326.46,-E23,526.16,evehicle,94.57,2026-01-01 01:12:00.500000
ev1,27.9,E215,16330.34,-E23,522.28,evehicle,94.6,2026-01-01 01:12:01
ev1,20.66,E215,16333.21,-E23,519.41,evehicle,94.63,2026-01-01 01:12:01.500000
ev1,12.56,:J146_1,16333.21,-E23,519.41,evehicle,94.63,2026-01-01 01:12:02
ev1,12.85,E216,16336.74,-E23,515.88,evehicle,94.63,2026-01-01 01:12:02.500000
ev1,16.02,E216,16338.96,-E23,513.66,evehicle,94.63,2026-01-01 01:12:03
ev1,18.97,E216,16341.6,-E23,511.02,evehicle,94.63,2026-01-01 01:12:03.500000
ev1,23.51,E216,16344.86,-E23,507.76,evehicle,94.6,2026-01-01 01:12:04
ev1,26.78,E216,16348.58,-E23,504.04,evehicle,94.6,2026-01-01 01:12:04.500000
ev1,29.12,E216,16352.63,-E23,499.99,evehicle,94.6,2026-01-01 01:12:05
ev1,33.7,E216,16357.31,-E23,495.31,evehicle,94.57,2026-01-01 01:12:05.500000
ev1,37.37,E216,16362.5,-E23,490.12,evehicle,94.57,2026-01-01 01:12:06
ev1,34.16,E216,16367.24,-E23,485.38,evehicle,94.57,2026-01-01 01:12:06.500000
ev1,26.35,E216,16370.9,-E23,481.72,evehicle,94.6,2026-01-01 01:12:07
ev1,18.25,E216,16373.44,-E23,479.18,evehicle,94.63,2026-01-01 01:12:07.500000
ev1,22.21,:J69_2,16373.44,-E23,479.18,evehicle,94.6,2026-01-01 01:12:08
ev1,26.21,:J69_2,16373.44,-E23,479.18,evehicle,94.6,2026-01-01 01:12:08.500000
ev1,30.13,:J69_2,16373.44,-E23,479.18,evehicle,94.57,2026-01-01 01:12:09
ev1,34.09,:J69_2,16373.44,-E23,479.18,evehicle,94.57,2026-01-01 01:12:09.500000
ev1,37.51,:J69_2,16373.44,-E23,479.18,evehicle,94.54,2026-01-01 01:12:10
ev1,41.87,:J69_2,16373.44,-E23,479.18,evehicle,94.51,2026-01-01 01:12:10.500000
ev1,45.9,-E102,16406.48,-E23,446.14,evehicle,94.51,2026-01-01 01:12:11
ev1,46.94,-E102,16413.01,-E23,439.61,evehicle,94.49,2026-01-01 01:12:11.500000
ev1,46.94,-E102,16419.53,-E23,433.09,evehicle,94.49,2026-01-01 01:12:12
ev1,45.11,-E102,16425.79,-E23,426.83,evehicle,94.51,2026-01-01 01:12:12.500000
ev1,46.94,-E102,16432.31,-E23,420.31,evehicle,94.49,2026-01-01 01:12:13
ev1,47.38,-E102,16438.89,-E23,413.73,evehicle,94.49,2026-01-01 01:12:13.500000
ev1,46.87,-E102,16445.4,-E23,407.22,evehicle,94.49,2026-01-01 01:12:14
ev1,46.15,-E102,16451.81,-E23,400.81,evehicle,94.49,2026-01-01 01:12:14.500000
ev1,46.94,-E102,16458.33,-E23,394.29,evehicle,94.49,2026-01-01 01:12:15
ev1,46.12,-E102,16464.73,-E23,387.89,evehicle,94.49,2026-01-01 01:12:15.500000
ev1,46.94,-E102,16471.25,-E23,381.37,evehicle,94.49,2026-01-01 01:12:16
ev1,47.23,-E102,16477.81,-E23,374.81,evehicle,94.49,2026-01-01 01:12:16.500000
ev1,46.62,:J25_18,16477.81,-E23,374.81,evehicle,94.49,2026-01-01 01:12:17
ev1,46.22,:J25_18,16477.81,-E23,374.81,evehicle,94.49,2026-01-01 01:12:17.500000
ev1,46.26,:J25_18,16477.81,-E23,374.81,evehicle,94.49,2026-01-01 01:12:18
ev1,46.44,:J25_18,16477.81,-E23,374.81,evehicle,94.49,2026-01-01 01:12:18.500000
ev1,46.48,:J25_18,16477.81,-E23,374.81,evehicle,94.49,2026-01-01 01:12:19
ev1,47.16,-E14,16516.59,-E23,336.03,evehicle,94.46,2026-01-01 01:12:19.500000
ev1,46.3,-E14,16523.02,-E23,329.6,evehicle,94.46,2026-01-01 01:12:20
ev1,38.2,-E14,16528.32,-E23,324.3,evehicle,94.51,2026-01-01 01:12:20.500000
ev1,30.1,-E14,16532.5,-E23,320.12,evehicle,94.54,2026-01-01 01:12:21
ev1,22.0,:J23_4,16532.5,-E23,320.12,evehicle,94.57,2026-01-01 01:12:21.500000
ev1,22.14,:J23_4,16532.5,-E23,320.12,evehicle,94.57,2026-01-01 01:12:22
ev1,20.66,:J23_4,16532.5,-E23,320.12,evehicle,94.57,2026-01-01 01:12:22.500000
ev1,20.66,-E12,16544.37,-E23,308.25,evehicle,94.57,2026-01-01 01:12:23
ev1,24.55,-E12,16547.78,-E23,304.84,evehicle,94.54,2026-01-01 01:12:23.500000
ev1,27.72,-E12,16551.63,-E23,300.99,evehicle,94.54,2026-01-01 01:12:24
ev1,31.64,-E12,16556.02,-E23,296.6,evehicle,94.51,2026-01-01 01:12:24.500000
ev1,36.25,-E12,16561.06,-E23,291.56,evehicle,94.51,2026-01-01 01:12:25
ev1,38.63,-E12,16566.42,-E23,286.2,evehicle,94.49,2026-01-01 01:12:25.500000
ev1,42.88,-E12,16572.38,-E23,280.24,evehicle,94.46,2026-01-01 01:12:26
ev1,45.54,:J8_1,16572.38,-E23,280.24,evehicle,94.46,2026-01-01 01:12:26.500000
ev1,45.25,:J8_1,16572.38,-E23,280.24,evehicle,94.46,2026-01-01 01:12:27
ev1,45.76,:J8_1,16572.38,-E23,280.24,evehicle,94.46,2026-01-01 01:12:27.500000
ev1,45.61,-maxwell,16597.68,-E23,254.94,evehicle,94.46,2026-01-01 01:12:28
ev1,45.25,-maxwell,16603.96,-E23,248.66,evehicle,94.46,2026-01-01 01:12:28.500000
ev1,41.47,-maxwell,16609.72,-E23,242.9,evehicle,94.46,2026-01-01 01:12:29
ev1,33.37,-maxwell,16614.36,-E23,238.26,evehicle,94.49,2026-01-01 01:12:29.500000
ev1,26.78,-maxwell,16618.08,-E23,234.54,evehicle,94.51,2026-01-01 01:12:30
ev1,19.26,-maxwell,16620.76,-E23,231.86,evehicle,94.54,2026-01-01 01:12:30.500000
ev1,22.82,:J1_1,16620.76,-E23,231.86,evehicle,94.54,2026-01-01 01:12:31
ev1,26.17,:J1_1,16620.76,-E23,231.86,evehicle,94.51,2026-01-01 01:12:31.500000
ev1,30.28,:J1_1,16620.76,-E23,231.86,evehicle,94.51,2026-01-01 01:12:32
ev1,32.72,:J1_1,16620.76,-E23,231.86,evehicle,94.49,2026-01-01 01:12:32.500000
ev1,35.24,:J1_1,16620.76,-E23,231.86,evehicle,94.49,2026-01-01 01:12:33
ev1,35.28,:J1_1,16620.76,-E23,231.86,evehicle,94.49,2026-01-01 01:12:33.500000
ev1,33.59,-joulesD,16650.78,-E23,201.84,evehicle,94.49,2026-01-01 01:12:34
ev1,38.12,-joulesD,16656.07,-E23,196.55,evehicle,94.46,2026-01-01 01:12:34.500000
ev1,41.29,-joulesD,16661.8,-E23,190.82,evehicle,94.46,2026-01-01 01:12:35
ev1,42.55,-joulesD,16667.72,-E23,184.9,evehicle,94.43,2026-01-01 01:12:35.500000
ev1,37.19,-joulesD,16672.88,-E23,179.74,evehicle,94.46,2026-01-01 01:12:36
ev1,30.31,-joulesD,16677.09,-E23,175.53,evehicle,94.49,2026-01-01 01:12:36.500000
ev1,22.21,:J3_8,16677.09,-E23,175.53,evehicle,94.51,2026-01-01 01:12:37
ev1,21.13,:J3_8,16677.09,-E23,175.53,evehicle,94.51,2026-01-01 01:12:37.500000
ev1,22.14,newton,16686.19,-E23,166.43,evehicle,94.51,2026-01-01 01:12:38
ev1,24.98,newton,16689.66,-E23,162.96,evehicle,94.49,2026-01-01 01:12:38.500000
ev1,29.66,newton,16693.78,-E23,158.84,evehicle,94.49,2026-01-01 01:12:39
ev1,32.11,newton,16698.24,-E23,154.38,evehicle,94.49,2026-01-01 01:12:39.500000
ev1,34.63,newton,16703.04,-E23,149.58,evehicle,94.46,2026-01-01 01:12:40
ev1,34.06,newton,16707.77,-E23,144.85,evehicle,94.46,2026-01-01 01:12:40.500000
ev1,31.28,newton,16712.12,-E23,140.5,evehicle,94.46,2026-01-01 01:12:41
ev1,23.18,newton,16715.34,-E23,137.28,evehicle,94.49,2026-01-01 01:12:41.500000
ev1,22.21,:J9_0,16715.34,-E23,137.28,evehicle,94.49,2026-01-01 01:12:42
ev1,21.96,:J9_0,16715.34,-E23,137.28,evehicle,94.49,2026-01-01 01:12:42.500000
ev1,21.74,E7,16724.5,-E23,128.12,evehicle,94.49,2026-01-01 01:12:43
ev1,21.49,E7,16727.48,-E23,125.14,evehicle,94.49,2026-01-01 01:12:43.500000
ev1,21.2,E7,16730.43,-E23,122.19,evehicle,94.49,2026-01-01 01:12:44
ev1,20.95,E7,16733.34,-E23,119.28,evehicle,94.49,2026-01-01 01:12:44.500000
ev1,20.7,E7,16736.21,-E23,116.41,evehicle,94.49,2026-01-01 01:12:45
ev1,20.45,E7,16739.05,-E23,113.57,evehicle,94.49,2026-01-01 01:12:45.500000
ev1,20.2,E7,16741.86,-E23,110.76,evehicle,94.49,2026-01-01 01:12:46
ev1,19.94,E7,16744.63,-E23,107.99,evehicle,94.49,2026-01-01 01:12:46.500000
ev1,19.69,E7,16747.36,-E23,105.26,evehicle,94.49,2026-01-01 01:12:47
ev1,19.44,E7,16750.06,-E23,102.56,evehicle,94.49,2026-01-01 01:12:47.500000
ev1,19.19,E7,16752.72,-E23,99.9,evehicle,94.49,2026-01-01 01:12:48
ev1,18.9,E7,16755.35,-E23,97.27,evehicle,94.49,2026-01-01 01:12:48.500000
ev1,18.65,:J17_1,16755.35,-E23,97.27,evehicle,94.49,2026-01-01 01:12:49
ev1,18.4,:J17_1,16755.35,-E23,97.27,evehicle,94.49,2026-01-01 01:12:49.500000
ev1,18.18,:J17_6,16755.35,-E23,97.27,evehicle,94.49,2026-01-01 01:12:50
ev1,17.93,:J17_6,16755.35,-E23,97.27,evehicle,94.49,2026-01-01 01:12:50.500000
ev1,17.71,:J17_6,16755.35,-E23,97.27,evehicle,94.49,2026-01-01 01:12:51
ev1,17.5,:J17_6,16755.35,-E23,97.27,evehicle,94.49,2026-01-01 01:12:51.500000
ev1,17.28,E73,16772.8,-E23,79.82,evehicle,94.49,2026-01-01 01:12:52
ev1,16.99,E73,16775.16,-E23,77.46,evehicle,94.49,2026-01-01 01:12:52.500000
ev1,16.74,E73,16777.49,-E23,75.13,evehicle,94.49,2026-01-01 01:12:53
ev1,16.49,E73,16779.78,-E23,72.84,evehicle,94.49,2026-01-01 01:12:53.500000
ev1,16.24,E73,16782.03,-E23,70.59,evehicle,94.49,2026-01-01 01:12:54
ev1,15.98,E73,16784.25,-E23,68.37,evehicle,94.49,2026-01-01 01:12:54.500000
ev1,15.7,E73,16786.43,-E23,66.19,evehicle,94.49,2026-01-01 01:12:55
ev1,15.44,E73,16788.58,-E23,64.04,evehicle,94.49,2026-01-01 01:12:55.500000
ev1,15.19,E73,16790.69,-E23,61.93,evehicle,94.49,2026-01-01 01:12:56
ev1,14.94,E73,16792.76,-E23,59.86,evehicle,94.49,2026-01-01 01:12:56.500000
ev1,14.69,E73,16794.8,-E23,57.82,evehicle,94.49,2026-01-01 01:12:57
ev1,14.4,E73,16796.8,-E23,55.82,evehicle,94.49,2026-01-01 01:12:57.500000
ev1,14.15,E73,16798.77,-E23,53.85,evehicle,94.49,2026-01-01 01:12:58
ev1,13.9,E73,16800.7,-E23,51.92,evehicle,94.49,2026-01-01 01:12:58.500000
ev1,13.64,E73,16802.59,-E23,50.03,evehicle,94.49,2026-01-01 01:12:59
ev1,13.39,:J34_2,16802.59,-E23,50.03,evehicle,94.49,2026-01-01 01:12:59.500000
ev1,13.14,:J34_2,16802.59,-E23,50.03,evehicle,94.49,2026-01-01 01:13:00
ev1,12.89,:J34_2,16802.59,-E23,50.03,evehicle,94.49,2026-01-01 01:13:00.500000
ev1,12.67,:J34_2,16802.59,-E23,50.03,evehicle,94.49,2026-01-01 01:13:01
ev1,12.46,:J34_2,16802.59,-E23,50.03,evehicle,94.49,2026-01-01 01:13:01.500000
ev1,12.24,:J34_2,16802.59,-E23,50.03,evehicle,94.49,2026-01-01 01:13:02
ev1,12.02,:J34_2,16802.59,-E23,50.03,evehicle,94.49,2026-01-01 01:13:02.500000
ev1,11.81,:J34_2,16802.59,-E23,50.03,evehicle,94.49,2026-01-01 01:13:03
ev1,11.63,:J34_2,16802.59,-E23,50.03,evehicle,94.49,2026-01-01 01:13:03.500000
ev1,11.45,:J34_2,16802.59,-E23,50.03,evehicle,94.49,2026-01-01 01:13:04
ev1,11.27,-E23,16821.32,-E23,31.3,evehicle,94.49,2026-01-01 01:13:04.500000
ev1,10.98,-E23,16822.85,-E23,29.77,evehicle,94.49,2026-01-01 01:13:05
ev1,10.69,-E23,16824.33,-E23,28.29,evehicle,94.49,2026-01-01 01:13:05.500000
ev1,10.4,-E23,16825.78,-E23,26.84,evehicle,94.49,2026-01-01 01:13:06
ev1,10.12,-E23,16827.18,-E23,25.44,evehicle,94.49,2026-01-01 01:13:06.500000
ev1,9.86,-E23,16828.55,-E23,24.07,evehicle,94.49,2026-01-01 01:13:07
ev1,9.58,-E23,16829.88,-E23,22.74,evehicle,94.49,2026-01-01 01:13:07.500000
ev1,9.29,-E23,16831.17,-E23,21.45,evehicle,94.49,2026-01-01 01:13:08
ev1,9.0,-E23,16832.42,-E23,20.2,evehicle,94.49,2026-01-01 01:13:08.500000
ev1,8.75,-E23,16833.64,-E23,18.98,evehicle,94.49,2026-01-01 01:13:09
ev1,8.46,-E23,16834.81,-E23,17.81,evehicle,94.49,2026-01-01 01:13:09.500000
ev1,8.17,-E23,16835.94,-E23,16.68,evehicle,94.49,2026-01-01 01:13:10
ev1,7.88,-E23,16837.04,-E23,15.58,evehicle,94.49,2026-01-01 01:13:10.500000
ev1,7.63,-E23,16838.1,-E23,14.52,evehicle,94.49,2026-01-01 01:13:11
ev1,7.34,-E23,16839.12,-E23,13.5,evehicle,94.49,2026-01-01 01:13:11.500000
ev1,7.06,-E23,16840.1,-E23,12.52,evehicle,94.49,2026-01-01 01:13:12
ev1,6.77,-E23,16841.04,-E23,11.58,evehicle,94.49,2026-01-01 01:13:12.500000
ev1,6.52,-E23,16841.94,-E23,10.68,evehicle,94.49,2026-01-01 01:13:13
ev1,6.23,-E23,16842.81,-E23,9.81,evehicle,94.49,2026-01-01 01:13:13.500000
ev1,0.0,-E23,16842.81,E138,556.65,evehicle,94.49,2026-01-01 01:13:14
ev1,0.0,-E23,16842.81,E138,556.65,evehicle,94.49,2026-01-01 01:13:14.500000
ev1,0.0,-E23,16842.81,E138,556.65,evehicle,94.49,2026-01-01 01:13:15
ev1,0.0,-E23,16842.81,E138,556.65,evehicle,94.49,2026-01-01 01:13:15.500000
ev1,0.0,-E23,16842.81,E138,556.65,evehicle,94.49,2026-01-01 01:13:16
ev1,0.0,-E23,16842.81,E138,556.65,evehicle,94.49,2026-01-01 01:13:16.500000
ev1,0.0,-E23,16842.81,E138,556.65,evehicle,94.49,2026-01-01 01:13:17
ev1,0.0,-E23,16842.81,E138,556.65,evehicle,94.49,2026-01-01 01:13:17.500000
ev1,0.0,-E23,16842.81,E138,556.65,evehicle,94.49,2026-01-01 01:13:18
ev1,0.0,-E23,16842.81,E138,556.65,evehicle,94.49,2026-01-01 01:13:18.500000
ev1,0.0,-E23,16842.81,E138,556.65,evehicle,94.49,2026-01-01 01:13:19
ev1,0.0,-E23,16842.81,E138,556.65,evehicle,94.49,2026-01-01 01:13:19.500000
ev1,0.0,-E23,16842.81,E138,556.65,evehicle,94.49,2026-01-01 01:13:20
ev1,0.0,-E23,16842.81,E138,556.65,evehicle,94.49,2026-01-01 01:13:20.500000
ev1,0.0,-E23,16842.81,E138,556.65,evehicle,94.49,2026-01-01 01:13:21
ev1,0.0,-E23,16842.81,E138,556.65,evehicle,94.49,2026-01-01 01:13:21.500000
ev1,0.0,-E23,16842.81,E138,556.65,evehicle,94.49,2026-01-01 01:13:22
ev1,0.0,-E23,16842.81,E138,556.65,evehicle,94.49,2026-01-01 01:13:22.500000
ev1,0.0,-E23,16842.81,E138,556.65,evehicle,94.49,2026-01-01 01:13:23
ev1,0.0,-E23,16842.81,E138,556.65,evehicle,94.49,2026-01-01 01:13:23.500000
ev1,0.0,-E23,16842.81,E138,556.65,evehicle,94.49,2026-01-01 01:13:24
ev1,0.0,-E23,16842.81,E138,556.65,evehicle,94.49,2026-01-01 01:13:24.500000
ev1,0.0,-E23,16842.81,E138,556.65,evehicle,94.49,2026-01-01 01:13:25
ev1,0.0,-E23,16842.81,E138,556.65,evehicle,94.49,2026-01-01 01:13:25.500000
ev1,0.0,-E23,16842.81,E138,556.65,evehicle,94.49,2026-01-01 01:13:26
ev1,0.0,-E23,16842.81,E138,556.65,evehicle,94.49,2026-01-01 01:13:26.500000
ev1,0.0,-E23,16842.81,E138,556.65,evehicle,94.49,2026-01-01 01:13:27
ev1,0.0,-E23,16842.81,E138,556.65,evehicle,94.49,2026-01-01 01:13:27.500000
ev1,0.0,-E23,16842.81,E138,556.65,evehicle,94.49,2026-01-01 01:13:28
ev1,0.0,-E23,16842.81,E138,556.65,evehicle,94.49,2026-01-01 01:13:28.500000
ev1,0.0,-E23,16842.81,E138,556.65,evehicle,94.49,2026-01-01 01:13:29
ev1,0.0,-E23,16842.81,E138,556.65,evehicle,94.49,2026-01-01 01:13:29.500000
ev1,0.0,-E23,16842.81,E138,556.65,evehicle,94.49,2026-01-01 01:13:30
ev1,0.0,-E23,16842.81,E138,556.65,evehicle,94.49,2026-01-01 01:13:30.500000
ev1,0.0,-E23,16842.81,E138,556.65,evehicle,94.49,2026-01-01 01:13:31
ev1,0.0,-E23,16842.81,E138,556.65,evehicle,94.49,2026-01-01 01:13:31.500000
ev1,0.0,-E23,16842.81,E138,556.65,evehicle,94.49,2026-01-01 01:13:32
ev1,0.0,-E23,16842.81,E138,556.65,evehicle,94.49,2026-01-01 01:13:32.500000
ev1,0.0,-E23,16842.81,E138,556.65,evehicle,94.49,2026-01-01 01:13:33
ev1,0.0,-E23,16842.81,E138,556.65,evehicle,94.49,2026-01-01 01:13:33.500000
ev1,0.0,-E23,16842.81,E138,556.65,evehicle,94.49,2026-01-01 01:13:34
ev1,0.0,-E23,16842.81,E138,556.65,evehicle,94.49,2026-01-01 01:13:34.500000
ev1,0.0,-E23,16842.81,E138,556.65,evehicle,94.49,2026-01-01 01:13:35
ev1,0.0,-E23,16842.81,E138,556.65,evehicle,94.49,2026-01-01 01:13:35.500000
ev1,0.0,-E23,16842.81,E138,556.65,evehicle,94.49,2026-01-01 01:13:36
ev1,0.0,-E23,16842.81,E138,556.65,evehicle,94.49,2026-01-01 01:13:36.500000
ev1,0.0,-E23,16842.81,E138,556.65,evehicle,94.49,2026-01-01 01:13:37
ev1,0.0,-E23,16842.81,E138,556.65,evehicle,94.49,2026-01-01 01:13:37.500000
ev1,0.0,-E23,16842.81,E138,556.65,evehicle,94.49,2026-01-01 01:13:38
ev1,0.0,-E23,16842.81,E138,556.65,evehicle,94.49,2026-01-01 01:13:38.500000
ev1,0.0,-E23,16842.81,E138,556.65,evehicle,94.49,2026-01-01 01:13:39
ev1,0.0,-E23,16842.81,E138,556.65,evehicle,94.49,2026-01-01 01:13:39.500000
ev1,0.0,-E23,16842.81,E138,556.65,evehicle,94.49,2026-01-01 01:13:40
ev1,0.0,-E23,16842.81,E138,556.65,evehicle,94.49,2026-01-01 01:13:40.500000
ev1,0.0,-E23,16842.81,E138,556.65,evehicle,94.49,2026-01-01 01:13:41
ev1,0.0,-E23,16842.81,E138,556.65,evehicle,94.49,2026-01-01 01:13:41.500000
ev1,0.0,-E23,16842.81,E138,556.65,evehicle,94.49,2026-01-01 01:13:42
ev1,0.0,-E23,16842.81,E138,556.65,evehicle,94.49,2026-01-01 01:13:42.500000
ev1,0.0,-E23,16842.81,E138,556.65,evehicle,94.49,2026-01-01 01:13:43
ev1,0.0,-E23,16842.81,E138,556.65,evehicle,94.49,2026-01-01 01:13:43.500000
ev1,0.0,-E23,16842.81,E138,556.65,evehicle,94.49,2026-01-01 01:13:44
ev1,0.0,-E23,16842.81,E138,556.65,evehicle,94.49,2026-01-01 01:13:44.500000
ev1,0.0,-E23,16842.81,E138,556.65,evehicle,94.49,2026-01-01 01:13:45
ev1,0.0,-E23,16842.81,E138,556.65,evehicle,94.49,2026-01-01 01:13:45.500000
ev1,0.0,-E23,16842.81,E138,556.65,evehicle,94.49,2026-01-01 01:13:46
ev1,0.0,-E23,16842.81,E138,556.65,evehicle,94.49,2026-01-01 01:13:46.500000
ev1,0.0,-E23,16842.81,E138,556.65,evehicle,94.49,2026-01-01 01:13:47
ev1,0.0,-E23,16842.81,E138,556.65,evehicle,94.49,2026-01-01 01:13:47.500000
ev1,0.0,-E23,16842.81,E138,556.65,evehicle,94.49,2026-01-01 01:13:48
ev1,0.0,-E23,16842.81,E138,556.65,evehicle,94.49,2026-01-01 01:13:48.500000
ev1,0.0,-E23,16842.81,E138,556.65,evehicle,94.49,2026-01-01 01:13:49
ev1,0.0,-E23,16842.81,E138,556.65,evehicle,94.49,2026-01-01 01:13:49.500000
ev1,0.0,-E23,16842.81,E138,556.65,evehicle,94.49,2026-01-01 01:13:50
ev1,0.0,-E23,16842.81,E138,556.65,evehicle,94.49,2026-01-01 01:13:50.500000
ev1,0.0,-E23,16842.81,E138,556.65,evehicle,94.49,2026-01-01 01:13:51
ev1,0.0,-E23,16842.81,E138,556.65,evehicle,94.49,2026-01-01 01:13:51.500000
ev1,0.0,-E23,16842.81,E138,556.65,evehicle,94.49,2026-01-01 01:13:52
ev1,0.0,-E23,16842.81,E138,556.65,evehicle,94.49,2026-01-01 01:13:52.500000
ev1,0.0,-E23,16842.81,E138,556.65,evehicle,94.49,2026-01-01 01:13:53
ev1,0.0,-E23,16842.81,E138,556.65,evehicle,94.49,2026-01-01 01:13:53.500000
ev1,0.0,-E23,16842.81,E138,556.65,evehicle,94.49,2026-01-01 01:13:54
ev1,0.0,-E23,16842.81,E138,556.65,evehicle,94.49,2026-01-01 01:13:54.500000
ev1,0.0,-E23,16842.81,E138,556.65,evehicle,94.49,2026-01-01 01:13:55
ev1,0.0,-E23,16842.81,E138,556.65,evehicle,94.49,2026-01-01 01:13:55.500000
ev1,0.0,-E23,16842.81,E138,556.65,evehicle,94.49,2026-01-01 01:13:56
ev1,0.0,-E23,16842.81,E138,556.65,evehicle,94.49,2026-01-01 01:13:56.500000
ev1,0.0,-E23,16842.81,E138,556.65,evehicle,94.49,2026-01-01 01:13:57
ev1,0.0,-E23,16842.81,E138,556.65,evehicle,94.49,2026-01-01 01:13:57.500000
ev1,0.0,-E23,16842.81,E138,556.65,evehicle,94.49,2026-01-01 01:13:58
ev1,0.0,-E23,16842.81,E138,556.65,evehicle,94.49,2026-01-01 01:13:58.500000
ev1,0.0,-E23,16842.81,E138,556.65,evehicle,94.49,2026-01-01 01:13:59
ev1,0.0,-E23,16842.81,E138,556.65,evehicle,94.49,2026-01-01 01:13:59.500000
ev1,0.0,-E23,16842.81,E138,556.65,evehicle,94.49,2026-01-01 01:14:00
ev1,0.0,-E23,16842.81,E138,556.65,evehicle,94.49,2026-01-01 01:14:00.500000
ev1,0.0,-E23,16842.81,E138,556.65,evehicle,94.49,2026-01-01 01:14:01
ev1,0.0,-E23,16842.81,E138,556.65,evehicle,94.49,2026-01-01 01:14:01.500000
ev1,0.0,-E23,16842.81,E138,556.65,evehicle,94.49,2026-01-01 01:14:02
ev1,0.0,-E23,16842.81,E138,556.65,evehicle,94.49,2026-01-01 01:14:02.500000
ev1,0.0,-E23,16842.81,E138,556.65,evehicle,94.49,2026-01-01 01:14:03
ev1,0.0,-E23,16842.81,E138,556.65,evehicle,94.49,2026-01-01 01:14:03.500000
ev1,0.0,-E23,16842.81,E138,556.65,evehicle,94.49,2026-01-01 01:14:04
ev1,0.0,-E23,16842.81,E138,556.65,evehicle,94.49,2026-01-01 01:14:04.500000
ev1,0.0,-E23,16842.81,E138,556.65,evehicle,94.49,2026-01-01 01:14:05
ev1,0.0,-E23,16842.81,E138,556.65,evehicle,94.49,2026-01-01 01:14:05.500000
ev1,0.0,-E23,16842.81,E138,556.65,evehicle,94.49,2026-01-01 01:14:06
ev1,0.0,-E23,16842.81,E138,556.65,evehicle,94.49,2026-01-01 01:14:06.500000
ev1,0.0,-E23,16842.81,E138,556.65,evehicle,94.49,2026-01-01 01:14:07
ev1,0.0,-E23,16842.81,E138,556.65,evehicle,94.49,2026-01-01 01:14:07.500000
ev1,0.0,-E23,16842.81,E138,556.65,evehicle,94.49,2026-01-01 01:14:08
ev1,0.0,-E23,16842.81,E138,556.65,evehicle,94.49,2026-01-01 01:14:08.500000
ev1,0.0,-E23,16842.81,E138,556.65,evehicle,94.49,2026-01-01 01:14:09
ev1,0.0,-E23,16842.81,E138,556.65,evehicle,94.49,2026-01-01 01:14:09.500000
ev1,0.0,-E23,16842.81,E138,556.65,evehicle,94.49,2026-01-01 01:14:10
ev1,0.0,-E23,16842.81,E138,556.65,evehicle,94.49,2026-01-01 01:14:10.500000
ev1,0.0,-E23,16842.81,E138,556.65,evehicle,94.49,2026-01-01 01:14:11
ev1,0.0,-E23,16842.81,E138,556.65,evehicle,94.49,2026-01-01 01:14:11.500000
ev1,0.0,-E23,16842.81,E138,556.65,evehicle,94.49,2026-01-01 01:14:12
ev1,0.0,-E23,16842.81,E138,556.65,evehicle,94.49,2026-01-01 01:14:12.500000
ev1,0.0,-E23,16842.81,E138,556.65,evehicle,94.49,2026-01-01 01:14:13
ev1,0.0,-E23,16842.81,E138,556.65,evehicle,94.49,2026-01-01 01:14:13.500000
ev1,0.0,-E23,16842.81,E138,556.65,evehicle,94.49,2026-01-01 01:14:14
ev1,4.32,-E23,16843.41,E138,556.05,evehicle,94.49,2026-01-01 01:14:14.500000
ev1,7.09,-E23,16844.4,E138,555.06,evehicle,94.49,2026-01-01 01:14:15
ev1,10.12,-E23,16845.8,E138,553.66,evehicle,94.49,2026-01-01 01:14:15.500000
ev1,14.08,-E23,16847.76,E138,551.7,evehicle,94.49,2026-01-01 01:14:16
ev1,18.18,-E23,16850.28,E138,549.18,evehicle,94.49,2026-01-01 01:14:16.500000
ev1,21.17,:J32_12,16850.28,E138,549.18,evehicle,94.46,2026-01-01 01:14:17
ev1,20.59,:J32_12,16850.28,E138,549.18,evehicle,94.46,2026-01-01 01:14:17.500000
ev1,21.6,:J32_12,16850.28,E138,549.18,evehicle,94.46,2026-01-01 01:14:18
ev1,20.56,E24,16861.94,E138,537.52,evehicle,94.46,2026-01-01 01:14:18.500000
ev1,24.98,E24,16865.41,E138,534.05,evehicle,94.46,2026-01-01 01:14:19
ev1,29.02,E24,16869.44,E138,530.02,evehicle,94.43,2026-01-01 01:14:19.500000
ev1,31.46,E24,16873.81,E138,525.65,evehicle,94.43,2026-01-01 01:14:20
ev1,35.06,E24,16878.68,E138,520.78,evehicle,94.4,2026-01-01 01:14:20.500000
ev1,39.13,E24,16884.11,E138,515.35,evehicle,94.4,2026-01-01 01:14:21
ev1,36.29,E24,16889.15,E138,510.31,evehicle,94.4,2026-01-01 01:14:21.500000
ev1,29.84,E24,16893.3,E138,506.16,evehicle,94.43,2026-01-01 01:14:22
ev1,22.03,:J35_0,16893.3,E138,506.16,evehicle,94.46,2026-01-01 01:14:22.500000
ev1,20.81,:J35_0,16893.3,E138,506.16,evehicle,94.46,2026-01-01 01:14:23
ev1,22.1,:J35_0,16893.3,E138,506.16,evehicle,94.46,2026-01-01 01:14:23.500000
ev1,21.49,E26,16905.3,E138,494.16,evehicle,94.46,2026-01-01 01:14:24
ev1,26.1,E26,16908.93,E138,490.53,evehicle,94.43,2026-01-01 01:14:24.500000
ev1,28.69,E26,16912.91,E138,486.55,evehicle,94.43,2026-01-01 01:14:25
ev1,32.44,E26,16917.42,E138,482.04,evehicle,94.4,2026-01-01 01:14:25.500000
ev1,37.12,E26,16922.58,E138,476.88,evehicle,94.4,2026-01-01 01:14:26
ev1,40.07,E26,16928.14,E138,471.32,evehicle,94.37,2026-01-01 01:14:26.500000
ev1,42.88,E26,16934.09,E138,465.37,evehicle,94.34,2026-01-01 01:14:27
ev1,45.43,:J37_3,16934.09,E138,465.37,evehicle,94.34,2026-01-01 01:14:27.500000
ev1,46.33,:J37_3,16934.09,E138,465.37,evehicle,94.34,2026-01-01 01:14:28
ev1,46.37,-E55,16953.27,E138,446.19,evehicle,94.34,2026-01-01 01:14:28.500000
ev1,47.38,-E55,16959.86,E138,439.6,evehicle,94.31,2026-01-01 01:14:29
ev1,47.09,-E55,16966.39,E138,433.07,evehicle,94.31,2026-01-01 01:14:29.500000
ev1,45.76,-E55,16972.75,E138,426.71,evehicle,94.34,2026-01-01 01:14:30
ev1,46.98,-E55,16979.27,E138,420.19,evehicle,94.31,2026-01-01 01:14:30.500000
ev1,45.68,:J62_3,16979.27,E138,420.19,evehicle,94.34,2026-01-01 01:14:31
ev1,46.19,:J62_3,16979.27,E138,420.19,evehicle,94.31,2026-01-01 01:14:31.500000
ev1,47.16,:J62_3,16979.27,E138,420.19,evehicle,94.31,2026-01-01 01:14:32
ev1,46.76,-E52,17005.07,E138,394.39,evehicle,94.31,2026-01-01 01:14:32.500000
ev1,46.48,-E52,17011.53,E138,387.93,evehicle,94.31,2026-01-01 01:14:33
ev1,42.48,-E52,17017.43,E138,382.03,evehicle,94.34,2026-01-01 01:14:33.500000
ev1,34.38,-E52,17022.2,E138,377.26,evehicle,94.37,2026-01-01 01:14:34
ev1,26.93,-E52,17025.95,E138,373.51,evehicle,94.4,2026-01-01 01:14:34.500000
ev1,19.48,-E52,17028.65,E138,370.81,evehicle,94.43,2026-01-01 01:14:35
ev1,12.78,-E52,17030.43,E138,369.03,evehicle,94.43,2026-01-01 01:14:35.500000
ev1,5.44,-E52,17031.19,E138,368.27,evehicle,94.43,2026-01-01 01:14:36
ev1,0.65,-E52,17031.28,E138,368.18,evehicle,94.43,2026-01-01 01:14:36.500000
ev1,0.0,-E52,17031.28,E138,368.18,evehicle,94.43,2026-01-01 01:14:37
ev1,0.0,-E52,17031.28,E138,368.18,evehicle,94.43,2026-01-01 01:14:37.500000
ev1,0.0,-E52,17031.28,E138,368.18,evehicle,94.43,2026-01-01 01:14:38
ev1,0.0,-E52,17031.28,E138,368.18,evehicle,94.43,2026-01-01 01:14:38.500000
ev1,0.0,-E52,17031.28,E138,368.18,evehicle,94.43,2026-01-01 01:14:39
ev1,0.0,-E52,17031.28,E138,368.18,evehicle,94.43,2026-01-01 01:14:39.500000
ev1,0.0,-E52,17031.28,E138,368.18,evehicle,94.43,2026-01-01 01:14:40
ev1,0.0,-E52,17031.28,E138,368.18,evehicle,94.43,2026-01-01 01:14:40.500000
ev1,0.0,-E52,17031.28,E138,368.18,evehicle,94.43,2026-01-01 01:14:41
ev1,0.0,-E52,17031.28,E138,368.18,evehicle,94.43,2026-01-01 01:14:41.500000
ev1,0.0,-E52,17031.28,E138,368.18,evehicle,94.43,2026-01-01 01:14:42
ev1,0.0,-E52,17031.28,E138,368.18,evehicle,94.43,2026-01-01 01:14:42.500000
ev1,0.0,-E52,17031.28,E138,368.18,evehicle,94.43,2026-01-01 01:14:43
ev1,0.0,-E52,17031.28,E138,368.18,evehicle,94.43,2026-01-01 01:14:43.500000
ev1,0.0,-E52,17031.28,E138,368.18,evehicle,94.43,2026-01-01 01:14:44
ev1,0.0,-E52,17031.28,E138,368.18,evehicle,94.43,2026-01-01 01:14:44.500000
ev1,0.0,-E52,17031.28,E138,368.18,evehicle,94.43,2026-01-01 01:14:45
ev1,0.0,-E52,17031.28,E138,368.18,evehicle,94.43,2026-01-01 01:14:45.500000
ev1,0.0,-E52,17031.28,E138,368.18,evehicle,94.43,2026-01-01 01:14:46
ev1,0.0,-E52,17031.28,E138,368.18,evehicle,94.43,2026-01-01 01:14:46.500000
ev1,0.0,-E52,17031.28,E138,368.18,evehicle,94.43,2026-01-01 01:14:47
ev1,0.0,-E52,17031.28,E138,368.18,evehicle,94.43,2026-01-01 01:14:47.500000
ev1,0.0,-E52,17031.28,E138,368.18,evehicle,94.43,2026-01-01 01:14:48
ev1,0.0,-E52,17031.28,E138,368.18,evehicle,94.43,2026-01-01 01:14:48.500000
ev1,0.0,-E52,17031.28,E138,368.18,evehicle,94.43,2026-01-01 01:14:49
ev1,0.0,-E52,17031.28,E138,368.18,evehicle,94.43,2026-01-01 01:14:49.500000
ev1,0.0,-E52,17031.28,E138,368.18,evehicle,94.43,2026-01-01 01:14:50
ev1,0.0,-E52,17031.28,E138,368.18,evehicle,94.43,2026-01-01 01:14:50.500000
ev1,0.0,-E52,17031.28,E138,368.18,evehicle,94.43,2026-01-01 01:14:51
ev1,0.0,-E52,17031.28,E138,368.18,evehicle,94.43,2026-01-01 01:14:51.500000
ev1,0.0,-E52,17031.28,E138,368.18,evehicle,94.43,2026-01-01 01:14:52
ev1,0.0,-E52,17031.28,E138,368.18,evehicle,94.43,2026-01-01 01:14:52.500000
ev1,0.0,-E52,17031.28,E138,368.18,evehicle,94.43,2026-01-01 01:14:53
ev1,0.0,-E52,17031.28,E138,368.18,evehicle,94.43,2026-01-01 01:14:53.500000
ev1,0.0,-E52,17031.28,E138,368.18,evehicle,94.43,2026-01-01 01:14:54
ev1,0.0,-E52,17031.28,E138,368.18,evehicle,94.43,2026-01-01 01:14:54.500000
ev1,0.0,-E52,17031.28,E138,368.18,evehicle,94.43,2026-01-01 01:14:55
ev1,0.0,-E52,17031.28,E138,368.18,evehicle,94.43,2026-01-01 01:14:55.500000
ev1,0.0,-E52,17031.28,E138,368.18,evehicle,94.43,2026-01-01 01:14:56
ev1,0.0,-E52,17031.28,E138,368.18,evehicle,94.43,2026-01-01 01:14:56.500000
ev1,0.0,-E52,17031.28,E138,368.18,evehicle,94.43,2026-01-01 01:14:57
ev1,0.0,-E52,17031.28,E138,368.18,evehicle,94.43,2026-01-01 01:14:57.500000
ev1,0.0,-E52,17031.28,E138,368.18,evehicle,94.43,2026-01-01 01:14:58
ev1,0.0,-E52,17031.28,E138,368.18,evehicle,94.43,2026-01-01 01:14:58.500000
ev1,0.0,-E52,17031.28,E138,368.18,evehicle,94.43,2026-01-01 01:14:59
ev1,0.0,-E52,17031.28,E138,368.18,evehicle,94.43,2026-01-01 01:14:59.500000
ev1,0.0,-E52,17031.28,E138,368.18,evehicle,94.43,2026-01-01 01:15:00
ev1,0.0,-E52,17031.28,E138,368.18,evehicle,94.43,2026-01-01 01:15:00.500000
ev1,0.0,-E52,17031.28,E138,368.18,evehicle,94.43,2026-01-01 01:15:01
ev1,0.0,-E52,17031.28,E138,368.18,evehicle,94.43,2026-01-01 01:15:01.500000
ev1,0.0,-E52,17031.28,E138,368.18,evehicle,94.43,2026-01-01 01:15:02
ev1,0.0,-E52,17031.28,E138,368.18,evehicle,94.43,2026-01-01 01:15:02.500000
ev1,0.0,-E52,17031.28,E138,368.18,evehicle,94.43,2026-01-01 01:15:03
ev1,0.0,-E52,17031.28,E138,368.18,evehicle,94.43,2026-01-01 01:15:03.500000
ev1,0.0,-E52,17031.28,E138,368.18,evehicle,94.43,2026-01-01 01:15:04
ev1,0.0,-E52,17031.28,E138,368.18,evehicle,94.43,2026-01-01 01:15:04.500000
ev1,0.0,-E52,17031.28,E138,368.18,evehicle,94.43,2026-01-01 01:15:05
ev1,0.0,-E52,17031.28,E138,368.18,evehicle,94.43,2026-01-01 01:15:05.500000
ev1,0.0,-E52,17031.28,E138,368.18,evehicle,94.43,2026-01-01 01:15:06
ev1,0.0,-E52,17031.28,E138,368.18,evehicle,94.43,2026-01-01 01:15:06.500000
ev1,0.0,-E52,17031.28,E138,368.18,evehicle,94.43,2026-01-01 01:15:07
ev1,0.0,-E52,17031.28,E138,368.18,evehicle,94.43,2026-01-01 01:15:07.500000
ev1,0.0,-E52,17031.28,E138,368.18,evehicle,94.43,2026-01-01 01:15:08
ev1,0.0,-E52,17031.28,E138,368.18,evehicle,94.43,2026-01-01 01:15:08.500000
ev1,0.0,-E52,17031.28,E138,368.18,evehicle,94.43,2026-01-01 01:15:09
ev1,0.0,-E52,17031.28,E138,368.18,evehicle,94.43,2026-01-01 01:15:09.500000
ev1,0.0,-E52,17031.28,E138,368.18,evehicle,94.43,2026-01-01 01:15:10
ev1,0.0,-E52,17031.28,E138,368.18,evehicle,94.43,2026-01-01 01:15:10.500000
ev1,0.0,-E52,17031.28,E138,368.18,evehicle,94.43,2026-01-01 01:15:11
ev1,0.0,-E52,17031.28,E138,368.18,evehicle,94.43,2026-01-01 01:15:11.500000
ev1,0.0,-E52,17031.28,E138,368.18,evehicle,94.43,2026-01-01 01:15:12
ev1,0.0,-E52,17031.28,E138,368.18,evehicle,94.43,2026-01-01 01:15:12.500000
ev1,0.0,-E52,17031.28,E138,368.18,evehicle,94.43,2026-01-01 01:15:13
ev1,0.0,-E52,17031.28,E138,368.18,evehicle,94.43,2026-01-01 01:15:13.500000
ev1,0.0,-E52,17031.28,E138,368.18,evehicle,94.43,2026-01-01 01:15:14
ev1,0.0,-E52,17031.28,E138,368.18,evehicle,94.43,2026-01-01 01:15:14.500000
ev1,0.0,-E52,17031.28,E138,368.18,evehicle,94.43,2026-01-01 01:15:15
ev1,0.0,-E52,17031.28,E138,368.18,evehicle,94.43,2026-01-01 01:15:15.500000
ev1,0.0,-E52,17031.28,E138,368.18,evehicle,94.43,2026-01-01 01:15:16
ev1,0.0,-E52,17031.28,E138,368.18,evehicle,94.43,2026-01-01 01:15:16.500000
ev1,0.0,-E52,17031.28,E138,368.18,evehicle,94.43,2026-01-01 01:15:17
ev1,0.0,-E52,17031.28,E138,368.18,evehicle,94.43,2026-01-01 01:15:17.500000
ev1,0.0,-E52,17031.28,E138,368.18,evehicle,94.43,2026-01-01 01:15:18
ev1,0.0,-E52,17031.28,E138,368.18,evehicle,94.43,2026-01-01 01:15:18.500000
ev1,0.0,-E52,17031.28,E138,368.18,evehicle,94.43,2026-01-01 01:15:19
ev1,0.0,-E52,17031.28,E138,368.18,evehicle,94.43,2026-01-01 01:15:19.500000
ev1,0.0,-E52,17031.28,E138,368.18,evehicle,94.43,2026-01-01 01:15:20
ev1,0.0,-E52,17031.28,E138,368.18,evehicle,94.43,2026-01-01 01:15:20.500000
ev1,0.0,-E52,17031.28,E138,368.18,evehicle,94.43,2026-01-01 01:15:21
ev1,0.0,-E52,17031.28,E138,368.18,evehicle,94.43,2026-01-01 01:15:21.500000
ev1,0.0,-E52,17031.28,E138,368.18,evehicle,94.43,2026-01-01 01:15:22
ev1,0.0,-E52,17031.28,E138,368.18,evehicle,94.43,2026-01-01 01:15:22.500000
ev1,0.0,-E52,17031.28,E138,368.18,evehicle,94.43,2026-01-01 01:15:23
ev1,0.0,-E52,17031.28,E138,368.18,evehicle,94.43,2026-01-01 01:15:23.500000
ev1,0.0,-E52,17031.28,E138,368.18,evehicle,94.43,2026-01-01 01:15:24
ev1,0.0,-E52,17031.28,E138,368.18,evehicle,94.43,2026-01-01 01:15:24.500000
ev1,0.0,-E52,17031.28,E138,368.18,evehicle,94.43,2026-01-01 01:15:25
ev1,0.0,-E52,17031.28,E138,368.18,evehicle,94.43,2026-01-01 01:15:25.500000
ev1,0.0,-E52,17031.28,E138,368.18,evehicle,94.43,2026-01-01 01:15:26
ev1,0.0,-E52,17031.28,E138,368.18,evehicle,94.43,2026-01-01 01:15:26.500000
ev1,0.0,-E52,17031.28,E138,368.18,evehicle,94.43,2026-01-01 01:15:27
ev1,0.0,-E52,17031.28,E138,368.18,evehicle,94.43,2026-01-01 01:15:27.500000
ev1,0.0,-E52,17031.28,E138,368.18,evehicle,94.43,2026-01-01 01:15:28
ev1,0.0,-E52,17031.28,E138,368.18,evehicle,94.43,2026-01-01 01:15:28.500000
ev1,0.0,-E52,17031.28,E138,368.18,evehicle,94.43,2026-01-01 01:15:29
ev1,0.0,-E52,17031.28,E138,368.18,evehicle,94.43,2026-01-01 01:15:29.500000
ev1,0.0,-E52,17031.28,E138,368.18,evehicle,94.43,2026-01-01 01:15:30
ev1,0.0,-E52,17031.28,E138,368.18,evehicle,94.43,2026-01-01 01:15:30.500000
ev1,0.0,-E52,17031.28,E138,368.18,evehicle,94.43,2026-01-01 01:15:31
ev1,0.0,-E52,17031.28,E138,368.18,evehicle,94.43,2026-01-01 01:15:31.500000
ev1,0.0,-E52,17031.28,E138,368.18,evehicle,94.43,2026-01-01 01:15:32
ev1,0.0,-E52,17031.28,E138,368.18,evehicle,94.43,2026-01-01 01:15:32.500000
ev1,0.0,-E52,17031.28,E138,368.18,evehicle,94.43,2026-01-01 01:15:33
ev1,0.0,-E52,17031.28,E138,368.18,evehicle,94.43,2026-01-01 01:15:33.500000
ev1,0.0,-E52,17031.28,E138,368.18,evehicle,94.43,2026-01-01 01:15:34
ev1,0.0,-E52,17031.28,E138,368.18,evehicle,94.43,2026-01-01 01:15:34.500000
ev1,0.0,-E52,17031.28,E138,368.18,evehicle,94.43,2026-01-01 01:15:35
ev1,0.0,-E52,17031.28,E138,368.18,evehicle,94.43,2026-01-01 01:15:35.500000
ev1,0.0,-E52,17031.28,E138,368.18,evehicle,94.43,2026-01-01 01:15:36
ev1,4.39,-E52,17031.89,E138,367.57,evehicle,94.43,2026-01-01 01:15:36.500000
ev1,7.42,:J61_6,17031.89,E138,367.57,evehicle,94.43,2026-01-01 01:15:37
ev1,11.99,:J61_6,17031.89,E138,367.57,evehicle,94.43,2026-01-01 01:15:37.500000
ev1,16.45,:J61_6,17031.89,E138,367.57,evehicle,94.4,2026-01-01 01:15:38
ev1,18.86,:J61_6,17031.89,E138,367.57,evehicle,94.4,2026-01-01 01:15:38.500000
ev1,21.49,:J61_6,17031.89,E138,367.57,evehicle,94.4,2026-01-01 01:15:39
ev1,25.31,:J61_6,17031.89,E138,367.57,evehicle,94.4,2026-01-01 01:15:39.500000
ev1,28.84,:J61_6,17031.89,E138,367.57,evehicle,94.37,2026-01-01 01:15:40
ev1,31.86,:J61_6,17031.89,E138,367.57,evehicle,94.37,2026-01-01 01:15:40.500000
ev1,35.64,-E51,17059.35,E138,340.11,evehicle,94.34,2026-01-01 01:15:41
ev1,39.17,-E51,17064.8,E138,334.66,evehicle,94.34,2026-01-01 01:15:41.500000
ev1,41.76,-E51,17070.59,E138,328.87,evehicle,94.31,2026-01-01 01:15:42
ev1,45.36,-E51,17076.89,E138,322.57,evehicle,94.31,2026-01-01 01:15:42.500000
ev1,47.38,-E51,17083.47,E138,315.99,evehicle,94.29,2026-01-01 01:15:43
ev1,47.2,-E51,17090.02,E138,309.44,evehicle,94.29,2026-01-01 01:15:43.500000
ev1,47.09,-E50,17096.56,E138,302.9,evehicle,94.29,2026-01-01 01:15:44
ev1,47.38,-E50,17103.14,E138,296.32,evehicle,94.29,2026-01-01 01:15:44.500000
ev1,46.55,-E50,17109.61,E138,289.85,evehicle,94.29,2026-01-01 01:15:45
ev1,47.12,-E50,17116.15,E138,283.31,evehicle,94.29,2026-01-01 01:15:45.500000
ev1,46.66,-E50,17122.63,E138,276.83,evehicle,94.29,2026-01-01 01:15:46
ev1,45.65,-E50,17128.97,E138,270.49,evehicle,94.29,2026-01-01 01:15:46.500000
ev1,47.02,:J59_8,17128.97,E138,270.49,evehicle,94.29,2026-01-01 01:15:47
ev1,46.98,:J59_8,17128.97,E138,270.49,evehicle,94.29,2026-01-01 01:15:47.500000
ev1,45.14,:J59_8,17128.97,E138,270.49,evehicle,94.29,2026-01-01 01:15:48
ev1,45.32,-E49,17154.6,E138,244.86,evehicle,94.29,2026-01-01 01:15:48.500000
ev1,45.65,-E49,17160.93,E138,238.53,evehicle,94.29,2026-01-01 01:15:49
ev1,46.48,-E49,17167.39,E138,232.07,evehicle,94.29,2026-01-01 01:15:49.500000
ev1,47.34,-E49,17173.97,E138,225.49,evehicle,94.26,2026-01-01 01:15:50
ev1,46.01,-E49,17180.36,E138,219.1,evehicle,94.29,2026-01-01 01:15:50.500000
ev1,45.25,:J50_3,17180.36,E138,219.1,evehicle,94.29,2026-01-01 01:15:51
ev1,47.05,:J50_3,17180.36,E138,219.1,evehicle,94.26,2026-01-01 01:15:51.500000
ev1,46.58,:J50_3,17180.36,E138,219.1,evehicle,94.26,2026-01-01 01:15:52
ev1,45.07,-E40,17205.91,E138,193.55,evehicle,94.26,2026-01-01 01:15:52.500000
ev1,45.36,-E40,17212.21,E138,187.25,evehicle,94.26,2026-01-01 01:15:53
ev1,47.02,-E40,17218.74,E138,180.72,evehicle,94.26,2026-01-01 01:15:53.500000
ev1,45.72,-E40,17225.09,E138,174.37,evehicle,94.26,2026-01-01 01:15:54
ev1,45.68,-E40,17231.43,E138,168.03,evehicle,94.26,2026-01-01 01:15:54.500000
ev1,44.64,:J47_4,17231.43,E138,168.03,evehicle,94.26,2026-01-01 01:15:55
ev1,43.56,:J47_4,17231.43,E138,168.03,evehicle,94.26,2026-01-01 01:15:55.500000
ev1,44.82,:J47_4,17231.43,E138,168.03,evehicle,94.26,2026-01-01 01:15:56
ev1,44.06,-E120,17256.03,E138,143.43,evehicle,94.26,2026-01-01 01:15:56.500000
ev1,43.13,-E120,17262.02,E138,137.44,evehicle,94.26,2026-01-01 01:15:57
ev1,42.19,-E120,17267.87,E138,131.59,evehicle,94.26,2026-01-01 01:15:57.500000
ev1,41.26,-E120,17273.6,E138,125.86,evehicle,94.26,2026-01-01 01:15:58
ev1,40.32,-E120,17279.2,E138,120.26,evehicle,94.29,2026-01-01 01:15:58.500000
ev1,37.58,-E120,17284.42,E138,115.04,evehicle,94.29,2026-01-01 01:15:59
ev1,29.48,-E120,17288.52,E138,110.94,evehicle,94.31,2026-01-01 01:15:59.500000
ev1,21.38,-E120,17291.48,E138,107.98,evehicle,94.34,2026-01-01 01:16:00
ev1,13.28,-E120,17293.33,E138,106.13,evehicle,94.34,2026-01-01 01:16:00.500000
ev1,5.18,-E120,17294.05,E138,105.41,evehicle,94.37,2026-01-01 01:16:01
ev1,0.0,-E120,17294.05,E138,105.41,evehicle,94.37,2026-01-01 01:16:01.500000
ev1,0.0,-E120,17294.05,E138,105.41,evehicle,94.37,2026-01-01 01:16:02
ev1,0.0,-E120,17294.05,E138,105.41,evehicle,94.37,2026-01-01 01:16:02.500000
ev1,0.0,-E120,17294.05,E138,105.41,evehicle,94.37,2026-01-01 01:16:03
ev1,4.14,-E120,17294.63,E138,104.83,evehicle,94.37,2026-01-01 01:16:03.500000
ev1,4.14,:J43_10,17294.63,E138,104.83,evehicle,94.37,2026-01-01 01:16:04
ev1,4.14,:J43_10,17294.63,E138,104.83,evehicle,94.37,2026-01-01 01:16:04.500000
ev1,4.1,:J43_10,17294.63,E138,104.83,evehicle,94.37,2026-01-01 01:16:05
ev1,4.1,:J43_10,17294.63,E138,104.83,evehicle,94.37,2026-01-01 01:16:05.500000
ev1,4.1,:J43_10,17294.63,E138,104.83,evehicle,94.37,2026-01-01 01:16:06
ev1,4.07,:J43_10,17294.63,E138,104.83,evehicle,94.37,2026-01-01 01:16:06.500000
ev1,4.07,:J43_10,17294.63,E138,104.83,evehicle,94.37,2026-01-01 01:16:07
ev1,4.07,:J43_10,17294.63,E138,104.83,evehicle,94.37,2026-01-01 01:16:07.500000
ev1,4.03,:J43_10,17294.63,E138,104.83,evehicle,94.37,2026-01-01 01:16:08
ev1,4.03,:J43_10,17294.63,E138,104.83,evehicle,94.37,2026-01-01 01:16:08.500000
ev1,4.03,:J43_10,17294.63,E138,104.83,evehicle,94.37,2026-01-01 01:16:09
ev1,4.03,:J43_10,17294.63,E138,104.83,evehicle,94.37,2026-01-01 01:16:09.500000
ev1,4.0,:J43_10,17294.63,E138,104.83,evehicle,94.37,2026-01-01 01:16:10
ev1,4.0,:J43_10,17294.63,E138,104.83,evehicle,94.37,2026-01-01 01:16:10.500000
ev1,4.0,:J43_10,17294.63,E138,104.83,evehicle,94.37,2026-01-01 01:16:11
ev1,3.96,:J43_10,17294.63,E138,104.83,evehicle,94.37,2026-01-01 01:16:11.500000
ev1,3.96,:J43_10,17294.63,E138,104.83,evehicle,94.37,2026-01-01 01:16:12
ev1,3.96,:J43_10,17294.63,E138,104.83,evehicle,94.37,2026-01-01 01:16:12.500000
ev1,3.96,:J43_10,17294.63,E138,104.83,evehicle,94.37,2026-01-01 01:16:13
ev1,3.92,:J43_10,17294.63,E138,104.83,evehicle,94.37,2026-01-01 01:16:13.500000
ev1,3.92,:J43_10,17294.63,E138,104.83,evehicle,94.37,2026-01-01 01:16:14
ev1,3.92,:J43_10,17294.63,E138,104.83,evehicle,94.37,2026-01-01 01:16:14.500000
ev1,3.89,:J43_10,17294.63,E138,104.83,evehicle,94.37,2026-01-01 01:16:15
ev1,3.89,:J43_10,17294.63,E138,104.83,evehicle,94.37,2026-01-01 01:16:15.500000
ev1,3.89,:J43_10,17294.63,E138,104.83,evehicle,94.37,2026-01-01 01:16:16
ev1,3.89,:J43_10,17294.63,E138,104.83,evehicle,94.37,2026-01-01 01:16:16.500000
ev1,3.85,:J43_10,17294.63,E138,104.83,evehicle,94.34,2026-01-01 01:16:17
ev1,3.85,:J43_10,17294.63,E138,104.83,evehicle,94.34,2026-01-01 01:16:17.500000
ev1,3.85,:J43_10,17294.63,E138,104.83,evehicle,94.34,2026-01-01 01:16:18
ev1,3.82,:J43_10,17294.63,E138,104.83,evehicle,94.34,2026-01-01 01:16:18.500000
ev1,3.82,:J43_10,17294.63,E138,104.83,evehicle,94.34,2026-01-01 01:16:19
ev1,3.82,:J43_10,17294.63,E138,104.83,evehicle,94.34,2026-01-01 01:16:19.500000
ev1,3.82,:J43_10,17294.63,E138,104.83,evehicle,94.34,2026-01-01 01:16:20
ev1,3.78,:J43_10,17294.63,E138,104.83,evehicle,94.34,2026-01-01 01:16:20.500000
ev1,3.78,:J43_10,17294.63,E138,104.83,evehicle,94.34,2026-01-01 01:16:21
ev1,3.78,:J43_10,17294.63,E138,104.83,evehicle,94.34,2026-01-01 01:16:21.500000
ev1,3.78,:J43_10,17294.63,E138,104.83,evehicle,94.34,2026-01-01 01:16:22
ev1,3.74,:J43_10,17294.63,E138,104.83,evehicle,94.34,2026-01-01 01:16:22.500000
ev1,3.74,:J43_10,17294.63,E138,104.83,evehicle,94.34,2026-01-01 01:16:23
ev1,3.74,:J43_10,17294.63,E138,104.83,evehicle,94.34,2026-01-01 01:16:23.500000
ev1,3.74,:J43_10,17294.63,E138,104.83,evehicle,94.34,2026-01-01 01:16:24
ev1,3.71,:J43_10,17294.63,E138,104.83,evehicle,94.34,2026-01-01 01:16:24.500000
ev1,3.71,:J43_10,17294.63,E138,104.83,evehicle,94.34,2026-01-01 01:16:25
ev1,3.71,:J43_10,17294.63,E138,104.83,evehicle,94.34,2026-01-01 01:16:25.500000
ev1,3.71,:J43_10,17294.63,E138,104.83,evehicle,94.34,2026-01-01 01:16:26
ev1,3.67,-E134,17319.55,E138,79.91,evehicle,94.34,2026-01-01 01:16:26.500000
ev1,3.67,-E134,17320.06,E138,79.4,evehicle,94.34,2026-01-01 01:16:27
ev1,3.67,-E134,17320.57,E138,78.89,evehicle,94.34,2026-01-01 01:16:27.500000
ev1,3.64,-E134,17321.07,E138,78.39,evehicle,94.34,2026-01-01 01:16:28
ev1,3.64,-E134,17321.58,E138,77.88,evehicle,94.34,2026-01-01 01:16:28.500000
ev1,3.64,-E134,17322.08,E138,77.38,evehicle,94.34,2026-01-01 01:16:29
ev1,3.6,-E134,17322.58,E138,76.88,evehicle,94.34,2026-01-01 01:16:29.500000
ev1,3.6,-E134,17323.08,E138,76.38,evehicle,94.34,2026-01-01 01:16:30
ev1,3.6,-E134,17323.58,E138,75.88,evehicle,94.34,2026-01-01 01:16:30.500000
ev1,3.56,-E134,17324.08,E138,75.38,evehicle,94.34,2026-01-01 01:16:31
ev1,3.56,-E134,17324.57,E138,74.89,evehicle,94.34,2026-01-01 01:16:31.500000
ev1,3.56,-E134,17325.07,E138,74.39,evehicle,94.34,2026-01-01 01:16:32
ev1,3.53,-E134,17325.56,E138,73.9,evehicle,94.34,2026-01-01 01:16:32.500000
ev1,3.53,-E134,17326.05,E138,73.41,evehicle,94.34,2026-01-01 01:16:33
ev1,3.53,-E134,17326.54,E138,72.92,evehicle,94.34,2026-01-01 01:16:33.500000
ev1,3.49,-E134,17327.02,E138,72.44,evehicle,94.34,2026-01-01 01:16:34
ev1,3.49,-E134,17327.51,E138,71.95,evehicle,94.34,2026-01-01 01:16:34.500000
ev1,3.49,-E134,17327.99,E138,71.47,evehicle,94.34,2026-01-01 01:16:35
ev1,3.46,-E134,17328.47,E138,70.99,evehicle,94.34,2026-01-01 01:16:35.500000
ev1,3.46,-E134,17328.96,E138,70.5,evehicle,94.34,2026-01-01 01:16:36
ev1,3.46,-E134,17329.43,E138,70.03,evehicle,94.34,2026-01-01 01:16:36.500000
ev1,3.42,-E134,17329.91,E138,69.55,evehicle,94.34,2026-01-01 01:16:37
ev1,3.42,-E134,17330.39,E138,69.07,evehicle,94.34,2026-01-01 01:16:37.500000
ev1,3.42,-E134,17330.86,E138,68.6,evehicle,94.34,2026-01-01 01:16:38
ev1,3.38,-E134,17331.33,E138,68.13,evehicle,94.34,2026-01-01 01:16:38.500000
ev1,3.38,-E134,17331.8,E138,67.66,evehicle,94.34,2026-01-01 01:16:39
ev1,3.38,-E134,17332.27,E138,67.19,evehicle,94.34,2026-01-01 01:16:39.500000
ev1,3.35,-E134,17332.74,E138,66.72,evehicle,94.34,2026-01-01 01:16:40
ev1,3.35,-E134,17333.2,E138,66.26,evehicle,94.34,2026-01-01 01:16:40.500000
ev1,3.35,-E134,17333.67,E138,65.79,evehicle,94.34,2026-01-01 01:16:41
ev1,3.31,-E134,17334.13,E138,65.33,evehicle,94.34,2026-01-01 01:16:41.500000
ev1,3.31,-E134,17334.59,E138,64.87,evehicle,94.34,2026-01-01 01:16:42
ev1,3.31,-E134,17335.05,E138,64.41,evehicle,94.34,2026-01-01 01:16:42.500000
ev1,3.28,-E134,17335.51,E138,63.95,evehicle,94.34,2026-01-01 01:16:43
ev1,3.28,-E134,17335.96,E138,63.5,evehicle,94.34,2026-01-01 01:16:43.500000
ev1,3.28,-E134,17336.42,E138,63.04,evehicle,94.34,2026-01-01 01:16:44
ev1,3.28,-E134,17336.87,E138,62.59,evehicle,94.34,2026-01-01 01:16:44.500000
ev1,3.24,-E134,17337.32,E138,62.14,evehicle,94.34,2026-01-01 01:16:45
ev1,3.24,-E134,17337.77,E138,61.69,evehicle,94.34,2026-01-01 01:16:45.500000
ev1,3.24,-E134,17338.22,E138,61.24,evehicle,94.34,2026-01-01 01:16:46
ev1,3.2,-E134,17338.66,E138,60.8,evehicle,94.34,2026-01-01 01:16:46.500000
ev1,3.2,-E134,17339.11,E138,60.35,evehicle,94.34,2026-01-01 01:16:47
ev1,3.2,-E134,17339.55,E138,59.91,evehicle,94.34,2026-01-01 01:16:47.500000
ev1,3.17,-E134,17339.99,E138,59.47,evehicle,94.34,2026-01-01 01:16:48
ev1,3.17,-E134,17340.43,E138,59.03,evehicle,94.34,2026-01-01 01:16:48.500000
ev1,3.17,-E134,17340.87,E138,58.59,evehicle,94.34,2026-01-01 01:16:49
ev1,3.13,-E134,17341.31,E138,58.15,evehicle,94.34,2026-01-01 01:16:49.500000
ev1,3.13,-E134,17341.74,E138,57.72,evehicle,94.34,2026-01-01 01:16:50
ev1,3.13,-E134,17342.17,E138,57.29,evehicle,94.34,2026-01-01 01:16:50.500000
ev1,3.1,-E134,17342.6,E138,56.86,evehicle,94.34,2026-01-01 01:16:51
ev1,3.1,-E134,17343.03,E138,56.43,evehicle,94.34,2026-01-01 01:16:51.500000
ev1,3.1,-E134,17343.46,E138,56.0,evehicle,94.34,2026-01-01 01:16:52
ev1,3.06,-E134,17343.89,E138,55.57,evehicle,94.34,2026-01-01 01:16:52.500000
ev1,3.06,-E134,17344.31,E138,55.15,evehicle,94.34,2026-01-01 01:16:53
ev1,3.06,-E134,17344.74,E138,54.72,evehicle,94.34,2026-01-01 01:16:53.500000
ev1,3.02,-E134,17345.16,E138,54.3,evehicle,94.34,2026-01-01 01:16:54
ev1,3.02,-E134,17345.58,E138,53.88,evehicle,94.34,2026-01-01 01:16:54.500000
ev1,3.02,-E134,17346.0,E138,53.46,evehicle,94.34,2026-01-01 01:16:55
ev1,2.99,-E134,17346.41,E138,53.05,evehicle,94.34,2026-01-01 01:16:55.500000
ev1,2.99,-E134,17346.83,E138,52.63,evehicle,94.34,2026-01-01 01:16:56
ev1,2.99,:J42_8,17346.83,E138,52.63,evehicle,94.34,2026-01-01 01:16:56.500000
ev1,2.95,:J42_8,17346.83,E138,52.63,evehicle,94.34,2026-01-01 01:16:57
ev1,2.95,:J42_8,17346.83,E138,52.63,evehicle,94.34,2026-01-01 01:16:57.500000
ev1,2.95,:J42_8,17346.83,E138,52.63,evehicle,94.34,2026-01-01 01:16:58
ev1,2.92,:J42_8,17346.83,E138,52.63,evehicle,94.34,2026-01-01 01:16:58.500000
ev1,2.92,:J42_8,17346.83,E138,52.63,evehicle,94.34,2026-01-01 01:16:59
ev1,2.92,:J42_8,17346.83,E138,52.63,evehicle,94.34,2026-01-01 01:16:59.500000
ev1,2.88,:J42_8,17346.83,E138,52.63,evehicle,94.34,2026-01-01 01:17:00
ev1,2.88,:J42_8,17346.83,E138,52.63,evehicle,94.34,2026-01-01 01:17:00.500000
ev1,2.88,:J42_8,17346.83,E138,52.63,evehicle,94.34,2026-01-01 01:17:01
ev1,2.88,:J42_8,17346.83,E138,52.63,evehicle,94.34,2026-01-01 01:17:01.500000
ev1,2.84,:J42_8,17346.83,E138,52.63,evehicle,94.34,2026-01-01 01:17:02
ev1,2.84,:J42_8,17346.83,E138,52.63,evehicle,94.34,2026-01-01 01:17:02.500000
ev1,2.84,:J42_8,17346.83,E138,52.63,evehicle,94.34,2026-01-01 01:17:03
ev1,2.81,:J42_8,17346.83,E138,52.63,evehicle,94.34,2026-01-01 01:17:03.500000
ev1,2.81,:J42_8,17346.83,E138,52.63,evehicle,94.34,2026-01-01 01:17:04
ev1,2.81,:J42_8,17346.83,E138,52.63,evehicle,94.34,2026-01-01 01:17:04.500000
ev1,2.77,:J42_8,17346.83,E138,52.63,evehicle,94.34,2026-01-01 01:17:05
ev1,2.77,:J42_8,17346.83,E138,52.63,evehicle,94.34,2026-01-01 01:17:05.500000
ev1,2.77,:J42_8,17346.83,E138,52.63,evehicle,94.34,2026-01-01 01:17:06
ev1,2.77,:J42_8,17346.83,E138,52.63,evehicle,94.34,2026-01-01 01:17:06.500000
ev1,2.74,:J42_8,17346.83,E138,52.63,evehicle,94.34,2026-01-01 01:17:07
ev1,2.74,:J42_8,17346.83,E138,52.63,evehicle,94.34,2026-01-01 01:17:07.500000
ev1,2.74,:J42_8,17346.83,E138,52.63,evehicle,94.34,2026-01-01 01:17:08
ev1,2.74,:J42_8,17346.83,E138,52.63,evehicle,94.34,2026-01-01 01:17:08.500000
ev1,2.7,E138,17357.07,E138,42.39,evehicle,94.34,2026-01-01 01:17:09
ev1,2.7,E138,17357.45,E138,42.01,evehicle,94.34,2026-01-01 01:17:09.500000
ev1,2.7,E138,17357.82,E138,41.64,evehicle,94.34,2026-01-01 01:17:10
ev1,2.66,E138,17358.19,E138,41.27,evehicle,94.34,2026-01-01 01:17:10.500000
ev1,2.66,E138,17358.56,E138,40.9,evehicle,94.34,2026-01-01 01:17:11
ev1,2.66,E138,17358.93,E138,40.53,evehicle,94.34,2026-01-01 01:17:11.500000
ev1,2.63,E138,17359.3,E138,40.16,evehicle,94.34,2026-01-01 01:17:12
ev1,2.63,E138,17359.66,E138,39.8,evehicle,94.34,2026-01-01 01:17:12.500000
ev1,2.63,E138,17360.02,E138,39.44,evehicle,94.34,2026-01-01 01:17:13
ev1,2.59,E138,17360.38,E138,39.08,evehicle,94.34,2026-01-01 01:17:13.500000
ev1,2.59,E138,17360.74,E138,38.72,evehicle,94.34,2026-01-01 01:17:14
ev1,2.59,E138,17361.1,E138,38.36,evehicle,94.34,2026-01-01 01:17:14.500000
ev1,2.56,E138,17361.46,E138,38.0,evehicle,94.34,2026-01-01 01:17:15
ev1,2.56,E138,17361.81,E138,37.65,evehicle,94.34,2026-01-01 01:17:15.500000
ev1,2.56,E138,17362.16,E138,37.3,evehicle,94.34,2026-01-01 01:17:16
ev1,2.52,E138,17362.52,E138,36.94,evehicle,94.34,2026-01-01 01:17:16.500000
ev1,2.52,E138,17362.86,E138,36.6,evehicle,94.34,2026-01-01 01:17:17
ev1,2.52,E138,17363.21,E138,36.25,evehicle,94.34,2026-01-01 01:17:17.500000
ev1,2.48,E138,17363.56,E138,35.9,evehicle,94.34,2026-01-01 01:17:18
ev1,2.48,E138,17363.9,E138,35.56,evehicle,94.34,2026-01-01 01:17:18.500000
ev1,2.48,E138,17364.25,E138,35.21,evehicle,94.34,2026-01-01 01:17:19
ev1,2.45,E138,17364.59,E138,34.87,evehicle,94.34,2026-01-01 01:17:19.500000
ev1,2.45,E138,17364.93,E138,34.53,evehicle,94.34,2026-01-01 01:17:20
ev1,2.45,E138,17365.26,E138,34.2,evehicle,94.34,2026-01-01 01:17:20.500000
ev1,2.41,E138,17365.6,E138,33.86,evehicle,94.34,2026-01-01 01:17:21
ev1,2.41,E138,17365.93,E138,33.53,evehicle,94.34,2026-01-01 01:17:21.500000
ev1,2.41,E138,17366.27,E138,33.19,evehicle,94.34,2026-01-01 01:17:22
ev1,2.38,E138,17366.6,E138,32.86,evehicle,94.34,2026-01-01 01:17:22.500000
ev1,2.38,E138,17366.93,E138,32.53,evehicle,94.34,2026-01-01 01:17:23
ev1,2.38,E138,17367.25,E138,32.21,evehicle,94.34,2026-01-01 01:17:23.500000
ev1,2.34,E138,17367.58,E138,31.88,evehicle,94.34,2026-01-01 01:17:24
ev1,2.34,E138,17367.9,E138,31.56,evehicle,94.34,2026-01-01 01:17:24.500000
ev1,2.34,E138,17368.23,E138,31.23,evehicle,94.34,2026-01-01 01:17:25
ev1,2.3,E138,17368.55,E138,30.91,evehicle,94.34,2026-01-01 01:17:25.500000
ev1,2.3,E138,17368.87,E138,30.59,evehicle,94.34,2026-01-01 01:17:26
ev1,2.3,E138,17369.18,E138,30.28,evehicle,94.34,2026-01-01 01:17:26.500000
ev1,2.27,E138,17369.5,E138,29.96,evehicle,94.34,2026-01-01 01:17:27
ev1,2.27,E138,17369.81,E138,29.65,evehicle,94.34,2026-01-01 01:17:27.500000
ev1,2.27,E138,17370.13,E138,29.33,evehicle,94.34,2026-01-01 01:17:28
ev1,2.23,E138,17370.44,E138,29.02,evehicle,94.34,2026-01-01 01:17:28.500000
ev1,2.23,E138,17370.75,E138,28.71,evehicle,94.34,2026-01-01 01:17:29
ev1,2.23,E138,17371.06,E138,28.4,evehicle,94.34,2026-01-01 01:17:29.500000
ev1,2.2,E138,17371.36,E138,28.1,evehicle,94.34,2026-01-01 01:17:30
ev1,2.2,E138,17371.67,E138,27.79,evehicle,94.34,2026-01-01 01:17:30.500000
ev1,2.2,E138,17371.97,E138,27.49,evehicle,94.34,2026-01-01 01:17:31
ev1,2.16,E138,17372.27,E138,27.19,evehicle,94.34,2026-01-01 01:17:31.500000
ev1,2.16,E138,17372.57,E138,26.89,evehicle,94.34,2026-01-01 01:17:32
ev1,2.12,E138,17372.87,E138,26.59,evehicle,94.34,2026-01-01 01:17:32.500000
ev1,2.12,E138,17373.16,E138,26.3,evehicle,94.34,2026-01-01 01:17:33
ev1,2.12,E138,17373.46,E138,26.0,evehicle,94.34,2026-01-01 01:17:33.500000
ev1,2.12,E138,17373.75,E138,25.71,evehicle,94.34,2026-01-01 01:17:34
ev1,2.09,E138,17374.04,E138,25.42,evehicle,94.34,2026-01-01 01:17:34.500000
ev1,2.09,E138,17374.33,E138,25.13,evehicle,94.34,2026-01-01 01:17:35
ev1,2.09,E138,17374.62,E138,24.84,evehicle,94.34,2026-01-01 01:17:35.500000
ev1,2.05,E138,17374.9,E138,24.56,evehicle,94.34,2026-01-01 01:17:36
ev1,2.05,E138,17375.19,E138,24.27,evehicle,94.34,2026-01-01 01:17:36.500000
ev1,2.02,E138,17375.47,E138,23.99,evehicle,94.34,2026-01-01 01:17:37
ev1,2.02,E138,17375.75,E138,23.71,evehicle,94.34,2026-01-01 01:17:37.500000
ev1,2.02,E138,17376.03,E138,23.43,evehicle,94.34,2026-01-01 01:17:38
ev1,2.02,E138,17376.31,E138,23.15,evehicle,94.34,2026-01-01 01:17:38.500000
ev1,1.98,E138,17376.58,E138,22.88,evehicle,94.34,2026-01-01 01:17:39
ev1,1.98,E138,17376.86,E138,22.6,evehicle,94.34,2026-01-01 01:17:39.500000
ev1,1.98,E138,17377.13,E138,22.33,evehicle,94.34,2026-01-01 01:17:40
ev1,1.94,E138,17377.4,E138,22.06,evehicle,94.34,2026-01-01 01:17:40.500000
ev1,1.94,E138,17377.67,E138,21.79,evehicle,94.34,2026-01-01 01:17:41
ev1,1.91,E138,17377.94,E138,21.52,evehicle,94.34,2026-01-01 01:17:41.500000
ev1,1.91,E138,17378.2,E138,21.26,evehicle,94.34,2026-01-01 01:17:42
ev1,1.91,E138,17378.47,E138,20.99,evehicle,94.34,2026-01-01 01:17:42.500000
ev1,1.91,E138,17378.73,E138,20.73,evehicle,94.34,2026-01-01 01:17:43
ev1,1.87,E138,17378.99,E138,20.47,evehicle,94.34,2026-01-01 01:17:43.500000
ev1,1.87,E138,17379.25,E138,20.21,evehicle,94.34,2026-01-01 01:17:44
ev1,1.87,E138,17379.51,E138,19.95,evehicle,94.34,2026-01-01 01:17:44.500000
ev1,1.84,E138,17379.76,E138,19.7,evehicle,94.34,2026-01-01 01:17:45
ev1,1.84,E138,17380.02,E138,19.44,evehicle,94.34,2026-01-01 01:17:45.500000
ev1,1.8,E138,17380.27,E138,19.19,evehicle,94.34,2026-01-01 01:17:46
ev1,1.8,E138,17380.52,E138,18.94,evehicle,94.34,2026-01-01 01:17:46.500000
ev1,1.8,E138,17380.77,E138,18.69,evehicle,94.34,2026-01-01 01:17:47
ev1,1.8,E138,17381.02,E138,18.44,evehicle,94.34,2026-01-01 01:17:47.500000
ev1,1.76,E138,17381.26,E138,18.2,evehicle,94.34,2026-01-01 01:17:48
ev1,1.76,E138,17381.51,E138,17.95,evehicle,94.34,2026-01-01 01:17:48.500000
ev1,1.76,E138,17381.75,E138,17.71,evehicle,94.34,2026-01-01 01:17:49
ev1,1.73,E138,17381.99,E138,17.47,evehicle,94.34,2026-01-01 01:17:49.500000
ev1,1.73,E138,17382.23,E138,17.23,evehicle,94.34,2026-01-01 01:17:50
ev1,1.73,E138,17382.47,E138,16.99,evehicle,94.34,2026-01-01 01:17:50.500000
ev1,1.69,E138,17382.7,E138,16.76,evehicle,94.34,2026-01-01 01:17:51
ev1,1.69,E138,17382.94,E138,16.52,evehicle,94.34,2026-01-01 01:17:51.500000
ev1,1.69,E138,17383.17,E138,16.29,evehicle,94.34,2026-01-01 01:17:52
ev1,1.66,E138,17383.4,E138,16.06,evehicle,94.34,2026-01-01 01:17:52.500000
ev1,1.66,E138,17383.63,E138,15.83,evehicle,94.34,2026-01-01 01:17:53
ev1,1.62,E138,17383.86,E138,15.6,evehicle,94.34,2026-01-01 01:17:53.500000
ev1,1.62,E138,17384.08,E138,15.38,evehicle,94.34,2026-01-01 01:17:54
ev1,1.62,E138,17384.31,E138,15.15,evehicle,94.34,2026-01-01 01:17:54.500000
ev1,1.62,E138,17384.53,E138,14.93,evehicle,94.34,2026-01-01 01:17:55
ev1,1.58,E138,17384.75,E138,14.71,evehicle,94.34,2026-01-01 01:17:55.500000
ev1,1.58,E138,17384.97,E138,14.49,evehicle,94.34,2026-01-01 01:17:56
ev1,1.58,E138,17385.19,E138,14.27,evehicle,94.34,2026-01-01 01:17:56.500000
ev1,1.55,E138,17385.4,E138,14.06,evehicle,94.34,2026-01-01 01:17:57
ev1,1.55,E138,17385.62,E138,13.84,evehicle,94.34,2026-01-01 01:17:57.500000
ev1,1.55,E138,17385.83,E138,13.63,evehicle,94.34,2026-01-01 01:17:58
ev1,1.51,E138,17386.04,E138,13.42,evehicle,94.34,2026-01-01 01:17:58.500000
ev1,1.51,E138,17386.25,E138,13.21,evehicle,94.34,2026-01-01 01:17:59
ev1,1.51,E138,17386.46,E138,13.0,evehicle,94.34,2026-01-01 01:17:59.500000
ev1,1.48,E138,17386.66,E138,12.8,evehicle,94.34,2026-01-01 01:18:00
ev1,1.48,E138,17386.87,E138,12.59,evehicle,94.34,2026-01-01 01:18:00.500000
ev1,1.48,E138,17387.07,E138,12.39,evehicle,94.34,2026-01-01 01:18:01
ev1,1.44,E138,17387.27,E138,12.19,evehicle,94.34,2026-01-01 01:18:01.500000
ev1,1.44,E138,17387.47,E138,11.99,evehicle,94.34,2026-01-01 01:18:02
ev1,1.44,E138,17387.67,E138,11.79,evehicle,94.34,2026-01-01 01:18:02.500000
ev1,1.4,E138,17387.86,E138,11.6,evehicle,94.34,2026-01-01 01:18:03
ev1,1.4,E138,17388.06,E138,11.4,evehicle,94.34,2026-01-01 01:18:03.500000
ev1,1.4,E138,17388.25,E138,11.21,evehicle,94.34,2026-01-01 01:18:04
ev1,1.37,E138,17388.44,E138,11.02,evehicle,94.34,2026-01-01 01:18:04.500000
ev1,1.37,E138,17388.63,E138,10.83,evehicle,94.34,2026-01-01 01:18:05
ev1,1.37,E138,17388.82,E138,10.64,evehicle,94.34,2026-01-01 01:18:05.500000
ev1,1.33,E138,17389.0,E138,10.46,evehicle,94.34,2026-01-01 01:18:06
ev1,1.33,E138,17389.19,E138,10.27,evehicle,94.34,2026-01-01 01:18:06.500000
ev1,1.33,E138,17389.37,E138,10.09,evehicle,94.34,2026-01-01 01:18:07
ev1,1.3,E138,17389.55,E138,9.91,evehicle,94.34,2026-01-01 01:18:07.500000
ev1,0.0,E138,17389.55,E189,952.81,evehicle,94.34,2026-01-01 01:18:08
ev1,0.0,E138,17389.55,E189,952.81,evehicle,94.34,2026-01-01 01:18:08.500000
ev1,0.0,E138,17389.55,E189,952.81,evehicle,94.34,2026-01-01 01:18:09
ev1,0.0,E138,17389.55,E189,952.81,evehicle,94.34,2026-01-01 01:18:09.500000
ev1,0.0,E138,17389.55,E189,952.81,evehicle,94.34,2026-01-01 01:18:10
ev1,0.0,E138,17389.55,E189,952.81,evehicle,94.34,2026-01-01 01:18:10.500000
ev1,0.0,E138,17389.55,E189,952.81,evehicle,94.34,2026-01-01 01:18:11
ev1,0.0,E138,17389.55,E189,952.81,evehicle,94.34,2026-01-01 01:18:11.500000
ev1,0.0,E138,17389.55,E189,952.81,evehicle,94.34,2026-01-01 01:18:12
ev1,0.0,E138,17389.55,E189,952.81,evehicle,94.34,2026-01-01 01:18:12.500000
ev1,0.0,E138,17389.55,E189,952.81,evehicle,94.34,2026-01-01 01:18:13
ev1,0.0,E138,17389.55,E189,952.81,evehicle,94.34,2026-01-01 01:18:13.500000
ev1,0.0,E138,17389.55,E189,952.81,evehicle,94.34,2026-01-01 01:18:14
ev1,0.0,E138,17389.55,E189,952.81,evehicle,94.34,2026-01-01 01:18:14.500000
ev1,0.0,E138,17389.55,E189,952.81,evehicle,94.34,2026-01-01 01:18:15
ev1,0.0,E138,17389.55,E189,952.81,evehicle,94.34,2026-01-01 01:18:15.500000
ev1,0.0,E138,17389.55,E189,952.81,evehicle,94.34,2026-01-01 01:18:16
ev1,0.0,E138,17389.55,E189,952.81,evehicle,94.34,2026-01-01 01:18:16.500000
ev1,0.0,E138,17389.55,E189,952.81,evehicle,94.34,2026-01-01 01:18:17
ev1,0.0,E138,17389.55,E189,952.81,evehicle,94.34,2026-01-01 01:18:17.500000
ev1,0.0,E138,17389.55,E189,952.81,evehicle,94.34,2026-01-01 01:18:18
ev1,0.0,E138,17389.55,E189,952.81,evehicle,94.34,2026-01-01 01:18:18.500000
ev1,0.0,E138,17389.55,E189,952.81,evehicle,94.34,2026-01-01 01:18:19
ev1,0.0,E138,17389.55,E189,952.81,evehicle,94.34,2026-01-01 01:18:19.500000
ev1,0.0,E138,17389.55,E189,952.81,evehicle,94.34,2026-01-01 01:18:20
ev1,0.0,E138,17389.55,E189,952.81,evehicle,94.34,2026-01-01 01:18:20.500000
ev1,0.0,E138,17389.55,E189,952.81,evehicle,94.34,2026-01-01 01:18:21
ev1,0.0,E138,17389.55,E189,952.81,evehicle,94.34,2026-01-01 01:18:21.500000
ev1,0.0,E138,17389.55,E189,952.81,evehicle,94.34,2026-01-01 01:18:22
ev1,0.0,E138,17389.55,E189,952.81,evehicle,94.34,2026-01-01 01:18:22.500000
ev1,0.0,E138,17389.55,E189,952.81,evehicle,94.34,2026-01-01 01:18:23
ev1,0.0,E138,17389.55,E189,952.81,evehicle,94.34,2026-01-01 01:18:23.500000
ev1,0.0,E138,17389.55,E189,952.81,evehicle,94.34,2026-01-01 01:18:24
ev1,0.0,E138,17389.55,E189,952.81,evehicle,94.34,2026-01-01 01:18:24.500000
ev1,0.0,E138,17389.55,E189,952.81,evehicle,94.34,2026-01-01 01:18:25
ev1,0.0,E138,17389.55,E189,952.81,evehicle,94.34,2026-01-01 01:18:25.500000
ev1,0.0,E138,17389.55,E189,952.81,evehicle,94.34,2026-01-01 01:18:26
ev1,0.0,E138,17389.55,E189,952.81,evehicle,94.34,2026-01-01 01:18:26.500000
ev1,0.0,E138,17389.55,E189,952.81,evehicle,94.34,2026-01-01 01:18:27
ev1,0.0,E138,17389.55,E189,952.81,evehicle,94.34,2026-01-01 01:18:27.500000
ev1,0.0,E138,17389.55,E189,952.81,evehicle,94.34,2026-01-01 01:18:28
ev1,0.0,E138,17389.55,E189,952.81,evehicle,94.34,2026-01-01 01:18:28.500000
ev1,0.0,E138,17389.55,E189,952.81,evehicle,94.34,2026-01-01 01:18:29
ev1,0.0,E138,17389.55,E189,952.81,evehicle,94.34,2026-01-01 01:18:29.500000
ev1,0.0,E138,17389.55,E189,952.81,evehicle,94.34,2026-01-01 01:18:30
ev1,0.0,E138,17389.55,E189,952.81,evehicle,94.34,2026-01-01 01:18:30.500000
ev1,0.0,E138,17389.55,E189,952.81,evehicle,94.34,2026-01-01 01:18:31
ev1,0.0,E138,17389.55,E189,952.81,evehicle,94.34,2026-01-01 01:18:31.500000
ev1,0.0,E138,17389.55,E189,952.81,evehicle,94.34,2026-01-01 01:18:32
ev1,0.0,E138,17389.55,E189,952.81,evehicle,94.34,2026-01-01 01:18:32.500000
ev1,0.0,E138,17389.55,E189,952.81,evehicle,94.34,2026-01-01 01:18:33
ev1,0.0,E138,17389.55,E189,952.81,evehicle,94.34,2026-01-01 01:18:33.500000
ev1,0.0,E138,17389.55,E189,952.81,evehicle,94.34,2026-01-01 01:18:34
ev1,0.0,E138,17389.55,E189,952.81,evehicle,94.34,2026-01-01 01:18:34.500000
ev1,0.0,E138,17389.55,E189,952.81,evehicle,94.34,2026-01-01 01:18:35
ev1,0.0,E138,17389.55,E189,952.81,evehicle,94.34,2026-01-01 01:18:35.500000
ev1,0.0,E138,17389.55,E189,952.81,evehicle,94.34,2026-01-01 01:18:36
ev1,0.0,E138,17389.55,E189,952.81,evehicle,94.34,2026-01-01 01:18:36.500000
ev1,0.0,E138,17389.55,E189,952.81,evehicle,94.34,2026-01-01 01:18:37
ev1,0.0,E138,17389.55,E189,952.81,evehicle,94.34,2026-01-01 01:18:37.500000
ev1,0.0,E138,17389.55,E189,952.81,evehicle,94.34,2026-01-01 01:18:38
ev1,0.0,E138,17389.55,E189,952.81,evehicle,94.34,2026-01-01 01:18:38.500000
ev1,0.0,E138,17389.55,E189,952.81,evehicle,94.34,2026-01-01 01:18:39
ev1,0.0,E138,17389.55,E189,952.81,evehicle,94.34,2026-01-01 01:18:39.500000
ev1,0.0,E138,17389.55,E189,952.81,evehicle,94.34,2026-01-01 01:18:40
ev1,0.0,E138,17389.55,E189,952.81,evehicle,94.34,2026-01-01 01:18:40.500000
ev1,0.0,E138,17389.55,E189,952.81,evehicle,94.34,2026-01-01 01:18:41
ev1,0.0,E138,17389.55,E189,952.81,evehicle,94.34,2026-01-01 01:18:41.500000
ev1,0.0,E138,17389.55,E189,952.81,evehicle,94.34,2026-01-01 01:18:42
ev1,0.0,E138,17389.55,E189,952.81,evehicle,94.34,2026-01-01 01:18:42.500000
ev1,0.0,E138,17389.55,E189,952.81,evehicle,94.34,2026-01-01 01:18:43
ev1,0.0,E138,17389.55,E189,952.81,evehicle,94.34,2026-01-01 01:18:43.500000
ev1,0.0,E138,17389.55,E189,952.81,evehicle,94.34,2026-01-01 01:18:44
ev1,0.0,E138,17389.55,E189,952.81,evehicle,94.34,2026-01-01 01:18:44.500000
ev1,0.0,E138,17389.55,E189,952.81,evehicle,94.34,2026-01-01 01:18:45
ev1,0.0,E138,17389.55,E189,952.81,evehicle,94.34,2026-01-01 01:18:45.500000
ev1,0.0,E138,17389.55,E189,952.81,evehicle,94.34,2026-01-01 01:18:46
ev1,0.0,E138,17389.55,E189,952.81,evehicle,94.34,2026-01-01 01:18:46.500000
ev1,0.0,E138,17389.55,E189,952.81,evehicle,94.34,2026-01-01 01:18:47
ev1,0.0,E138,17389.55,E189,952.81,evehicle,94.34,2026-01-01 01:18:47.500000
ev1,0.0,E138,17389.55,E189,952.81,evehicle,94.34,2026-01-01 01:18:48
ev1,0.0,E138,17389.55,E189,952.81,evehicle,94.34,2026-01-01 01:18:48.500000
ev1,0.0,E138,17389.55,E189,952.81,evehicle,94.34,2026-01-01 01:18:49
ev1,0.0,E138,17389.55,E189,952.81,evehicle,94.34,2026-01-01 01:18:49.500000
ev1,0.0,E138,17389.55,E189,952.81,evehicle,94.34,2026-01-01 01:18:50
ev1,0.0,E138,17389.55,E189,952.81,evehicle,94.34,2026-01-01 01:18:50.500000
ev1,0.0,E138,17389.55,E189,952.81,evehicle,94.34,2026-01-01 01:18:51
ev1,0.0,E138,17389.55,E189,952.81,evehicle,94.34,2026-01-01 01:18:51.500000
ev1,0.0,E138,17389.55,E189,952.81,evehicle,94.34,2026-01-01 01:18:52
ev1,0.0,E138,17389.55,E189,952.81,evehicle,94.34,2026-01-01 01:18:52.500000
ev1,0.0,E138,17389.55,E189,952.81,evehicle,94.34,2026-01-01 01:18:53
ev1,0.0,E138,17389.55,E189,952.81,evehicle,94.34,2026-01-01 01:18:53.500000
ev1,0.0,E138,17389.55,E189,952.81,evehicle,94.34,2026-01-01 01:18:54
ev1,0.0,E138,17389.55,E189,952.81,evehicle,94.34,2026-01-01 01:18:54.500000
ev1,0.0,E138,17389.55,E189,952.81,evehicle,94.34,2026-01-01 01:18:55
ev1,0.0,E138,17389.55,E189,952.81,evehicle,94.34,2026-01-01 01:18:55.500000
ev1,0.0,E138,17389.55,E189,952.81,evehicle,94.34,2026-01-01 01:18:56
ev1,0.0,E138,17389.55,E189,952.81,evehicle,94.34,2026-01-01 01:18:56.500000
ev1,0.0,E138,17389.55,E189,952.81,evehicle,94.34,2026-01-01 01:18:57
ev1,0.0,E138,17389.55,E189,952.81,evehicle,94.34,2026-01-01 01:18:57.500000
ev1,0.0,E138,17389.55,E189,952.81,evehicle,94.34,2026-01-01 01:18:58
ev1,0.0,E138,17389.55,E189,952.81,evehicle,94.34,2026-01-01 01:18:58.500000
ev1,0.0,E138,17389.55,E189,952.81,evehicle,94.34,2026-01-01 01:18:59
ev1,0.0,E138,17389.55,E189,952.81,evehicle,94.34,2026-01-01 01:18:59.500000
ev1,0.0,E138,17389.55,E189,952.81,evehicle,94.34,2026-01-01 01:19:00
ev1,0.0,E138,17389.55,E189,952.81,evehicle,94.34,2026-01-01 01:19:00.500000
ev1,0.0,E138,17389.55,E189,952.81,evehicle,94.34,2026-01-01 01:19:01
ev1,0.0,E138,17389.55,E189,952.81,evehicle,94.34,2026-01-01 01:19:01.500000
ev1,0.0,E138,17389.55,E189,952.81,evehicle,94.34,2026-01-01 01:19:02
ev1,0.0,E138,17389.55,E189,952.81,evehicle,94.34,2026-01-01 01:19:02.500000
ev1,0.0,E138,17389.55,E189,952.81,evehicle,94.34,2026-01-01 01:19:03
ev1,0.0,E138,17389.55,E189,952.81,evehicle,94.34,2026-01-01 01:19:03.500000
ev1,0.0,E138,17389.55,E189,952.81,evehicle,94.34,2026-01-01 01:19:04
ev1,0.0,E138,17389.55,E189,952.81,evehicle,94.34,2026-01-01 01:19:04.500000
ev1,0.0,E138,17389.55,E189,952.81,evehicle,94.34,2026-01-01 01:19:05
ev1,0.0,E138,17389.55,E189,952.81,evehicle,94.34,2026-01-01 01:19:05.500000
ev1,0.0,E138,17389.55,E189,952.81,evehicle,94.34,2026-01-01 01:19:06
ev1,0.0,E138,17389.55,E189,952.81,evehicle,94.34,2026-01-01 01:19:06.500000
ev1,0.0,E138,17389.55,E189,952.81,evehicle,94.34,2026-01-01 01:19:07
ev1,0.0,E138,17389.55,E189,952.81,evehicle,94.34,2026-01-01 01:19:07.500000
ev1,0.0,E138,17389.55,E189,952.81,evehicle,94.34,2026-01-01 01:19:08
ev1,3.96,E138,17390.1,E189,952.26,evehicle,94.34,2026-01-01 01:19:08.500000
ev1,7.99,E138,17391.21,E189,951.15,evehicle,94.31,2026-01-01 01:19:09
ev1,10.44,E138,17392.66,E189,949.7,evehicle,94.31,2026-01-01 01:19:09.500000
ev1,14.29,E138,17394.65,E189,947.71,evehicle,94.31,2026-01-01 01:19:10
ev1,17.78,E138,17397.11,E189,945.25,evehicle,94.31,2026-01-01 01:19:10.500000
ev1,20.2,:J46_13,17397.11,E189,945.25,evehicle,94.31,2026-01-01 01:19:11
ev1,24.19,:J46_13,17397.11,E189,945.25,evehicle,94.29,2026-01-01 01:19:11.500000
ev1,26.86,:J46_13,17397.11,E189,945.25,evehicle,94.29,2026-01-01 01:19:12
ev1,30.89,:J46_13,17397.11,E189,945.25,evehicle,94.29,2026-01-01 01:19:12.500000
ev1,33.44,:J46_13,17397.11,E189,945.25,evehicle,94.26,2026-01-01 01:19:13
ev1,36.76,:J46_13,17397.11,E189,945.25,evehicle,94.26,2026-01-01 01:19:13.500000
ev1,40.79,E39,17426.72,E189,915.64,evehicle,94.23,2026-01-01 01:19:14
ev1,44.42,E39,17432.88,E189,909.48,evehicle,94.2,2026-01-01 01:19:14.500000
ev1,45.11,E39,17439.15,E189,903.21,evehicle,94.2,2026-01-01 01:19:15
ev1,40.68,E39,17444.8,E189,897.56,evehicle,94.23,2026-01-01 01:19:15.500000
ev1,34.88,E39,17449.64,E189,892.72,evehicle,94.23,2026-01-01 01:19:16
ev1,26.78,E39,17453.36,E189,889.0,evehicle,94.26,2026-01-01 01:19:16.500000
ev1,18.68,E39,17455.96,E189,886.4,evehicle,94.29,2026-01-01 01:19:17
ev1,10.69,E39,17457.45,E189,884.91,evehicle,94.31,2026-01-01 01:19:17.500000
ev1,3.17,E39,17457.88,E189,884.48,evehicle,94.31,2026-01-01 01:19:18
ev1,0.07,E39,17457.9,E189,884.46,evehicle,94.31,2026-01-01 01:19:18.500000
ev1,0.04,E39,17457.9,E189,884.46,evehicle,94.31,2026-01-01 01:19:19
ev1,0.0,E39,17457.9,E189,884.46,evehicle,94.31,2026-01-01 01:19:19.500000
ev1,0.0,E39,17457.9,E189,884.46,evehicle,94.31,2026-01-01 01:19:20
ev1,0.0,E39,17457.9,E189,884.46,evehicle,94.31,2026-01-01 01:19:20.500000
ev1,0.0,E39,17457.9,E189,884.46,evehicle,94.31,2026-01-01 01:19:21
ev1,0.0,E39,17457.9,E189,884.46,evehicle,94.31,2026-01-01 01:19:21.500000
ev1,0.0,E39,17457.9,E189,884.46,evehicle,94.31,2026-01-01 01:19:22
ev1,0.0,E39,17457.9,E189,884.46,evehicle,94.31,2026-01-01 01:19:22.500000
ev1,0.0,E39,17457.9,E189,884.46,evehicle,94.31,2026-01-01 01:19:23
ev1,0.0,E39,17457.9,E189,884.46,evehicle,94.31,2026-01-01 01:19:23.500000
ev1,0.0,E39,17457.9,E189,884.46,evehicle,94.31,2026-01-01 01:19:24
ev1,0.0,E39,17457.9,E189,884.46,evehicle,94.31,2026-01-01 01:19:24.500000
ev1,0.0,E39,17457.9,E189,884.46,evehicle,94.31,2026-01-01 01:19:25
ev1,0.0,E39,17457.9,E189,884.46,evehicle,94.31,2026-01-01 01:19:25.500000
ev1,0.0,E39,17457.9,E189,884.46,evehicle,94.31,2026-01-01 01:19:26
ev1,0.0,E39,17457.9,E189,884.46,evehicle,94.31,2026-01-01 01:19:26.500000
ev1,0.0,E39,17457.9,E189,884.46,evehicle,94.31,2026-01-01 01:19:27
ev1,0.0,E39,17457.9,E189,884.46,evehicle,94.31,2026-01-01 01:19:27.500000
ev1,0.0,E39,17457.9,E189,884.46,evehicle,94.31,2026-01-01 01:19:28
ev1,0.0,E39,17457.9,E189,884.46,evehicle,94.31,2026-01-01 01:19:28.500000
ev1,0.0,E39,17457.9,E189,884.46,evehicle,94.31,2026-01-01 01:19:29
ev1,0.0,E39,17457.9,E189,884.46,evehicle,94.31,2026-01-01 01:19:29.500000
ev1,0.0,E39,17457.9,E189,884.46,evehicle,94.31,2026-01-01 01:19:30
ev1,3.82,E39,17458.43,E189,883.93,evehicle,94.31,2026-01-01 01:19:30.500000
ev1,7.7,:J49_11,17458.43,E189,883.93,evehicle,94.31,2026-01-01 01:19:31
ev1,10.51,:J49_11,17458.43,E189,883.93,evehicle,94.31,2026-01-01 01:19:31.500000
ev1,13.57,:J49_11,17458.43,E189,883.93,evehicle,94.29,2026-01-01 01:19:32
ev1,17.57,:J49_11,17458.43,E189,883.93,evehicle,94.29,2026-01-01 01:19:32.500000
ev1,20.05,:J49_11,17458.43,E189,883.93,evehicle,94.29,2026-01-01 01:19:33
ev1,22.9,:J49_11,17458.43,E189,883.93,evehicle,94.29,2026-01-01 01:19:33.500000
ev1,25.38,E45,17474.78,E189,867.58,evehicle,94.26,2026-01-01 01:19:34
ev1,30.02,E45,17478.95,E189,863.41,evehicle,94.26,2026-01-01 01:19:34.500000
ev1,33.37,E45,17483.58,E189,858.78,evehicle,94.23,2026-01-01 01:19:35
ev1,36.79,E45,17488.69,E189,853.67,evehicle,94.23,2026-01-01 01:19:35.500000
ev1,39.71,E45,17494.2,E189,848.16,evehicle,94.2,2026-01-01 01:19:36
ev1,43.52,E45,17500.25,E189,842.11,evehicle,94.2,2026-01-01 01:19:36.500000
ev1,46.69,E45,17506.73,E189,835.63,evehicle,94.17,2026-01-01 01:19:37
ev1,46.15,:J55_11,17506.73,E189,835.63,evehicle,94.17,2026-01-01 01:19:37.500000
ev1,46.69,:J55_11,17506.73,E189,835.63,evehicle,94.17,2026-01-01 01:19:38
ev1,46.51,:J55_11,17506.73,E189,835.63,evehicle,94.17,2026-01-01 01:19:38.500000
ev1,45.36,E46,17532.39,E189,809.97,evehicle,94.17,2026-01-01 01:19:39
ev1,45.65,E46,17538.73,E189,803.63,evehicle,94.17,2026-01-01 01:19:39.500000
ev1,45.86,E46,17545.1,E189,797.26,evehicle,94.17,2026-01-01 01:19:40
ev1,46.91,:J56_19,17545.1,E189,797.26,evehicle,94.17,2026-01-01 01:19:40.500000
ev1,46.62,:J56_19,17545.1,E189,797.26,evehicle,94.17,2026-01-01 01:19:41
ev1,45.32,:J56_19,17545.1,E189,797.26,evehicle,94.17,2026-01-01 01:19:41.500000
ev1,45.5,:J56_19,17545.1,E189,797.26,evehicle,94.17,2026-01-01 01:19:42
ev1,47.3,:J56_19,17545.1,E189,797.26,evehicle,94.14,2026-01-01 01:19:42.500000
ev1,45.58,E47,17583.61,E189,758.75,evehicle,94.14,2026-01-01 01:19:43
ev1,46.01,E47,17590.0,E189,752.36,evehicle,94.14,2026-01-01 01:19:43.500000
ev1,45.9,E47,17596.37,E189,745.99,evehicle,94.14,2026-01-01 01:19:44
ev1,46.48,:J57_8,17596.37,E189,745.99,evehicle,94.14,2026-01-01 01:19:44.500000
ev1,45.76,:J57_8,17596.37,E189,745.99,evehicle,94.14,2026-01-01 01:19:45
ev1,45.72,:J57_8,17596.37,E189,745.99,evehicle,94.14,2026-01-01 01:19:45.500000
ev1,45.14,:J57_8,17596.37,E189,745.99,evehicle,94.14,2026-01-01 01:19:46
ev1,46.26,E48,17628.23,E189,714.13,evehicle,94.14,2026-01-01 01:19:46.500000
ev1,47.09,E48,17634.77,E189,707.59,evehicle,94.14,2026-01-01 01:19:47
ev1,46.8,E48,17641.27,E189,701.09,evehicle,94.14,2026-01-01 01:19:47.500000
ev1,45.22,E48,17647.54,E189,694.82,evehicle,94.14,2026-01-01 01:19:48
ev1,45.61,E48,17653.88,E189,688.48,evehicle,94.14,2026-01-01 01:19:48.500000
ev1,46.66,:J58_11,17653.88,E189,688.48,evehicle,94.14,2026-01-01 01:19:49
ev1,45.79,:J58_11,17653.88,E189,688.48,evehicle,94.14,2026-01-01 01:19:49.500000
ev1,46.33,:J58_11,17653.88,E189,688.48,evehicle,94.14,2026-01-01 01:19:50
ev1,45.4,-E54,17679.46,E189,662.9,evehicle,94.14,2026-01-01 01:19:50.500000
ev1,45.86,-E54,17685.83,E189,656.53,evehicle,94.14,2026-01-01 01:19:51
ev1,47.02,-E54,17692.36,E189,650.0,evehicle,94.11,2026-01-01 01:19:51.500000
ev1,46.66,-E54,17698.84,E189,643.52,evehicle,94.11,2026-01-01 01:19:52
ev1,46.87,-E54,17705.35,E189,637.01,evehicle,94.11,2026-01-01 01:19:52.500000
ev1,46.37,:J34_11,17705.35,E189,637.01,evehicle,94.11,2026-01-01 01:19:53
ev1,46.87,:J34_11,17705.35,E189,637.01,evehicle,94.11,2026-01-01 01:19:53.500000
ev1,46.94,-E23,17724.82,E189,617.54,evehicle,94.11,2026-01-01 01:19:54
ev1,47.41,-E23,17731.41,E189,610.95,evehicle,94.11,2026-01-01 01:19:54.500000
ev1,45.9,-E23,17737.78,E189,604.58,evehicle,94.11,2026-01-01 01:19:55
ev1,40.21,-E23,17743.37,E189,598.99,evehicle,94.14,2026-01-01 01:19:55.500000
ev1,32.98,-E23,17747.95,E189,594.41,evehicle,94.17,2026-01-01 01:19:56
ev1,25.13,-E23,17751.44,E189,590.92,evehicle,94.2,2026-01-01 01:19:56.500000
ev1,29.81,-E23,17755.58,E189,586.78,evehicle,94.17,2026-01-01 01:19:57
ev1,30.49,:J32_15,17755.58,E189,586.78,evehicle,94.17,2026-01-01 01:19:57.500000
ev1,30.49,:J32_15,17755.58,E189,586.78,evehicle,94.17,2026-01-01 01:19:58
ev1,30.96,:J32_15,17755.58,E189,586.78,evehicle,94.17,2026-01-01 01:19:58.500000
ev1,29.99,:J32_15,17755.58,E189,586.78,evehicle,94.17,2026-01-01 01:19:59
ev1,31.25,-E21,17776.86,E189,565.5,evehicle,94.17,2026-01-01 01:19:59.500000
ev1,35.17,-E21,17781.74,E189,560.62,evehicle,94.14,2026-01-01 01:20:00
ev1,39.53,-E21,17787.23,E189,555.13,evehicle,94.14,2026-01-01 01:20:00.500000
ev1,43.34,-E21,17793.25,E189,549.11,evehicle,94.11,2026-01-01 01:20:01
ev1,47.2,-E21,17799.81,E189,542.55,evehicle,94.09,2026-01-01 01:20:01.500000
ev1,46.55,-E21,17806.27,E189,536.09,evehicle,94.09,2026-01-01 01:20:02
ev1,46.55,:J9_8,17806.27,E189,536.09,evehicle,94.09,2026-01-01 01:20:02.500000
ev1,46.08,:J9_8,17806.27,E189,536.09,evehicle,94.09,2026-01-01 01:20:03
ev1,46.62,-newton,17825.61,E189,516.75,evehicle,94.09,2026-01-01 01:20:03.500000
ev1,46.33,-newton,17832.05,E189,510.31,evehicle,94.09,2026-01-01 01:20:04
ev1,41.69,-newton,17837.84,E189,504.52,evehicle,94.11,2026-01-01 01:20:04.500000
ev1,33.59,-newton,17842.5,E189,499.86,evehicle,94.14,2026-01-01 01:20:05
ev1,25.49,-newton,17846.04,E189,496.32,evehicle,94.17,2026-01-01 01:20:05.500000
ev1,17.71,-newton,17848.5,E189,493.86,evehicle,94.2,2026-01-01 01:20:06
ev1,22.25,:J3_6,17848.5,E189,493.86,evehicle,94.17,2026-01-01 01:20:06.500000
ev1,26.75,:J3_6,17848.5,E189,493.86,evehicle,94.17,2026-01-01 01:20:07
ev1,29.48,:J3_6,17848.5,E189,493.86,evehicle,94.14,2026-01-01 01:20:07.500000
ev1,32.83,:J3_6,17848.5,E189,493.86,evehicle,94.14,2026-01-01 01:20:08
ev1,34.45,:J3_6,17848.5,E189,493.86,evehicle,94.14,2026-01-01 01:20:08.500000
ev1,35.06,:J3_6,17848.5,E189,493.86,evehicle,94.11,2026-01-01 01:20:09
ev1,33.37,joulesD,17878.25,E189,464.11,evehicle,94.14,2026-01-01 01:20:09.500000
ev1,37.91,joulesD,17883.52,E189,458.84,evehicle,94.11,2026-01-01 01:20:10
ev1,41.26,joulesD,17889.25,E189,453.11,evehicle,94.09,2026-01-01 01:20:10.500000
ev1,43.96,joulesD,17895.35,E189,447.01,evehicle,94.09,2026-01-01 01:20:11
ev1,38.38,joulesD,17900.68,E189,441.68,evehicle,94.11,2026-01-01 01:20:11.500000
ev1,30.28,joulesD,17904.88,E189,437.48,evehicle,94.14,2026-01-01 01:20:12
ev1,22.18,:J1_3,17904.88,E189,437.48,evehicle,94.14,2026-01-01 01:20:12.500000
ev1,21.6,:J1_3,17904.88,E189,437.48,evehicle,94.14,2026-01-01 01:20:13
ev1,20.09,:J1_3,17904.88,E189,437.48,evehicle,94.14,2026-01-01 01:20:13.500000
ev1,22.21,maxwell,17916.84,E189,425.52,evehicle,94.14,2026-01-01 01:20:14
ev1,25.45,maxwell,17920.37,E189,421.99,evehicle,94.14,2026-01-01 01:20:14.500000
ev1,30.1,maxwell,17924.55,E189,417.81,evehicle,94.11,2026-01-01 01:20:15
ev1,33.59,maxwell,17929.22,E189,413.14,evehicle,94.11,2026-01-01 01:20:15.500000
ev1,27.94,maxwell,17933.1,E189,409.26,evehicle,94.11,2026-01-01 01:20:16
ev1,21.56,maxwell,17936.09,E189,406.27,evehicle,94.14,2026-01-01 01:20:16.500000
ev1,13.46,maxwell,17937.97,E189,404.39,evehicle,94.17,2026-01-01 01:20:17
ev1,6.55,maxwell,17938.87,E189,403.49,evehicle,94.17,2026-01-01 01:20:17.500000
ev1,0.83,maxwell,17938.99,E189,403.37,evehicle,94.17,2026-01-01 01:20:18
ev1,0.18,maxwell,17939.02,E189,403.34,evehicle,94.17,2026-01-01 01:20:18.500000
ev1,0.04,maxwell,17939.02,E189,403.34,evehicle,94.17,2026-01-01 01:20:19
ev1,0.0,maxwell,17939.02,E189,403.34,evehicle,94.17,2026-01-01 01:20:19.500000
ev1,0.0,maxwell,17939.02,E189,403.34,evehicle,94.17,2026-01-01 01:20:20
ev1,0.0,maxwell,17939.02,E189,403.34,evehicle,94.17,2026-01-01 01:20:20.500000
ev1,0.0,maxwell,17939.02,E189,403.34,evehicle,94.17,2026-01-01 01:20:21
ev1,0.0,maxwell,17939.02,E189,403.34,evehicle,94.17,2026-01-01 01:20:21.500000
ev1,0.0,maxwell,17939.02,E189,403.34,evehicle,94.17,2026-01-01 01:20:22
ev1,0.0,maxwell,17939.02,E189,403.34,evehicle,94.17,2026-01-01 01:20:22.500000
ev1,0.0,maxwell,17939.02,E189,403.34,evehicle,94.17,2026-01-01 01:20:23
ev1,0.0,maxwell,17939.02,E189,403.34,evehicle,94.17,2026-01-01 01:20:23.500000
ev1,0.0,maxwell,17939.02,E189,403.34,evehicle,94.17,2026-01-01 01:20:24
ev1,0.0,maxwell,17939.02,E189,403.34,evehicle,94.17,2026-01-01 01:20:24.500000
ev1,0.0,maxwell,17939.02,E189,403.34,evehicle,94.17,2026-01-01 01:20:25
ev1,0.0,maxwell,17939.02,E189,403.34,evehicle,94.17,2026-01-01 01:20:25.500000
ev1,0.0,maxwell,17939.02,E189,403.34,evehicle,94.17,2026-01-01 01:20:26
ev1,0.0,maxwell,17939.02,E189,403.34,evehicle,94.17,2026-01-01 01:20:26.500000
ev1,0.0,maxwell,17939.02,E189,403.34,evehicle,94.17,2026-01-01 01:20:27
ev1,0.0,maxwell,17939.02,E189,403.34,evehicle,94.17,2026-01-01 01:20:27.500000
ev1,0.0,maxwell,17939.02,E189,403.34,evehicle,94.17,2026-01-01 01:20:28
ev1,0.0,maxwell,17939.02,E189,403.34,evehicle,94.17,2026-01-01 01:20:28.500000
ev1,0.0,maxwell,17939.02,E189,403.34,evehicle,94.17,2026-01-01 01:20:29
ev1,0.0,maxwell,17939.02,E189,403.34,evehicle,94.17,2026-01-01 01:20:29.500000
ev1,0.0,maxwell,17939.02,E189,403.34,evehicle,94.17,2026-01-01 01:20:30
ev1,0.0,maxwell,17939.02,E189,403.34,evehicle,94.17,2026-01-01 01:20:30.500000
ev1,0.0,maxwell,17939.02,E189,403.34,evehicle,94.17,2026-01-01 01:20:31
ev1,0.0,maxwell,17939.02,E189,403.34,evehicle,94.17,2026-01-01 01:20:31.500000
ev1,0.0,maxwell,17939.02,E189,403.34,evehicle,94.17,2026-01-01 01:20:32
ev1,0.0,maxwell,17939.02,E189,403.34,evehicle,94.17,2026-01-01 01:20:32.500000
ev1,0.0,maxwell,17939.02,E189,403.34,evehicle,94.17,2026-01-01 01:20:33
ev1,0.0,maxwell,17939.02,E189,403.34,evehicle,94.17,2026-01-01 01:20:33.500000
ev1,0.0,maxwell,17939.02,E189,403.34,evehicle,94.17,2026-01-01 01:20:34
ev1,0.0,maxwell,17939.02,E189,403.34,evehicle,94.17,2026-01-01 01:20:34.500000
ev1,0.0,maxwell,17939.02,E189,403.34,evehicle,94.17,2026-01-01 01:20:35
ev1,0.0,maxwell,17939.02,E189,403.34,evehicle,94.17,2026-01-01 01:20:35.500000
ev1,0.0,maxwell,17939.02,E189,403.34,evehicle,94.17,2026-01-01 01:20:36
ev1,0.0,maxwell,17939.02,E189,403.34,evehicle,94.17,2026-01-01 01:20:36.500000
ev1,0.0,maxwell,17939.02,E189,403.34,evehicle,94.17,2026-01-01 01:20:37
ev1,0.0,maxwell,17939.02,E189,403.34,evehicle,94.17,2026-01-01 01:20:37.500000
ev1,0.0,maxwell,17939.02,E189,403.34,evehicle,94.17,2026-01-01 01:20:38
ev1,0.0,maxwell,17939.02,E189,403.34,evehicle,94.17,2026-01-01 01:20:38.500000
ev1,0.0,maxwell,17939.02,E189,403.34,evehicle,94.17,2026-01-01 01:20:39
ev1,0.0,maxwell,17939.02,E189,403.34,evehicle,94.17,2026-01-01 01:20:39.500000
ev1,0.0,maxwell,17939.02,E189,403.34,evehicle,94.17,2026-01-01 01:20:40
ev1,0.0,maxwell,17939.02,E189,403.34,evehicle,94.17,2026-01-01 01:20:40.500000
ev1,0.0,maxwell,17939.02,E189,403.34,evehicle,94.17,2026-01-01 01:20:41
ev1,0.0,maxwell,17939.02,E189,403.34,evehicle,94.17,2026-01-01 01:20:41.500000
ev1,0.0,maxwell,17939.02,E189,403.34,evehicle,94.17,2026-01-01 01:20:42
ev1,0.0,maxwell,17939.02,E189,403.34,evehicle,94.17,2026-01-01 01:20:42.500000
ev1,0.0,maxwell,17939.02,E189,403.34,evehicle,94.17,2026-01-01 01:20:43
ev1,0.0,maxwell,17939.02,E189,403.34,evehicle,94.17,2026-01-01 01:20:43.500000
ev1,0.0,maxwell,17939.02,E189,403.34,evehicle,94.17,2026-01-01 01:20:44
ev1,0.0,maxwell,17939.02,E189,403.34,evehicle,94.17,2026-01-01 01:20:44.500000
ev1,0.0,maxwell,17939.02,E189,403.34,evehicle,94.17,2026-01-01 01:20:45
ev1,0.0,maxwell,17939.02,E189,403.34,evehicle,94.17,2026-01-01 01:20:45.500000
ev1,0.0,maxwell,17939.02,E189,403.34,evehicle,94.17,2026-01-01 01:20:46
ev1,0.0,maxwell,17939.02,E189,403.34,evehicle,94.17,2026-01-01 01:20:46.500000
ev1,0.0,maxwell,17939.02,E189,403.34,evehicle,94.17,2026-01-01 01:20:47
ev1,0.0,maxwell,17939.02,E189,403.34,evehicle,94.17,2026-01-01 01:20:47.500000
ev1,0.0,maxwell,17939.02,E189,403.34,evehicle,94.17,2026-01-01 01:20:48
ev1,0.0,maxwell,17939.02,E189,403.34,evehicle,94.17,2026-01-01 01:20:48.500000
ev1,0.0,maxwell,17939.02,E189,403.34,evehicle,94.17,2026-01-01 01:20:49
ev1,0.0,maxwell,17939.02,E189,403.34,evehicle,94.17,2026-01-01 01:20:49.500000
ev1,0.0,maxwell,17939.02,E189,403.34,evehicle,94.17,2026-01-01 01:20:50
ev1,0.0,maxwell,17939.02,E189,403.34,evehicle,94.17,2026-01-01 01:20:50.500000
ev1,0.0,maxwell,17939.02,E189,403.34,evehicle,94.17,2026-01-01 01:20:51
ev1,0.0,maxwell,17939.02,E189,403.34,evehicle,94.17,2026-01-01 01:20:51.500000
ev1,0.0,maxwell,17939.02,E189,403.34,evehicle,94.17,2026-01-01 01:20:52
ev1,0.0,maxwell,17939.02,E189,403.34,evehicle,94.17,2026-01-01 01:20:52.500000
ev1,0.0,maxwell,17939.02,E189,403.34,evehicle,94.17,2026-01-01 01:20:53
ev1,0.0,maxwell,17939.02,E189,403.34,evehicle,94.17,2026-01-01 01:20:53.500000
ev1,0.0,maxwell,17939.02,E189,403.34,evehicle,94.17,2026-01-01 01:20:54
ev1,0.0,maxwell,17939.02,E189,403.34,evehicle,94.17,2026-01-01 01:20:54.500000
ev1,0.0,maxwell,17939.02,E189,403.34,evehicle,94.17,2026-01-01 01:20:55
ev1,0.0,maxwell,17939.02,E189,403.34,evehicle,94.17,2026-01-01 01:20:55.500000
ev1,0.0,maxwell,17939.02,E189,403.34,evehicle,94.17,2026-01-01 01:20:56
ev1,0.0,maxwell,17939.02,E189,403.34,evehicle,94.17,2026-01-01 01:20:56.500000
ev1,0.0,maxwell,17939.02,E189,403.34,evehicle,94.17,2026-01-01 01:20:57
ev1,0.0,maxwell,17939.02,E189,403.34,evehicle,94.17,2026-01-01 01:20:57.500000
ev1,0.0,maxwell,17939.02,E189,403.34,evehicle,94.17,2026-01-01 01:20:58
ev1,0.0,maxwell,17939.02,E189,403.34,evehicle,94.17,2026-01-01 01:20:58.500000
ev1,0.0,maxwell,17939.02,E189,403.34,evehicle,94.17,2026-01-01 01:20:59
ev1,0.0,maxwell,17939.02,E189,403.34,evehicle,94.17,2026-01-01 01:20:59.500000
ev1,0.0,maxwell,17939.02,E189,403.34,evehicle,94.17,2026-01-01 01:21:00
ev1,4.21,maxwell,17939.61,E189,402.75,evehicle,94.17,2026-01-01 01:21:00.500000
ev1,7.81,:J8_8,17939.61,E189,402.75,evehicle,94.17,2026-01-01 01:21:01
ev1,12.42,:J8_8,17939.61,E189,402.75,evehicle,94.17,2026-01-01 01:21:01.500000
ev1,15.08,:J8_8,17939.61,E189,402.75,evehicle,94.14,2026-01-01 01:21:02
ev1,19.4,:J8_8,17939.61,E189,402.75,evehicle,94.14,2026-01-01 01:21:02.500000
ev1,21.1,E1,17950.13,E189,392.23,evehicle,94.14,2026-01-01 01:21:03
ev1,24.01,E1,17953.47,E189,388.89,evehicle,94.11,2026-01-01 01:21:03.500000
ev1,26.96,E1,17957.21,E189,385.15,evehicle,94.11,2026-01-01 01:21:04
ev1,30.67,E1,17961.47,E189,380.89,evehicle,94.11,2026-01-01 01:21:04.500000
ev1,34.27,E1,17966.23,E189,376.13,evehicle,94.09,2026-01-01 01:21:05
ev1,38.05,E1,17971.52,E189,370.84,evehicle,94.09,2026-01-01 01:21:05.500000
ev1,40.39,E1,17977.13,E189,365.23,evehicle,94.06,2026-01-01 01:21:06
ev1,35.89,E1,17982.11,E189,360.25,evehicle,94.09,2026-01-01 01:21:06.500000
ev1,29.38,:J11_2,17982.11,E189,360.25,evehicle,94.11,2026-01-01 01:21:07
ev1,29.34,:J11_2,17982.11,E189,360.25,evehicle,94.11,2026-01-01 01:21:07.500000
ev1,28.3,:J11_2,17982.11,E189,360.25,evehicle,94.11,2026-01-01 01:21:08
ev1,28.87,:J11_2,17982.11,E189,360.25,evehicle,94.09,2026-01-01 01:21:08.500000
ev1,30.13,E96,18002.39,E189,339.97,evehicle,94.09,2026-01-01 01:21:09
ev1,34.2,E96,18007.14,E189,335.22,evehicle,94.09,2026-01-01 01:21:09.500000
ev1,38.88,E96,18012.54,E189,329.82,evehicle,94.06,2026-01-01 01:21:10
ev1,42.88,E96,18018.49,E189,323.87,evehicle,94.03,2026-01-01 01:21:10.500000
ev1,47.16,E96,18025.04,E189,317.32,evehicle,94.0,2026-01-01 01:21:11
ev1,42.44,E96,18030.94,E189,311.42,evehicle,94.03,2026-01-01 01:21:11.500000
ev1,35.06,E96,18035.81,E189,306.55,evehicle,94.06,2026-01-01 01:21:12
ev1,28.94,:J24_9,18035.81,E189,306.55,evehicle,94.09,2026-01-01 01:21:12.500000
ev1,28.15,:J24_9,18035.81,E189,306.55,evehicle,94.09,2026-01-01 01:21:13
ev1,29.56,E104,18047.84,E189,294.52,evehicle,94.09,2026-01-01 01:21:13.500000
ev1,32.94,E104,18052.41,E189,289.95,evehicle,94.06,2026-01-01 01:21:14
ev1,35.53,E104,18057.35,E189,285.01,evehicle,94.06,2026-01-01 01:21:14.500000
ev1,39.17,E104,18062.79,E189,279.57,evehicle,94.03,2026-01-01 01:21:15
ev1,43.74,E104,18068.86,E189,273.5,evehicle,94.0,2026-01-01 01:21:15.500000
ev1,46.44,E104,18075.31,E189,267.05,evehicle,94.0,2026-01-01 01:21:16
ev1,45.43,E104,18081.62,E189,260.74,evehicle,94.0,2026-01-01 01:21:16.500000
ev1,45.18,E104,18087.89,E189,254.47,evehicle,94.0,2026-01-01 01:21:17
ev1,46.19,E104,18094.31,E189,248.05,evehicle,94.0,2026-01-01 01:21:17.500000
ev1,45.47,E104,18100.62,E189,241.74,evehicle,94.0,2026-01-01 01:21:18
ev1,47.12,E104,18107.17,E189,235.19,evehicle,93.97,2026-01-01 01:21:18.500000
ev1,40.72,E104,18112.82,E189,229.54,evehicle,94.0,2026-01-01 01:21:19
ev1,32.62,E104,18117.35,E189,225.01,evehicle,94.06,2026-01-01 01:21:19.500000
ev1,24.52,E104,18120.76,E189,221.6,evehicle,94.06,2026-01-01 01:21:20
ev1,28.8,:J70_7,18120.76,E189,221.6,evehicle,94.06,2026-01-01 01:21:20.500000
ev1,33.16,:J70_7,18120.76,E189,221.6,evehicle,94.03,2026-01-01 01:21:21
ev1,37.3,:J70_7,18120.76,E189,221.6,evehicle,94.03,2026-01-01 01:21:21.500000
ev1,41.08,:J70_7,18120.76,E189,221.6,evehicle,94.0,2026-01-01 01:21:22
ev1,44.78,:J70_7,18120.76,E189,221.6,evehicle,93.97,2026-01-01 01:21:22.500000
ev1,47.12,:J70_7,18120.76,E189,221.6,evehicle,93.97,2026-01-01 01:21:23
ev1,46.98,E182,18159.54,E189,182.82,evehicle,93.97,2026-01-01 01:21:23.500000
ev1,45.47,E182,18165.86,E189,176.5,evehicle,93.97,2026-01-01 01:21:24
ev1,46.55,E182,18172.32,E189,170.04,evehicle,93.97,2026-01-01 01:21:24.500000
ev1,46.84,E182,18178.82,E189,163.54,evehicle,93.97,2026-01-01 01:21:25
ev1,46.48,E182,18185.28,E189,157.08,evehicle,93.97,2026-01-01 01:21:25.500000
ev1,46.37,E182,18191.72,E189,150.64,evehicle,93.97,2026-01-01 01:21:26
ev1,46.3,E182,18198.15,E189,144.21,evehicle,93.97,2026-01-01 01:21:26.500000
ev1,45.25,E182,18204.44,E189,137.92,evehicle,93.97,2026-01-01 01:21:27
ev1,44.24,E182,18210.58,E189,131.78,evehicle,93.97,2026-01-01 01:21:27.500000
ev1,43.2,E182,18216.58,E189,125.78,evehicle,93.97,2026-01-01 01:21:28
ev1,42.12,E182,18222.43,E189,119.93,evehicle,93.97,2026-01-01 01:21:28.500000
ev1,34.02,E182,18227.15,E189,115.21,evehicle,94.0,2026-01-01 01:21:29
ev1,25.92,:J126_4,18227.15,E189,115.21,evehicle,94.03,2026-01-01 01:21:29.500000
ev1,25.52,:J126_4,18227.15,E189,115.21,evehicle,94.03,2026-01-01 01:21:30
ev1,25.13,:J126_4,18227.15,E189,115.21,evehicle,94.03,2026-01-01 01:21:30.500000
ev1,24.73,E188,18241.22,E189,101.14,evehicle,94.03,2026-01-01 01:21:31
ev1,24.3,E188,18244.6,E189,97.76,evehicle,94.03,2026-01-01 01:21:31.500000
ev1,23.9,E188,18247.91,E189,94.45,evehicle,94.03,2026-01-01 01:21:32
ev1,23.47,E188,18251.17,E189,91.19,evehicle,94.03,2026-01-01 01:21:32.500000
ev1,23.04,E188,18254.38,E189,87.98,evehicle,94.03,2026-01-01 01:21:33
ev1,22.64,E188,18257.52,E189,84.84,evehicle,94.03,2026-01-01 01:21:33.500000
ev1,22.21,E188,18260.61,E189,81.75,evehicle,94.03,2026-01-01 01:21:34
ev1,21.78,E188,18263.63,E189,78.73,evehicle,94.03,2026-01-01 01:21:34.500000
ev1,21.38,E188,18266.6,E189,75.76,evehicle,94.03,2026-01-01 01:21:35
ev1,20.95,E188,18269.51,E189,72.85,evehicle,94.03,2026-01-01 01:21:35.500000
ev1,20.56,E188,18272.37,E189,69.99,evehicle,94.03,2026-01-01 01:21:36
ev1,20.12,E188,18275.16,E189,67.2,evehicle,94.03,2026-01-01 01:21:36.500000
ev1,19.69,E188,18277.9,E189,64.46,evehicle,94.03,2026-01-01 01:21:37
ev1,19.3,E188,18280.58,E189,61.78,evehicle,94.03,2026-01-01 01:21:37.500000
ev1,18.86,E188,18283.2,E189,59.16,evehicle,94.06,2026-01-01 01:21:38
ev1,18.43,:J131_9,18283.2,E189,59.16,evehicle,94.06,2026-01-01 01:21:38.500000
ev1,18.04,:J131_9,18283.2,E189,59.16,evehicle,94.06,2026-01-01 01:21:39
ev1,17.68,:J131_9,18283.2,E189,59.16,evehicle,94.06,2026-01-01 01:21:39.500000
ev1,17.32,:J131_9,18283.2,E189,59.16,evehicle,94.06,2026-01-01 01:21:40
ev1,16.96,:J131_9,18283.2,E189,59.16,evehicle,94.06,2026-01-01 01:21:40.500000
ev1,16.6,E189,18297.78,E189,44.58,evehicle,94.06,2026-01-01 01:21:41
ev1,16.2,E189,18300.03,E189,42.33,evehicle,94.06,2026-01-01 01:21:41.500000
ev1,15.77,E189,18302.22,E189,40.14,evehicle,94.06,2026-01-01 01:21:42
ev1,15.34,E189,18304.35,E189,38.01,evehicle,94.06,2026-01-01 01:21:42.500000
ev1,14.9,E189,18306.41,E189,35.95,evehicle,94.06,2026-01-01 01:21:43
ev1,14.47,E189,18308.42,E189,33.94,evehicle,94.06,2026-01-01 01:21:43.500000
ev1,14.04,E189,18310.37,E189,31.99,evehicle,94.06,2026-01-01 01:21:44
ev1,13.61,E189,18312.26,E189,30.1,evehicle,94.06,2026-01-01 01:21:44.500000
ev1,13.18,E189,18314.09,E189,28.27,evehicle,94.06,2026-01-01 01:21:45
ev1,12.74,E189,18315.86,E189,26.5,evehicle,94.06,2026-01-01 01:21:45.500000
ev1,12.31,E189,18317.58,E189,24.78,evehicle,94.06,2026-01-01 01:21:46
ev1,11.92,E189,18319.23,E189,23.13,evehicle,94.06,2026-01-01 01:21:46.500000
ev1,11.48,E189,18320.82,E189,21.54,evehicle,94.06,2026-01-01 01:21:47
ev1,11.05,E189,18322.36,E189,20.0,evehicle,94.06,2026-01-01 01:21:47.500000
ev1,10.62,E189,18323.83,E189,18.53,evehicle,94.06,2026-01-01 01:21:48
ev1,10.19,E189,18325.25,E189,17.11,evehicle,94.06,2026-01-01 01:21:48.500000
ev1,9.79,E189,18326.61,E189,15.75,evehicle,94.06,2026-01-01 01:21:49
ev1,9.36,E189,18327.91,E189,14.45,evehicle,94.06,2026-01-01 01:21:49.500000
ev1,8.93,E189,18329.15,E189,13.21,evehicle,94.06,2026-01-01 01:21:50
ev1,8.53,E189,18330.33,E189,12.03,evehicle,94.06,2026-01-01 01:21:50.500000
ev1,8.1,E189,18331.46,E189,10.9,evehicle,94.06,2026-01-01 01:21:51
ev1,7.67,E189,18332.53,E189,9.83,evehicle,94.06,2026-01-01 01:21:51.500000
ev1,0.0,E189,18332.53,-E11,997.48,evehicle,94.06,2026-01-01 01:21:52
ev1,0.0,E189,18332.53,-E11,997.48,evehicle,94.06,2026-01-01 01:21:52.500000
ev1,0.0,E189,18332.53,-E11,997.48,evehicle,94.06,2026-01-01 01:21:53
ev1,0.0,E189,18332.53,-E11,997.48,evehicle,94.06,2026-01-01 01:21:53.500000
ev1,0.0,E189,18332.53,-E11,997.48,evehicle,94.06,2026-01-01 01:21:54
ev1,0.0,E189,18332.53,-E11,997.48,evehicle,94.06,2026-01-01 01:21:54.500000
ev1,0.0,E189,18332.53,-E11,997.48,evehicle,94.06,2026-01-01 01:21:55
ev1,0.0,E189,18332.53,-E11,997.48,evehicle,94.06,2026-01-01 01:21:55.500000
ev1,0.0,E189,18332.53,-E11,997.48,evehicle,94.06,2026-01-01 01:21:56
ev1,0.0,E189,18332.53,-E11,997.48,evehicle,94.06,2026-01-01 01:21:56.500000
ev1,0.0,E189,18332.53,-E11,997.48,evehicle,94.06,2026-01-01 01:21:57
ev1,0.0,E189,18332.53,-E11,997.48,evehicle,94.06,2026-01-01 01:21:57.500000
ev1,0.0,E189,18332.53,-E11,997.48,evehicle,94.06,2026-01-01 01:21:58
ev1,0.0,E189,18332.53,-E11,997.48,evehicle,94.06,2026-01-01 01:21:58.500000
ev1,0.0,E189,18332.53,-E11,997.48,evehicle,94.06,2026-01-01 01:21:59
ev1,0.0,E189,18332.53,-E11,997.48,evehicle,94.06,2026-01-01 01:21:59.500000
ev1,0.0,E189,18332.53,-E11,997.48,evehicle,94.06,2026-01-01 01:22:00
ev1,0.0,E189,18332.53,-E11,997.48,evehicle,94.06,2026-01-01 01:22:00.500000
ev1,0.0,E189,18332.53,-E11,997.48,evehicle,94.06,2026-01-01 01:22:01
ev1,0.0,E189,18332.53,-E11,997.48,evehicle,94.06,2026-01-01 01:22:01.500000
ev1,0.0,E189,18332.53,-E11,997.48,evehicle,94.06,2026-01-01 01:22:02
ev1,0.0,E189,18332.53,-E11,997.48,evehicle,94.06,2026-01-01 01:22:02.500000
ev1,0.0,E189,18332.53,-E11,997.48,evehicle,94.06,2026-01-01 01:22:03
ev1,0.0,E189,18332.53,-E11,997.48,evehicle,94.06,2026-01-01 01:22:03.500000
ev1,0.0,E189,18332.53,-E11,997.48,evehicle,94.06,2026-01-01 01:22:04
ev1,0.0,E189,18332.53,-E11,997.48,evehicle,94.06,2026-01-01 01:22:04.500000
ev1,0.0,E189,18332.53,-E11,997.48,evehicle,94.06,2026-01-01 01:22:05
ev1,0.0,E189,18332.53,-E11,997.48,evehicle,94.06,2026-01-01 01:22:05.500000
ev1,0.0,E189,18332.53,-E11,997.48,evehicle,94.06,2026-01-01 01:22:06
ev1,0.0,E189,18332.53,-E11,997.48,evehicle,94.06,2026-01-01 01:22:06.500000
ev1,0.0,E189,18332.53,-E11,997.48,evehicle,94.06,2026-01-01 01:22:07
ev1,0.0,E189,18332.53,-E11,997.48,evehicle,94.06,2026-01-01 01:22:07.500000
ev1,0.0,E189,18332.53,-E11,997.48,evehicle,94.06,2026-01-01 01:22:08
ev1,0.0,E189,18332.53,-E11,997.48,evehicle,94.06,2026-01-01 01:22:08.500000
ev1,0.0,E189,18332.53,-E11,997.48,evehicle,94.06,2026-01-01 01:22:09
ev1,0.0,E189,18332.53,-E11,997.48,evehicle,94.06,2026-01-01 01:22:09.500000
ev1,0.0,E189,18332.53,-E11,997.48,evehicle,94.06,2026-01-01 01:22:10
ev1,0.0,E189,18332.53,-E11,997.48,evehicle,94.06,2026-01-01 01:22:10.500000
ev1,0.0,E189,18332.53,-E11,997.48,evehicle,94.06,2026-01-01 01:22:11
ev1,0.0,E189,18332.53,-E11,997.48,evehicle,94.06,2026-01-01 01:22:11.500000
ev1,0.0,E189,18332.53,-E11,997.48,evehicle,94.06,2026-01-01 01:22:12
ev1,0.0,E189,18332.53,-E11,997.48,evehicle,94.06,2026-01-01 01:22:12.500000
ev1,0.0,E189,18332.53,-E11,997.48,evehicle,94.06,2026-01-01 01:22:13
ev1,0.0,E189,18332.53,-E11,997.48,evehicle,94.06,2026-01-01 01:22:13.500000
ev1,0.0,E189,18332.53,-E11,997.48,evehicle,94.06,2026-01-01 01:22:14
ev1,0.0,E189,18332.53,-E11,997.48,evehicle,94.06,2026-01-01 01:22:14.500000
ev1,0.0,E189,18332.53,-E11,997.48,evehicle,94.06,2026-01-01 01:22:15
ev1,0.0,E189,18332.53,-E11,997.48,evehicle,94.06,2026-01-01 01:22:15.500000
ev1,0.0,E189,18332.53,-E11,997.48,evehicle,94.06,2026-01-01 01:22:16
ev1,0.0,E189,18332.53,-E11,997.48,evehicle,94.06,2026-01-01 01:22:16.500000
ev1,0.0,E189,18332.53,-E11,997.48,evehicle,94.06,2026-01-01 01:22:17
ev1,0.0,E189,18332.53,-E11,997.48,evehicle,94.06,2026-01-01 01:22:17.500000
ev1,0.0,E189,18332.53,-E11,997.48,evehicle,94.06,2026-01-01 01:22:18
ev1,0.0,E189,18332.53,-E11,997.48,evehicle,94.06,2026-01-01 01:22:18.500000
ev1,0.0,E189,18332.53,-E11,997.48,evehicle,94.06,2026-01-01 01:22:19
ev1,0.0,E189,18332.53,-E11,997.48,evehicle,94.06,2026-01-01 01:22:19.500000
ev1,0.0,E189,18332.53,-E11,997.48,evehicle,94.06,2026-01-01 01:22:20
ev1,0.0,E189,18332.53,-E11,997.48,evehicle,94.06,2026-01-01 01:22:20.500000
ev1,0.0,E189,18332.53,-E11,997.48,evehicle,94.06,2026-01-01 01:22:21
ev1,0.0,E189,18332.53,-E11,997.48,evehicle,94.06,2026-01-01 01:22:21.500000
ev1,0.0,E189,18332.53,-E11,997.48,evehicle,94.06,2026-01-01 01:22:22
ev1,0.0,E189,18332.53,-E11,997.48,evehicle,94.06,2026-01-01 01:22:22.500000
ev1,0.0,E189,18332.53,-E11,997.48,evehicle,94.06,2026-01-01 01:22:23
ev1,0.0,E189,18332.53,-E11,997.48,evehicle,94.06,2026-01-01 01:22:23.500000
ev1,0.0,E189,18332.53,-E11,997.48,evehicle,94.06,2026-01-01 01:22:24
ev1,0.0,E189,18332.53,-E11,997.48,evehicle,94.06,2026-01-01 01:22:24.500000
ev1,0.0,E189,18332.53,-E11,997.48,evehicle,94.06,2026-01-01 01:22:25
ev1,0.0,E189,18332.53,-E11,997.48,evehicle,94.06,2026-01-01 01:22:25.500000
ev1,0.0,E189,18332.53,-E11,997.48,evehicle,94.06,2026-01-01 01:22:26
ev1,0.0,E189,18332.53,-E11,997.48,evehicle,94.06,2026-01-01 01:22:26.500000
ev1,0.0,E189,18332.53,-E11,997.48,evehicle,94.06,2026-01-01 01:22:27
ev1,0.0,E189,18332.53,-E11,997.48,evehicle,94.06,2026-01-01 01:22:27.500000
ev1,0.0,E189,18332.53,-E11,997.48,evehicle,94.06,2026-01-01 01:22:28
ev1,0.0,E189,18332.53,-E11,997.48,evehicle,94.06,2026-01-01 01:22:28.500000
ev1,0.0,E189,18332.53,-E11,997.48,evehicle,94.06,2026-01-01 01:22:29
ev1,0.0,E189,18332.53,-E11,997.48,evehicle,94.06,2026-01-01 01:22:29.500000
ev1,0.0,E189,18332.53,-E11,997.48,evehicle,94.06,2026-01-01 01:22:30
ev1,0.0,E189,18332.53,-E11,997.48,evehicle,94.06,2026-01-01 01:22:30.500000
ev1,0.0,E189,18332.53,-E11,997.48,evehicle,94.06,2026-01-01 01:22:31
ev1,0.0,E189,18332.53,-E11,997.48,evehicle,94.06,2026-01-01 01:22:31.500000
ev1,0.0,E189,18332.53,-E11,997.48,evehicle,94.06,2026-01-01 01:22:32
ev1,0.0,E189,18332.53,-E11,997.48,evehicle,94.06,2026-01-01 01:22:32.500000
ev1,0.0,E189,18332.53,-E11,997.48,evehicle,94.06,2026-01-01 01:22:33
ev1,0.0,E189,18332.53,-E11,997.48,evehicle,94.06,2026-01-01 01:22:33.500000
ev1,0.0,E189,18332.53,-E11,997.48,evehicle,94.06,2026-01-01 01:22:34
ev1,0.0,E189,18332.53,-E11,997.48,evehicle,94.06,2026-01-01 01:22:34.500000
ev1,0.0,E189,18332.53,-E11,997.48,evehicle,94.06,2026-01-01 01:22:35
ev1,0.0,E189,18332.53,-E11,997.48,evehicle,94.06,2026-01-01 01:22:35.500000
ev1,0.0,E189,18332.53,-E11,997.48,evehicle,94.06,2026-01-01 01:22:36
ev1,0.0,E189,18332.53,-E11,997.48,evehicle,94.06,2026-01-01 01:22:36.500000
ev1,0.0,E189,18332.53,-E11,997.48,evehicle,94.06,2026-01-01 01:22:37
ev1,0.0,E189,18332.53,-E11,997.48,evehicle,94.06,2026-01-01 01:22:37.500000
ev1,0.0,E189,18332.53,-E11,997.48,evehicle,94.06,2026-01-01 01:22:38
ev1,0.0,E189,18332.53,-E11,997.48,evehicle,94.06,2026-01-01 01:22:38.500000
ev1,0.0,E189,18332.53,-E11,997.48,evehicle,94.06,2026-01-01 01:22:39
ev1,0.0,E189,18332.53,-E11,997.48,evehicle,94.06,2026-01-01 01:22:39.500000
ev1,0.0,E189,18332.53,-E11,997.48,evehicle,94.06,2026-01-01 01:22:40
ev1,0.0,E189,18332.53,-E11,997.48,evehicle,94.06,2026-01-01 01:22:40.500000
ev1,0.0,E189,18332.53,-E11,997.48,evehicle,94.06,2026-01-01 01:22:41
ev1,0.0,E189,18332.53,-E11,997.48,evehicle,94.06,2026-01-01 01:22:41.500000
ev1,0.0,E189,18332.53,-E11,997.48,evehicle,94.06,2026-01-01 01:22:42
ev1,0.0,E189,18332.53,-E11,997.48,evehicle,94.06,2026-01-01 01:22:42.500000
ev1,0.0,E189,18332.53,-E11,997.48,evehicle,94.06,2026-01-01 01:22:43
ev1,0.0,E189,18332.53,-E11,997.48,evehicle,94.06,2026-01-01 01:22:43.500000
ev1,0.0,E189,18332.53,-E11,997.48,evehicle,94.06,2026-01-01 01:22:44
ev1,0.0,E189,18332.53,-E11,997.48,evehicle,94.06,2026-01-01 01:22:44.500000
ev1,0.0,E189,18332.53,-E11,997.48,evehicle,94.06,2026-01-01 01:22:45
ev1,0.0,E189,18332.53,-E11,997.48,evehicle,94.06,2026-01-01 01:22:45.500000
ev1,0.0,E189,18332.53,-E11,997.48,evehicle,94.06,2026-01-01 01:22:46
ev1,0.0,E189,18332.53,-E11,997.48,evehicle,94.06,2026-01-01 01:22:46.500000
ev1,0.0,E189,18332.53,-E11,997.48,evehicle,94.06,2026-01-01 01:22:47
ev1,0.0,E189,18332.53,-E11,997.48,evehicle,94.06,2026-01-01 01:22:47.500000
ev1,0.0,E189,18332.53,-E11,997.48,evehicle,94.06,2026-01-01 01:22:48
ev1,0.0,E189,18332.53,-E11,997.48,evehicle,94.06,2026-01-01 01:22:48.500000
ev1,0.0,E189,18332.53,-E11,997.48,evehicle,94.06,2026-01-01 01:22:49
ev1,0.0,E189,18332.53,-E11,997.48,evehicle,94.06,2026-01-01 01:22:49.500000
ev1,0.0,E189,18332.53,-E11,997.48,evehicle,94.06,2026-01-01 01:22:50
ev1,0.0,E189,18332.53,-E11,997.48,evehicle,94.06,2026-01-01 01:22:50.500000
ev1,0.0,E189,18332.53,-E11,997.48,evehicle,94.06,2026-01-01 01:22:51
ev1,0.0,E189,18332.53,-E11,997.48,evehicle,94.06,2026-01-01 01:22:51.500000
ev1,0.0,E189,18332.53,-E11,997.48,evehicle,94.06,2026-01-01 01:22:52
ev1,3.67,E189,18333.04,-E11,996.97,evehicle,94.06,2026-01-01 01:22:52.500000
ev1,8.21,E189,18334.18,-E11,995.83,evehicle,94.06,2026-01-01 01:22:53
ev1,11.02,E189,18335.71,-E11,994.3,evehicle,94.03,2026-01-01 01:22:53.500000
ev1,13.9,E189,18337.64,-E11,992.37,evehicle,94.03,2026-01-01 01:22:54
ev1,18.22,E189,18340.17,-E11,989.84,evehicle,94.03,2026-01-01 01:22:54.500000
ev1,22.21,:J130_0,18340.17,-E11,989.84,evehicle,94.03,2026-01-01 01:22:55
ev1,25.88,:J130_0,18340.17,-E11,989.84,evehicle,94.0,2026-01-01 01:22:55.500000
ev1,25.38,:J130_0,18340.17,-E11,989.84,evehicle,94.0,2026-01-01 01:22:56
ev1,24.66,:J130_0,18340.17,-E11,989.84,evehicle,94.0,2026-01-01 01:22:56.500000
ev1,23.58,E187,18357.08,-E11,972.93,evehicle,94.0,2026-01-01 01:22:57
ev1,27.36,E187,18360.88,-E11,969.13,evehicle,94.0,2026-01-01 01:22:57.500000
ev1,30.6,E187,18365.13,-E11,964.88,evehicle,93.97,2026-01-01 01:22:58
ev1,33.88,E187,18369.83,-E11,960.18,evehicle,93.97,2026-01-01 01:22:58.500000
ev1,37.48,E187,18375.04,-E11,954.97,evehicle,93.94,2026-01-01 01:22:59
ev1,40.1,E187,18380.61,-E11,949.4,evehicle,93.94,2026-01-01 01:22:59.500000
ev1,44.68,E187,18386.82,-E11,943.19,evehicle,93.91,2026-01-01 01:23:00
ev1,46.15,E187,18393.23,-E11,936.78,evehicle,93.91,2026-01-01 01:23:00.500000
ev1,45.22,E187,18399.51,-E11,930.5,evehicle,93.91,2026-01-01 01:23:01
ev1,45.83,E187,18405.87,-E11,924.14,evehicle,93.91,2026-01-01 01:23:01.500000
ev1,40.36,E187,18411.48,-E11,918.53,evehicle,93.94,2026-01-01 01:23:02
ev1,33.19,E187,18416.09,-E11,913.92,evehicle,93.97,2026-01-01 01:23:02.500000
ev1,25.09,E187,18419.57,-E11,910.44,evehicle,93.97,2026-01-01 01:23:03
ev1,29.77,E187,18423.71,-E11,906.3,evehicle,93.97,2026-01-01 01:23:03.500000
ev1,33.7,:J70_5,18423.71,-E11,906.3,evehicle,93.94,2026-01-01 01:23:04
ev1,36.22,:J70_5,18423.71,-E11,906.3,evehicle,93.94,2026-01-01 01:23:04.500000
ev1,38.66,:J70_5,18423.71,-E11,906.3,evehicle,93.91,2026-01-01 01:23:05
ev1,42.3,:J70_5,18423.71,-E11,906.3,evehicle,93.91,2026-01-01 01:23:05.500000
ev1,46.4,:J70_5,18423.71,-E11,906.3,evehicle,93.89,2026-01-01 01:23:06
ev1,46.51,-E104,18457.57,-E11,872.44,evehicle,93.89,2026-01-01 01:23:06.500000
ev1,46.8,-E104,18464.07,-E11,865.94,evehicle,93.89,2026-01-01 01:23:07
ev1,46.62,-E104,18470.55,-E11,859.46,evehicle,93.89,2026-01-01 01:23:07.500000
ev1,46.55,-E104,18477.01,-E11,853.0,evehicle,93.89,2026-01-01 01:23:08
ev1,45.83,-E104,18483.38,-E11,846.63,evehicle,93.89,2026-01-01 01:23:08.500000
ev1,46.26,-E104,18489.81,-E11,840.2,evehicle,93.89,2026-01-01 01:23:09
ev1,45.32,-E104,18496.1,-E11,833.91,evehicle,93.89,2026-01-01 01:23:09.500000
ev1,45.72,-E104,18502.45,-E11,827.56,evehicle,93.89,2026-01-01 01:23:10
ev1,45.11,-E104,18508.72,-E11,821.29,evehicle,93.89,2026-01-01 01:23:10.500000
ev1,45.94,-E104,18515.1,-E11,814.91,evehicle,93.89,2026-01-01 01:23:11
ev1,45.94,-E104,18521.47,-E11,808.54,evehicle,93.86,2026-01-01 01:23:11.500000
ev1,45.76,-E104,18527.83,-E11,802.18,evehicle,93.86,2026-01-01 01:23:12
ev1,46.48,:J24_7,18527.83,-E11,802.18,evehicle,93.86,2026-01-01 01:23:12.500000
ev1,46.48,:J24_7,18527.83,-E11,802.18,evehicle,93.86,2026-01-01 01:23:13
ev1,46.58,:J24_7,18527.83,-E11,802.18,evehicle,93.86,2026-01-01 01:23:13.500000
ev1,45.86,:J24_7,18527.83,-E11,802.18,evehicle,93.86,2026-01-01 01:23:14
ev1,46.69,-E13,18560.07,-E11,769.94,evehicle,93.86,2026-01-01 01:23:14.500000
ev1,44.78,-E13,18566.29,-E11,763.72,evehicle,93.86,2026-01-01 01:23:15
ev1,37.01,-E13,18571.43,-E11,758.58,evehicle,93.89,2026-01-01 01:23:15.500000
ev1,28.91,-E13,18575.45,-E11,754.56,evehicle,93.91,2026-01-01 01:23:16
ev1,22.86,-E13,18578.63,-E11,751.38,evehicle,93.94,2026-01-01 01:23:16.500000
ev1,27.0,:J23_1,18578.63,-E11,751.38,evehicle,93.94,2026-01-01 01:23:17
ev1,28.73,:J23_1,18578.63,-E11,751.38,evehicle,93.91,2026-01-01 01:23:17.500000
ev1,28.51,:J23_1,18578.63,-E11,751.38,evehicle,93.91,2026-01-01 01:23:18
ev1,29.41,:J23_1,18578.63,-E11,751.38,evehicle,93.91,2026-01-01 01:23:18.500000
ev1,28.01,:J23_1,18578.63,-E11,751.38,evehicle,93.91,2026-01-01 01:23:19
ev1,27.9,-E12,18602.17,-E11,727.84,evehicle,93.91,2026-01-01 01:23:19.500000
ev1,30.6,-E12,18606.42,-E11,723.59,evehicle,93.91,2026-01-01 01:23:20
ev1,33.19,-E12,18611.03,-E11,718.98,evehicle,93.91,2026-01-01 01:23:20.500000
ev1,35.64,-E12,18615.98,-E11,714.03,evehicle,93.89,2026-01-01 01:23:21
ev1,34.6,-E12,18620.79,-E11,709.22,evehicle,93.89,2026-01-01 01:23:21.500000
ev1,28.98,-E12,18624.81,-E11,705.2,evehicle,93.91,2026-01-01 01:23:22
ev1,20.88,-E12,18627.72,-E11,702.29,evehicle,93.94,2026-01-01 01:23:22.500000
ev1,12.78,-E12,18629.49,-E11,700.52,evehicle,93.94,2026-01-01 01:23:23
ev1,4.68,-E12,18630.15,-E11,699.86,evehicle,93.94,2026-01-01 01:23:23.500000
ev1,0.04,-E12,18630.15,-E11,699.86,evehicle,93.97,2026-01-01 01:23:24
ev1,0.0,-E12,18630.15,-E11,699.86,evehicle,93.97,2026-01-01 01:23:24.500000
ev1,0.0,-E12,18630.15,-E11,699.86,evehicle,93.97,2026-01-01 01:23:25
ev1,0.0,-E12,18630.15,-E11,699.86,evehicle,93.97,2026-01-01 01:23:25.500000
ev1,0.0,-E12,18630.15,-E11,699.86,evehicle,93.97,2026-01-01 01:23:26
ev1,0.0,-E12,18630.15,-E11,699.86,evehicle,93.97,2026-01-01 01:23:26.500000
ev1,0.0,-E12,18630.15,-E11,699.86,evehicle,93.97,2026-01-01 01:23:27
ev1,0.0,-E12,18630.15,-E11,699.86,evehicle,93.97,2026-01-01 01:23:27.500000
ev1,0.0,-E12,18630.15,-E11,699.86,evehicle,93.97,2026-01-01 01:23:28
ev1,0.0,-E12,18630.15,-E11,699.86,evehicle,93.97,2026-01-01 01:23:28.500000
ev1,0.0,-E12,18630.15,-E11,699.86,evehicle,93.97,2026-01-01 01:23:29
ev1,0.0,-E12,18630.15,-E11,699.86,evehicle,93.97,2026-01-01 01:23:29.500000
ev1,0.0,-E12,18630.15,-E11,699.86,evehicle,93.97,2026-01-01 01:23:30
ev1,0.0,-E12,18630.15,-E11,699.86,evehicle,93.97,2026-01-01 01:23:30.500000
ev1,0.0,-E12,18630.15,-E11,699.86,evehicle,93.97,2026-01-01 01:23:31
ev1,0.0,-E12,18630.15,-E11,699.86,evehicle,93.94,2026-01-01 01:23:31.500000
ev1,0.0,-E12,18630.15,-E11,699.86,evehicle,93.94,2026-01-01 01:23:32
ev1,0.0,-E12,18630.15,-E11,699.86,evehicle,93.94,2026-01-01 01:23:32.500000
ev1,0.0,-E12,18630.15,-E11,699.86,evehicle,93.94,2026-01-01 01:23:33
ev1,0.0,-E12,18630.15,-E11,699.86,evehicle,93.94,2026-01-01 01:23:33.500000
ev1,0.0,-E12,18630.15,-E11,699.86,evehicle,93.94,2026-01-01 01:23:34
ev1,0.0,-E12,18630.15,-E11,699.86,evehicle,93.94,2026-01-01 01:23:34.500000
ev1,0.0,-E12,18630.15,-E11,699.86,evehicle,93.94,2026-01-01 01:23:35
ev1,0.0,-E12,18630.15,-E11,699.86,evehicle,93.94,2026-01-01 01:23:35.500000
ev1,0.0,-E12,18630.15,-E11,699.86,evehicle,93.94,2026-01-01 01:23:36
ev1,0.0,-E12,18630.15,-E11,699.86,evehicle,93.94,2026-01-01 01:23:36.500000
ev1,0.0,-E12,18630.15,-E11,699.86,evehicle,93.94,2026-01-01 01:23:37
ev1,0.0,-E12,18630.15,-E11,699.86,evehicle,93.94,2026-01-01 01:23:37.500000
ev1,0.0,-E12,18630.15,-E11,699.86,evehicle,93.94,2026-01-01 01:23:38
ev1,0.0,-E12,18630.15,-E11,699.86,evehicle,93.94,2026-01-01 01:23:38.500000
ev1,0.0,-E12,18630.15,-E11,699.86,evehicle,93.94,2026-01-01 01:23:39
ev1,0.0,-E12,18630.15,-E11,699.86,evehicle,93.94,2026-01-01 01:23:39.500000
ev1,0.0,-E12,18630.15,-E11,699.86,evehicle,93.94,2026-01-01 01:23:40
ev1,0.0,-E12,18630.15,-E11,699.86,evehicle,93.94,2026-01-01 01:23:40.500000
ev1,0.0,-E12,18630.15,-E11,699.86,evehicle,93.94,2026-01-01 01:23:41
ev1,0.0,-E12,18630.15,-E11,699.86,evehicle,93.94,2026-01-01 01:23:41.500000
ev1,0.0,-E12,18630.15,-E11,699.86,evehicle,93.94,2026-01-01 01:23:42
ev1,0.0,-E12,18630.15,-E11,699.86,evehicle,93.94,2026-01-01 01:23:42.500000
ev1,0.0,-E12,18630.15,-E11,699.86,evehicle,93.94,2026-01-01 01:23:43
ev1,0.0,-E12,18630.15,-E11,699.86,evehicle,93.94,2026-01-01 01:23:43.500000
ev1,0.0,-E12,18630.15,-E11,699.86,evehicle,93.94,2026-01-01 01:23:44
ev1,0.0,-E12,18630.15,-E11,699.86,evehicle,93.94,2026-01-01 01:23:44.500000
ev1,0.0,-E12,18630.15,-E11,699.86,evehicle,93.94,2026-01-01 01:23:45
ev1,0.0,-E12,18630.15,-E11,699.86,evehicle,93.94,2026-01-01 01:23:45.500000
ev1,0.0,-E12,18630.15,-E11,699.86,evehicle,93.94,2026-01-01 01:23:46
ev1,0.0,-E12,18630.15,-E11,699.86,evehicle,93.94,2026-01-01 01:23:46.500000
ev1,0.0,-E12,18630.15,-E11,699.86,evehicle,93.94,2026-01-01 01:23:47
ev1,0.0,-E12,18630.15,-E11,699.86,evehicle,93.94,2026-01-01 01:23:47.500000
ev1,0.0,-E12,18630.15,-E11,699.86,evehicle,93.94,2026-01-01 01:23:48
ev1,0.0,-E12,18630.15,-E11,699.86,evehicle,93.94,2026-01-01 01:23:48.500000
ev1,0.0,-E12,18630.15,-E11,699.86,evehicle,93.94,2026-01-01 01:23:49
ev1,0.0,-E12,18630.15,-E11,699.86,evehicle,93.94,2026-01-01 01:23:49.500000
ev1,0.0,-E12,18630.15,-E11,699.86,evehicle,93.94,2026-01-01 01:23:50
ev1,0.0,-E12,18630.15,-E11,699.86,evehicle,93.94,2026-01-01 01:23:50.500000
ev1,0.0,-E12,18630.15,-E11,699.86,evehicle,93.94,2026-01-01 01:23:51
ev1,0.0,-E12,18630.15,-E11,699.86,evehicle,93.94,2026-01-01 01:23:51.500000
ev1,0.0,-E12,18630.15,-E11,699.86,evehicle,93.94,2026-01-01 01:23:52
ev1,0.0,-E12,18630.15,-E11,699.86,evehicle,93.94,2026-01-01 01:23:52.500000
ev1,0.0,-E12,18630.15,-E11,699.86,evehicle,93.94,2026-01-01 01:23:53
ev1,0.0,-E12,18630.15,-E11,699.86,evehicle,93.94,2026-01-01 01:23:53.500000
ev1,0.0,-E12,18630.15,-E11,699.86,evehicle,93.94,2026-01-01 01:23:54
ev1,0.0,-E12,18630.15,-E11,699.86,evehicle,93.94,2026-01-01 01:23:54.500000
ev1,0.0,-E12,18630.15,-E11,699.86,evehicle,93.94,2026-01-01 01:23:55
ev1,0.0,-E12,18630.15,-E11,699.86,evehicle,93.94,2026-01-01 01:23:55.500000
ev1,0.0,-E12,18630.15,-E11,699.86,evehicle,93.94,2026-01-01 01:23:56
ev1,0.0,-E12,18630.15,-E11,699.86,evehicle,93.94,2026-01-01 01:23:56.500000
ev1,0.0,-E12,18630.15,-E11,699.86,evehicle,93.94,2026-01-01 01:23:57
ev1,0.0,-E12,18630.15,-E11,699.86,evehicle,93.94,2026-01-01 01:23:57.500000
ev1,0.0,-E12,18630.15,-E11,699.86,evehicle,93.94,2026-01-01 01:23:58
ev1,0.0,-E12,18630.15,-E11,699.86,evehicle,93.94,2026-01-01 01:23:58.500000
ev1,0.0,-E12,18630.15,-E11,699.86,evehicle,93.94,2026-01-01 01:23:59
ev1,0.0,-E12,18630.15,-E11,699.86,evehicle,93.94,2026-01-01 01:23:59.500000
ev1,0.0,-E12,18630.15,-E11,699.86,evehicle,93.94,2026-01-01 01:24:00
ev1,4.21,-E12,18630.73,-E11,699.28,evehicle,93.94,2026-01-01 01:24:00.500000
ev1,8.6,:J8_1,18630.73,-E11,699.28,evehicle,93.94,2026-01-01 01:24:01
ev1,12.71,:J8_1,18630.73,-E11,699.28,evehicle,93.94,2026-01-01 01:24:01.500000
ev1,15.23,:J8_1,18630.73,-E11,699.28,evehicle,93.94,2026-01-01 01:24:02
ev1,17.64,:J8_1,18630.73,-E11,699.28,evehicle,93.94,2026-01-01 01:24:02.500000
ev1,20.48,:J8_1,18630.73,-E11,699.28,evehicle,93.91,2026-01-01 01:24:03
ev1,24.3,:J8_1,18630.73,-E11,699.28,evehicle,93.91,2026-01-01 01:24:03.500000
ev1,27.58,:J8_1,18630.73,-E11,699.28,evehicle,93.91,2026-01-01 01:24:04
ev1,30.24,-maxwell,18652.5,-E11,677.51,evehicle,93.89,2026-01-01 01:24:04.500000
ev1,33.3,-maxwell,18657.13,-E11,672.88,evehicle,93.89,2026-01-01 01:24:05
ev1,36.83,-maxwell,18662.24,-E11,667.77,evehicle,93.86,2026-01-01 01:24:05.500000
ev1,36.97,-maxwell,18667.38,-E11,662.63,evehicle,93.86,2026-01-01 01:24:06
ev1,28.87,-maxwell,18671.39,-E11,658.62,evehicle,93.89,2026-01-01 01:24:06.500000
ev1,21.28,-maxwell,18674.34,-E11,655.67,evehicle,93.91,2026-01-01 01:24:07
ev1,25.96,-maxwell,18677.95,-E11,652.06,evehicle,93.91,2026-01-01 01:24:07.500000
ev1,21.31,:J1_0,18677.95,-E11,652.06,evehicle,93.91,2026-01-01 01:24:08
ev1,20.66,:J1_0,18677.95,-E11,652.06,evehicle,93.91,2026-01-01 01:24:08.500000
ev1,21.02,:J1_0,18677.95,-E11,652.06,evehicle,93.91,2026-01-01 01:24:09
ev1,20.23,joulesC,18689.51,-E11,640.5,evehicle,93.91,2026-01-01 01:24:09.500000
ev1,24.88,joulesC,18692.96,-E11,637.05,evehicle,93.91,2026-01-01 01:24:10
ev1,28.94,joulesC,18696.98,-E11,633.03,evehicle,93.89,2026-01-01 01:24:10.500000
ev1,32.4,joulesC,18701.49,-E11,628.52,evehicle,93.89,2026-01-01 01:24:11
ev1,34.74,joulesC,18706.31,-E11,623.7,evehicle,93.86,2026-01-01 01:24:11.500000
ev1,37.55,joulesC,18711.53,-E11,618.48,evehicle,93.86,2026-01-01 01:24:12
ev1,41.98,joulesC,18717.36,-E11,612.65,evehicle,93.83,2026-01-01 01:24:12.500000
ev1,45.58,joulesC,18723.69,-E11,606.32,evehicle,93.8,2026-01-01 01:24:13
ev1,49.28,joulesC,18730.54,-E11,599.47,evehicle,93.77,2026-01-01 01:24:13.500000
ev1,53.03,joulesC,18737.9,-E11,592.11,evehicle,93.77,2026-01-01 01:24:14
ev1,57.35,joulesC,18745.86,-E11,584.15,evehicle,93.74,2026-01-01 01:24:14.500000
ev1,59.72,joulesC,18754.16,-E11,575.85,evehicle,93.71,2026-01-01 01:24:15
ev1,63.22,joulesC,18762.94,-E11,567.07,evehicle,93.69,2026-01-01 01:24:15.500000
ev1,66.46,joulesC,18772.17,-E11,557.84,evehicle,93.66,2026-01-01 01:24:16
ev1,69.26,joulesC,18781.79,-E11,548.22,evehicle,93.63,2026-01-01 01:24:16.500000
ev1,71.86,joulesC,18791.77,-E11,538.24,evehicle,93.6,2026-01-01 01:24:17
ev1,75.42,joulesC,18802.25,-E11,527.76,evehicle,93.57,2026-01-01 01:24:17.500000
ev1,78.91,joulesC,18813.21,-E11,516.8,evehicle,93.54,2026-01-01 01:24:18
ev1,82.58,joulesC,18824.67,-E11,505.34,evehicle,93.49,2026-01-01 01:24:18.500000
ev1,87.12,joulesC,18836.77,-E11,493.24,evehicle,93.46,2026-01-01 01:24:19
ev1,91.01,joulesC,18849.42,-E11,480.59,evehicle,93.4,2026-01-01 01:24:19.500000
ev1,93.46,joulesC,18862.4,-E11,467.61,evehicle,93.37,2026-01-01 01:24:20
ev1,97.96,joulesC,18876.0,-E11,454.01,evehicle,93.31,2026-01-01 01:24:20.500000
ev1,100.98,joulesC,18890.03,-E11,439.98,evehicle,93.26,2026-01-01 01:24:21
ev1,103.97,joulesC,18904.47,-E11,425.54,evehicle,93.23,2026-01-01 01:24:21.500000
ev1,107.6,joulesC,18919.41,-E11,410.6,evehicle,93.17,2026-01-01 01:24:22
ev1,110.52,joulesC,18934.76,-E11,395.25,evehicle,93.11,2026-01-01 01:24:22.500000
ev1,113.62,joulesC,18950.54,-E11,379.47,evehicle,93.09,2026-01-01 01:24:23
ev1,112.36,joulesC,18966.15,-E11,363.86,evehicle,93.09,2026-01-01 01:24:23.500000
ev1,113.15,joulesC,18981.86,-E11,348.15,evehicle,93.06,2026-01-01 01:24:24
ev1,111.67,joulesC,18997.37,-E11,332.64,evehicle,93.06,2026-01-01 01:24:24.500000
ev1,111.96,joulesC,19012.92,-E11,317.09,evehicle,93.06,2026-01-01 01:24:25
ev1,113.47,joulesC,19028.68,-E11,301.33,evehicle,93.03,2026-01-01 01:24:25.500000
ev1,112.5,joulesC,19044.31,-E11,285.7,evehicle,93.03,2026-01-01 01:24:26
ev1,113.33,joulesC,19060.05,-E11,269.96,evehicle,93.0,2026-01-01 01:24:26.500000
ev1,108.32,joulesC,19075.09,-E11,254.92,evehicle,93.06,2026-01-01 01:24:27
ev1,100.22,joulesC,19089.01,-E11,241.0,evehicle,93.14,2026-01-01 01:24:27.500000
ev1,92.12,joulesC,19101.81,-E11,228.2,evehicle,93.23,2026-01-01 01:24:28
ev1,84.74,joulesC,19113.58,-E11,216.43,evehicle,93.31,2026-01-01 01:24:28.500000
ev1,76.64,joulesC,19124.22,-E11,205.79,evehicle,93.37,2026-01-01 01:24:29
ev1,69.37,joulesC,19133.86,-E11,196.15,evehicle,93.43,2026-01-01 01:24:29.500000
ev1,62.57,joulesC,19142.55,-E11,187.46,evehicle,93.49,2026-01-01 01:24:30
ev1,54.47,joulesC,19150.11,-E11,179.9,evehicle,93.51,2026-01-01 01:24:30.500000
ev1,46.37,joulesC,19156.55,-E11,173.46,evehicle,93.57,2026-01-01 01:24:31
ev1,38.27,joulesC,19161.86,-E11,168.15,evehicle,93.6,2026-01-01 01:24:31.500000
ev1,30.17,joulesC,19166.05,-E11,163.96,evehicle,93.63,2026-01-01 01:24:32
ev1,22.07,:J2_3,19166.05,-E11,163.96,evehicle,93.66,2026-01-01 01:24:32.500000
ev1,20.05,:J2_3,19166.05,-E11,163.96,evehicle,93.66,2026-01-01 01:24:33
ev1,20.74,:J2_3,19166.05,-E11,163.96,evehicle,93.66,2026-01-01 01:24:33.500000
ev1,21.31,euler,19177.74,-E11,152.27,evehicle,93.66,2026-01-01 01:24:34
ev1,23.98,euler,19181.08,-E11,148.93,evehicle,93.66,2026-01-01 01:24:34.500000
ev1,23.72,euler,19184.37,-E11,145.64,evehicle,93.66,2026-01-01 01:24:35
ev1,23.47,euler,19187.63,-E11,142.38,evehicle,93.66,2026-01-01 01:24:35.500000
ev1,23.18,euler,19190.85,-E11,139.16,evehicle,93.66,2026-01-01 01:24:36
ev1,22.93,euler,19194.03,-E11,135.98,evehicle,93.66,2026-01-01 01:24:36.500000
ev1,22.64,euler,19197.18,-E11,132.83,evehicle,93.66,2026-01-01 01:24:37
ev1,14.98,euler,19199.26,-E11,130.75,evehicle,93.66,2026-01-01 01:24:37.500000
ev1,6.88,euler,19200.21,-E11,129.8,evehicle,93.69,2026-01-01 01:24:38
ev1,0.0,euler,19200.21,-E11,129.8,evehicle,93.69,2026-01-01 01:24:38.500000
ev1,0.0,euler,19200.21,-E11,129.8,evehicle,93.69,2026-01-01 01:24:39
ev1,0.0,euler,19200.21,-E11,129.8,evehicle,93.69,2026-01-01 01:24:39.500000
ev1,0.0,euler,19200.21,-E11,129.8,evehicle,93.69,2026-01-01 01:24:40
ev1,0.0,euler,19200.21,-E11,129.8,evehicle,93.69,2026-01-01 01:24:40.500000
ev1,0.0,euler,19200.21,-E11,129.8,evehicle,93.69,2026-01-01 01:24:41
ev1,0.0,euler,19200.21,-E11,129.8,evehicle,93.69,2026-01-01 01:24:41.500000
ev1,0.0,euler,19200.21,-E11,129.8,evehicle,93.69,2026-01-01 01:24:42
ev1,0.0,euler,19200.21,-E11,129.8,evehicle,93.69,2026-01-01 01:24:42.500000
ev1,0.0,euler,19200.21,-E11,129.8,evehicle,93.69,2026-01-01 01:24:43
ev1,0.0,euler,19200.21,-E11,129.8,evehicle,93.69,2026-01-01 01:24:43.500000
ev1,0.0,euler,19200.21,-E11,129.8,evehicle,93.69,2026-01-01 01:24:44
ev1,0.0,euler,19200.21,-E11,129.8,evehicle,93.69,2026-01-01 01:24:44.500000
ev1,0.0,euler,19200.21,-E11,129.8,evehicle,93.69,2026-01-01 01:24:45
ev1,0.0,euler,19200.21,-E11,129.8,evehicle,93.69,2026-01-01 01:24:45.500000
ev1,0.0,euler,19200.21,-E11,129.8,evehicle,93.69,2026-01-01 01:24:46
ev1,0.0,euler,19200.21,-E11,129.8,evehicle,93.69,2026-01-01 01:24:46.500000
ev1,0.0,euler,19200.21,-E11,129.8,evehicle,93.69,2026-01-01 01:24:47
ev1,0.0,euler,19200.21,-E11,129.8,evehicle,93.69,2026-01-01 01:24:47.500000
ev1,0.0,euler,19200.21,-E11,129.8,evehicle,93.69,2026-01-01 01:24:48
ev1,0.0,euler,19200.21,-E11,129.8,evehicle,93.69,2026-01-01 01:24:48.500000
ev1,0.0,euler,19200.21,-E11,129.8,evehicle,93.69,2026-01-01 01:24:49
ev1,0.0,euler,19200.21,-E11,129.8,evehicle,93.69,2026-01-01 01:24:49.500000
ev1,0.0,euler,19200.21,-E11,129.8,evehicle,93.69,2026-01-01 01:24:50
ev1,0.0,euler,19200.21,-E11,129.8,evehicle,93.69,2026-01-01 01:24:50.500000
ev1,0.0,euler,19200.21,-E11,129.8,evehicle,93.69,2026-01-01 01:24:51
ev1,0.0,euler,19200.21,-E11,129.8,evehicle,93.69,2026-01-01 01:24:51.500000
ev1,0.0,euler,19200.21,-E11,129.8,evehicle,93.69,2026-01-01 01:24:52
ev1,0.0,euler,19200.21,-E11,129.8,evehicle,93.69,2026-01-01 01:24:52.500000
ev1,0.0,euler,19200.21,-E11,129.8,evehicle,93.69,2026-01-01 01:24:53
ev1,0.0,euler,19200.21,-E11,129.8,evehicle,93.69,2026-01-01 01:24:53.500000
ev1,0.0,euler,19200.21,-E11,129.8,evehicle,93.69,2026-01-01 01:24:54
ev1,0.0,euler,19200.21,-E11,129.8,evehicle,93.69,2026-01-01 01:24:54.500000
ev1,0.0,euler,19200.21,-E11,129.8,evehicle,93.69,2026-01-01 01:24:55
ev1,0.0,euler,19200.21,-E11,129.8,evehicle,93.69,2026-01-01 01:24:55.500000
ev1,0.0,euler,19200.21,-E11,129.8,evehicle,93.69,2026-01-01 01:24:56
ev1,0.0,euler,19200.21,-E11,129.8,evehicle,93.69,2026-01-01 01:24:56.500000
ev1,0.0,euler,19200.21,-E11,129.8,evehicle,93.69,2026-01-01 01:24:57
ev1,0.0,euler,19200.21,-E11,129.8,evehicle,93.69,2026-01-01 01:24:57.500000
ev1,0.0,euler,19200.21,-E11,129.8,evehicle,93.69,2026-01-01 01:24:58
ev1,0.0,euler,19200.21,-E11,129.8,evehicle,93.69,2026-01-01 01:24:58.500000
ev1,0.0,euler,19200.21,-E11,129.8,evehicle,93.69,2026-01-01 01:24:59
ev1,0.0,euler,19200.21,-E11,129.8,evehicle,93.69,2026-01-01 01:24:59.500000
ev1,0.0,euler,19200.21,-E11,129.8,evehicle,93.69,2026-01-01 01:25:00
ev1,4.32,euler,19200.81,-E11,129.2,evehicle,93.69,2026-01-01 01:25:00.500000
ev1,4.28,:J7_11,19200.81,-E11,129.2,evehicle,93.69,2026-01-01 01:25:01
ev1,4.28,:J7_11,19200.81,-E11,129.2,evehicle,93.69,2026-01-01 01:25:01.500000
ev1,4.28,:J7_11,19200.81,-E11,129.2,evehicle,93.69,2026-01-01 01:25:02
ev1,4.25,:J7_11,19200.81,-E11,129.2,evehicle,93.69,2026-01-01 01:25:02.500000
ev1,4.25,:J7_11,19200.81,-E11,129.2,evehicle,93.69,2026-01-01 01:25:03
ev1,4.25,:J7_11,19200.81,-E11,129.2,evehicle,93.69,2026-01-01 01:25:03.500000
ev1,4.25,:J7_11,19200.81,-E11,129.2,evehicle,93.69,2026-01-01 01:25:04
ev1,4.21,:J7_11,19200.81,-E11,129.2,evehicle,93.69,2026-01-01 01:25:04.500000
ev1,4.21,:J7_11,19200.81,-E11,129.2,evehicle,93.69,2026-01-01 01:25:05
ev1,4.21,:J7_11,19200.81,-E11,129.2,evehicle,93.69,2026-01-01 01:25:05.500000
ev1,4.21,:J7_11,19200.81,-E11,129.2,evehicle,93.69,2026-01-01 01:25:06
ev1,4.18,:J7_11,19200.81,-E11,129.2,evehicle,93.69,2026-01-01 01:25:06.500000
ev1,4.18,:J7_11,19200.81,-E11,129.2,evehicle,93.69,2026-01-01 01:25:07
ev1,4.18,:J7_11,19200.81,-E11,129.2,evehicle,93.69,2026-01-01 01:25:07.500000
ev1,4.14,:J7_11,19200.81,-E11,129.2,evehicle,93.69,2026-01-01 01:25:08
ev1,4.14,:J7_11,19200.81,-E11,129.2,evehicle,93.69,2026-01-01 01:25:08.500000
ev1,4.14,:J7_11,19200.81,-E11,129.2,evehicle,93.69,2026-01-01 01:25:09
ev1,4.14,:J7_11,19200.81,-E11,129.2,evehicle,93.69,2026-01-01 01:25:09.500000
ev1,4.1,:J7_11,19200.81,-E11,129.2,evehicle,93.69,2026-01-01 01:25:10
ev1,4.1,:J7_11,19200.81,-E11,129.2,evehicle,93.69,2026-01-01 01:25:10.500000
ev1,4.1,:J7_11,19200.81,-E11,129.2,evehicle,93.69,2026-01-01 01:25:11
ev1,4.1,:J7_11,19200.81,-E11,129.2,evehicle,93.69,2026-01-01 01:25:11.500000
ev1,4.07,:J7_11,19200.81,-E11,129.2,evehicle,93.69,2026-01-01 01:25:12
ev1,4.07,:J7_11,19200.81,-E11,129.2,evehicle,93.69,2026-01-01 01:25:12.500000
ev1,4.07,:J7_11,19200.81,-E11,129.2,evehicle,93.69,2026-01-01 01:25:13
ev1,4.07,:J7_11,19200.81,-E11,129.2,evehicle,93.69,2026-01-01 01:25:13.500000
ev1,4.03,:J7_11,19200.81,-E11,129.2,evehicle,93.69,2026-01-01 01:25:14
ev1,4.03,:J7_11,19200.81,-E11,129.2,evehicle,93.69,2026-01-01 01:25:14.500000
ev1,4.03,:J7_11,19200.81,-E11,129.2,evehicle,93.66,2026-01-01 01:25:15
ev1,4.03,:J7_11,19200.81,-E11,129.2,evehicle,93.66,2026-01-01 01:25:15.500000
ev1,4.0,:J7_11,19200.81,-E11,129.2,evehicle,93.66,2026-01-01 01:25:16
ev1,4.0,:J7_11,19200.81,-E11,129.2,evehicle,93.66,2026-01-01 01:25:16.500000
ev1,4.0,:J7_11,19200.81,-E11,129.2,evehicle,93.66,2026-01-01 01:25:17
ev1,4.0,:J7_11,19200.81,-E11,129.2,evehicle,93.66,2026-01-01 01:25:17.500000
ev1,4.0,E5,19220.89,-E11,109.12,evehicle,93.66,2026-01-01 01:25:18
ev1,3.96,E5,19221.44,-E11,108.57,evehicle,93.66,2026-01-01 01:25:18.500000
ev1,3.96,E5,19221.99,-E11,108.02,evehicle,93.66,2026-01-01 01:25:19
ev1,3.96,E5,19222.54,-E11,107.47,evehicle,93.66,2026-01-01 01:25:19.500000
ev1,3.92,E5,19223.09,-E11,106.92,evehicle,93.66,2026-01-01 01:25:20
ev1,3.92,E5,19223.63,-E11,106.38,evehicle,93.66,2026-01-01 01:25:20.500000
ev1,3.92,E5,19224.18,-E11,105.83,evehicle,93.66,2026-01-01 01:25:21
ev1,3.92,E5,19224.72,-E11,105.29,evehicle,93.66,2026-01-01 01:25:21.500000
ev1,3.89,E5,19225.26,-E11,104.75,evehicle,93.66,2026-01-01 01:25:22
ev1,3.89,E5,19225.8,-E11,104.21,evehicle,93.66,2026-01-01 01:25:22.500000
ev1,3.89,E5,19226.34,-E11,103.67,evehicle,93.66,2026-01-01 01:25:23
ev1,3.85,E5,19226.88,-E11,103.13,evehicle,93.66,2026-01-01 01:25:23.500000
ev1,3.85,E5,19227.42,-E11,102.59,evehicle,93.66,2026-01-01 01:25:24
ev1,3.85,E5,19227.95,-E11,102.06,evehicle,93.66,2026-01-01 01:25:24.500000
ev1,3.85,E5,19228.48,-E11,101.53,evehicle,93.66,2026-01-01 01:25:25
ev1,3.82,E5,19229.01,-E11,101.0,evehicle,93.66,2026-01-01 01:25:25.500000
ev1,3.82,E5,19229.55,-E11,100.46,evehicle,93.66,2026-01-01 01:25:26
ev1,3.82,E5,19230.07,-E11,99.94,evehicle,93.66,2026-01-01 01:25:26.500000
ev1,3.82,E5,19230.6,-E11,99.41,evehicle,93.66,2026-01-01 01:25:27
ev1,3.78,E5,19231.13,-E11,98.88,evehicle,93.66,2026-01-01 01:25:27.500000
ev1,3.78,E5,19231.65,-E11,98.36,evehicle,93.66,2026-01-01 01:25:28
ev1,3.78,E5,19232.18,-E11,97.83,evehicle,93.66,2026-01-01 01:25:28.500000
ev1,3.74,E5,19232.7,-E11,97.31,evehicle,93.66,2026-01-01 01:25:29
ev1,3.74,E5,19233.22,-E11,96.79,evehicle,93.66,2026-01-01 01:25:29.500000
ev1,3.74,E5,19233.74,-E11,96.27,evehicle,93.66,2026-01-01 01:25:30
ev1,3.74,E5,19234.25,-E11,95.76,evehicle,93.66,2026-01-01 01:25:30.500000
ev1,3.71,E5,19234.77,-E11,95.24,evehicle,93.66,2026-01-01 01:25:31
ev1,3.71,E5,19235.29,-E11,94.72,evehicle,93.66,2026-01-01 01:25:31.500000
ev1,3.71,E5,19235.8,-E11,94.21,evehicle,93.66,2026-01-01 01:25:32
ev1,3.67,E5,19236.31,-E11,93.7,evehicle,93.66,2026-01-01 01:25:32.500000
ev1,3.67,E5,19236.82,-E11,93.19,evehicle,93.66,2026-01-01 01:25:33
ev1,3.67,E5,19237.33,-E11,92.68,evehicle,93.66,2026-01-01 01:25:33.500000
ev1,3.67,E5,19237.84,-E11,92.17,evehicle,93.66,2026-01-01 01:25:34
ev1,3.64,E5,19238.35,-E11,91.66,evehicle,93.66,2026-01-01 01:25:34.500000
ev1,3.64,E5,19238.85,-E11,91.16,evehicle,93.66,2026-01-01 01:25:35
ev1,3.64,E5,19239.35,-E11,90.66,evehicle,93.66,2026-01-01 01:25:35.500000
ev1,3.6,E5,19239.86,-E11,90.15,evehicle,93.66,2026-01-01 01:25:36
ev1,3.6,E5,19240.36,-E11,89.65,evehicle,93.66,2026-01-01 01:25:36.500000
ev1,3.6,E5,19240.86,-E11,89.15,evehicle,93.66,2026-01-01 01:25:37
ev1,3.6,E5,19241.36,-E11,88.65,evehicle,93.66,2026-01-01 01:25:37.500000
ev1,3.56,E5,19241.85,-E11,88.16,evehicle,93.66,2026-01-01 01:25:38
ev1,3.56,E5,19242.35,-E11,87.66,evehicle,93.66,2026-01-01 01:25:38.500000
ev1,3.56,E5,19242.84,-E11,87.17,evehicle,93.66,2026-01-01 01:25:39
ev1,3.56,E5,19243.33,-E11,86.68,evehicle,93.66,2026-01-01 01:25:39.500000
ev1,3.53,E5,19243.83,-E11,86.18,evehicle,93.66,2026-01-01 01:25:40
ev1,3.53,E5,19244.32,-E11,85.69,evehicle,93.66,2026-01-01 01:25:40.500000
ev1,3.53,E5,19244.8,-E11,85.21,evehicle,93.66,2026-01-01 01:25:41
ev1,3.49,E5,19245.29,-E11,84.72,evehicle,93.66,2026-01-01 01:25:41.500000
ev1,3.49,E5,19245.78,-E11,84.23,evehicle,93.66,2026-01-01 01:25:42
ev1,3.49,E5,19246.26,-E11,83.75,evehicle,93.66,2026-01-01 01:25:42.500000
ev1,3.49,E5,19246.74,-E11,83.27,evehicle,93.66,2026-01-01 01:25:43
ev1,3.46,E5,19247.22,-E11,82.79,evehicle,93.66,2026-01-01 01:25:43.500000
ev1,3.46,E5,19247.7,-E11,82.31,evehicle,93.66,2026-01-01 01:25:44
ev1,3.46,E5,19248.18,-E11,81.83,evehicle,93.66,2026-01-01 01:25:44.500000
ev1,3.42,E5,19248.66,-E11,81.35,evehicle,93.66,2026-01-01 01:25:45
ev1,3.42,E5,19249.14,-E11,80.87,evehicle,93.66,2026-01-01 01:25:45.500000
ev1,3.42,E5,19249.61,-E11,80.4,evehicle,93.66,2026-01-01 01:25:46
ev1,3.42,E5,19250.08,-E11,79.93,evehicle,93.66,2026-01-01 01:25:46.500000
ev1,3.38,E5,19250.55,-E11,79.46,evehicle,93.66,2026-01-01 01:25:47
ev1,3.38,E5,19251.02,-E11,78.99,evehicle,93.66,2026-01-01 01:25:47.500000
ev1,3.38,E5,19251.49,-E11,78.52,evehicle,93.66,2026-01-01 01:25:48
ev1,3.35,E5,19251.96,-E11,78.05,evehicle,93.66,2026-01-01 01:25:48.500000
ev1,3.35,E5,19252.43,-E11,77.58,evehicle,93.66,2026-01-01 01:25:49
ev1,3.35,E5,19252.89,-E11,77.12,evehicle,93.66,2026-01-01 01:25:49.500000
ev1,3.35,E5,19253.35,-E11,76.66,evehicle,93.66,2026-01-01 01:25:50
ev1,3.31,:J15_2,19253.35,-E11,76.66,evehicle,93.66,2026-01-01 01:25:50.500000
ev1,3.31,:J15_2,19253.35,-E11,76.66,evehicle,93.66,2026-01-01 01:25:51
ev1,3.31,:J15_2,19253.35,-E11,76.66,evehicle,93.66,2026-01-01 01:25:51.500000
ev1,3.31,:J15_2,19253.35,-E11,76.66,evehicle,93.66,2026-01-01 01:25:52
ev1,3.28,:J15_2,19253.35,-E11,76.66,evehicle,93.66,2026-01-01 01:25:52.500000
ev1,3.28,:J15_2,19253.35,-E11,76.66,evehicle,93.66,2026-01-01 01:25:53
ev1,3.28,-E93,19256.56,-E11,73.45,evehicle,93.66,2026-01-01 01:25:53.500000
ev1,3.24,-E93,19257.01,-E11,73.0,evehicle,93.66,2026-01-01 01:25:54
ev1,3.24,-E93,19257.46,-E11,72.55,evehicle,93.66,2026-01-01 01:25:54.500000
ev1,3.24,-E93,19257.91,-E11,72.1,evehicle,93.66,2026-01-01 01:25:55
ev1,3.24,-E93,19258.36,-E11,71.65,evehicle,93.66,2026-01-01 01:25:55.500000
ev1,3.2,-E93,19258.8,-E11,71.21,evehicle,93.66,2026-01-01 01:25:56
ev1,3.2,-E93,19259.25,-E11,70.76,evehicle,93.66,2026-01-01 01:25:56.500000
ev1,3.2,-E93,19259.69,-E11,70.32,evehicle,93.66,2026-01-01 01:25:57
ev1,3.17,-E93,19260.13,-E11,69.88,evehicle,93.66,2026-01-01 01:25:57.500000
ev1,3.17,-E93,19260.58,-E11,69.43,evehicle,93.66,2026-01-01 01:25:58
ev1,3.17,-E93,19261.01,-E11,69.0,evehicle,93.66,2026-01-01 01:25:58.500000
ev1,3.17,-E93,19261.45,-E11,68.56,evehicle,93.66,2026-01-01 01:25:59
ev1,3.13,-E93,19261.89,-E11,68.12,evehicle,93.66,2026-01-01 01:25:59.500000
ev1,3.13,-E93,19262.32,-E11,67.69,evehicle,93.66,2026-01-01 01:26:00
ev1,3.13,-E93,19262.76,-E11,67.25,evehicle,93.66,2026-01-01 01:26:00.500000
ev1,3.1,-E93,19263.19,-E11,66.82,evehicle,93.66,2026-01-01 01:26:01
ev1,3.1,-E93,19263.62,-E11,66.39,evehicle,93.66,2026-01-01 01:26:01.500000
ev1,3.1,-E93,19264.05,-E11,65.96,evehicle,93.66,2026-01-01 01:26:02
ev1,3.1,-E93,19264.48,-E11,65.53,evehicle,93.66,2026-01-01 01:26:02.500000
ev1,3.06,-E93,19264.91,-E11,65.1,evehicle,93.66,2026-01-01 01:26:03
ev1,3.06,-E93,19265.33,-E11,64.68,evehicle,93.66,2026-01-01 01:26:03.500000
ev1,3.06,-E93,19265.76,-E11,64.25,evehicle,93.66,2026-01-01 01:26:04
ev1,3.06,-E93,19266.18,-E11,63.83,evehicle,93.66,2026-01-01 01:26:04.500000
ev1,3.02,-E93,19266.6,-E11,63.41,evehicle,93.66,2026-01-01 01:26:05
ev1,3.02,-E93,19267.02,-E11,62.99,evehicle,93.66,2026-01-01 01:26:05.500000
ev1,3.02,-E93,19267.44,-E11,62.57,evehicle,93.66,2026-01-01 01:26:06
ev1,2.99,-E93,19267.86,-E11,62.15,evehicle,93.66,2026-01-01 01:26:06.500000
ev1,2.99,-E93,19268.27,-E11,61.74,evehicle,93.66,2026-01-01 01:26:07
ev1,2.99,-E93,19268.69,-E11,61.32,evehicle,93.66,2026-01-01 01:26:07.500000
ev1,2.99,-E93,19269.1,-E11,60.91,evehicle,93.66,2026-01-01 01:26:08
ev1,2.95,-E93,19269.51,-E11,60.5,evehicle,93.66,2026-01-01 01:26:08.500000
ev1,2.95,-E93,19269.92,-E11,60.09,evehicle,93.66,2026-01-01 01:26:09
ev1,2.95,-E93,19270.33,-E11,59.68,evehicle,93.66,2026-01-01 01:26:09.500000
ev1,2.92,-E93,19270.74,-E11,59.27,evehicle,93.66,2026-01-01 01:26:10
ev1,2.92,-E93,19271.14,-E11,58.87,evehicle,93.66,2026-01-01 01:26:10.500000
ev1,2.92,-E93,19271.55,-E11,58.46,evehicle,93.66,2026-01-01 01:26:11
ev1,2.92,-E93,19271.95,-E11,58.06,evehicle,93.66,2026-01-01 01:26:11.500000
ev1,2.88,-E93,19272.35,-E11,57.66,evehicle,93.66,2026-01-01 01:26:12
ev1,2.88,-E93,19272.75,-E11,57.26,evehicle,93.66,2026-01-01 01:26:12.500000
ev1,2.88,-E93,19273.15,-E11,56.86,evehicle,93.66,2026-01-01 01:26:13
ev1,2.88,-E93,19273.55,-E11,56.46,evehicle,93.66,2026-01-01 01:26:13.500000
ev1,2.84,-E93,19273.95,-E11,56.06,evehicle,93.66,2026-01-01 01:26:14
ev1,2.84,-E93,19274.34,-E11,55.67,evehicle,93.66,2026-01-01 01:26:14.500000
ev1,2.84,-E93,19274.73,-E11,55.28,evehicle,93.66,2026-01-01 01:26:15
ev1,2.81,-E93,19275.13,-E11,54.88,evehicle,93.66,2026-01-01 01:26:15.500000
ev1,2.81,-E93,19275.52,-E11,54.49,evehicle,93.66,2026-01-01 01:26:16
ev1,2.81,-E93,19275.9,-E11,54.11,evehicle,93.66,2026-01-01 01:26:16.500000
ev1,2.81,-E93,19276.29,-E11,53.72,evehicle,93.66,2026-01-01 01:26:17
ev1,2.77,-E93,19276.68,-E11,53.33,evehicle,93.66,2026-01-01 01:26:17.500000
ev1,2.77,-E93,19277.06,-E11,52.95,evehicle,93.66,2026-01-01 01:26:18
ev1,2.77,-E93,19277.45,-E11,52.56,evehicle,93.66,2026-01-01 01:26:18.500000
ev1,2.74,-E93,19277.83,-E11,52.18,evehicle,93.66,2026-01-01 01:26:19
ev1,2.74,-E93,19278.21,-E11,51.8,evehicle,93.66,2026-01-01 01:26:19.500000
ev1,2.74,-E93,19278.59,-E11,51.42,evehicle,93.66,2026-01-01 01:26:20
ev1,2.74,-E93,19278.97,-E11,51.04,evehicle,93.66,2026-01-01 01:26:20.500000
ev1,2.7,-E93,19279.34,-E11,50.67,evehicle,93.66,2026-01-01 01:26:21
ev1,2.7,-E93,19279.72,-E11,50.29,evehicle,93.66,2026-01-01 01:26:21.500000
ev1,2.7,-E93,19280.09,-E11,49.92,evehicle,93.66,2026-01-01 01:26:22
ev1,2.66,-E93,19280.46,-E11,49.55,evehicle,93.66,2026-01-01 01:26:22.500000
ev1,2.66,-E93,19280.84,-E11,49.17,evehicle,93.66,2026-01-01 01:26:23
ev1,2.66,-E93,19281.21,-E11,48.8,evehicle,93.66,2026-01-01 01:26:23.500000
ev1,2.66,-E93,19281.57,-E11,48.44,evehicle,93.66,2026-01-01 01:26:24
ev1,2.63,-E93,19281.94,-E11,48.07,evehicle,93.66,2026-01-01 01:26:24.500000
ev1,2.63,-E93,19282.31,-E11,47.7,evehicle,93.66,2026-01-01 01:26:25
ev1,2.63,-E93,19282.67,-E11,47.34,evehicle,93.66,2026-01-01 01:26:25.500000
ev1,2.63,-E93,19283.03,-E11,46.98,evehicle,93.66,2026-01-01 01:26:26
ev1,2.59,-E93,19283.39,-E11,46.62,evehicle,93.66,2026-01-01 01:26:26.500000
ev1,2.59,-E93,19283.75,-E11,46.26,evehicle,93.66,2026-01-01 01:26:27
ev1,2.59,-E93,19284.11,-E11,45.9,evehicle,93.66,2026-01-01 01:26:27.500000
ev1,2.56,-E93,19284.47,-E11,45.54,evehicle,93.66,2026-01-01 01:26:28
ev1,2.56,-E93,19284.82,-E11,45.19,evehicle,93.66,2026-01-01 01:26:28.500000
ev1,2.56,-E93,19285.18,-E11,44.83,evehicle,93.66,2026-01-01 01:26:29
ev1,2.56,-E93,19285.53,-E11,44.48,evehicle,93.66,2026-01-01 01:26:29.500000
ev1,2.52,-E93,19285.88,-E11,44.13,evehicle,93.66,2026-01-01 01:26:30
ev1,2.52,-E93,19286.23,-E11,43.78,evehicle,93.66,2026-01-01 01:26:30.500000
ev1,2.52,-E93,19286.58,-E11,43.43,evehicle,93.66,2026-01-01 01:26:31
ev1,2.48,-E93,19286.93,-E11,43.08,evehicle,93.66,2026-01-01 01:26:31.500000
ev1,2.48,-E93,19287.27,-E11,42.74,evehicle,93.66,2026-01-01 01:26:32
ev1,2.48,-E93,19287.62,-E11,42.39,evehicle,93.66,2026-01-01 01:26:32.500000
ev1,2.48,-E93,19287.96,-E11,42.05,evehicle,93.66,2026-01-01 01:26:33
ev1,2.45,-E93,19288.3,-E11,41.71,evehicle,93.66,2026-01-01 01:26:33.500000
ev1,2.45,-E93,19288.64,-E11,41.37,evehicle,93.66,2026-01-01 01:26:34
ev1,2.45,-E93,19288.98,-E11,41.03,evehicle,93.66,2026-01-01 01:26:34.500000
ev1,2.41,-E93,19289.32,-E11,40.69,evehicle,93.66,2026-01-01 01:26:35
ev1,2.41,-E93,19289.65,-E11,40.36,evehicle,93.66,2026-01-01 01:26:35.500000
ev1,2.41,-E93,19289.99,-E11,40.02,evehicle,93.66,2026-01-01 01:26:36
ev1,2.41,-E93,19290.32,-E11,39.69,evehicle,93.66,2026-01-01 01:26:36.500000
ev1,2.38,-E93,19290.65,-E11,39.36,evehicle,93.66,2026-01-01 01:26:37
ev1,2.38,-E93,19290.98,-E11,39.03,evehicle,93.66,2026-01-01 01:26:37.500000
ev1,2.38,-E93,19291.31,-E11,38.7,evehicle,93.66,2026-01-01 01:26:38
ev1,2.38,-E93,19291.64,-E11,38.37,evehicle,93.66,2026-01-01 01:26:38.500000
ev1,2.34,-E93,19291.97,-E11,38.04,evehicle,93.66,2026-01-01 01:26:39
ev1,2.34,:J22_14,19291.97,-E11,38.04,evehicle,93.66,2026-01-01 01:26:39.500000
ev1,2.34,:J22_14,19291.97,-E11,38.04,evehicle,93.66,2026-01-01 01:26:40
ev1,2.3,:J22_14,19291.97,-E11,38.04,evehicle,93.66,2026-01-01 01:26:40.500000
ev1,2.3,:J22_14,19291.97,-E11,38.04,evehicle,93.66,2026-01-01 01:26:41
ev1,2.3,:J22_14,19291.97,-E11,38.04,evehicle,93.66,2026-01-01 01:26:41.500000
ev1,2.3,:J22_14,19291.97,-E11,38.04,evehicle,93.66,2026-01-01 01:26:42
ev1,2.27,:J22_14,19291.97,-E11,38.04,evehicle,93.66,2026-01-01 01:26:42.500000
ev1,2.27,:J22_14,19291.97,-E11,38.04,evehicle,93.66,2026-01-01 01:26:43
ev1,2.27,:J22_14,19291.97,-E11,38.04,evehicle,93.66,2026-01-01 01:26:43.500000
ev1,2.27,:J22_14,19291.97,-E11,38.04,evehicle,93.66,2026-01-01 01:26:44
ev1,2.23,:J22_14,19291.97,-E11,38.04,evehicle,93.66,2026-01-01 01:26:44.500000
ev1,2.23,:J22_14,19291.97,-E11,38.04,evehicle,93.66,2026-01-01 01:26:45
ev1,2.23,:J22_14,19291.97,-E11,38.04,evehicle,93.66,2026-01-01 01:26:45.500000
ev1,2.23,:J22_14,19291.97,-E11,38.04,evehicle,93.66,2026-01-01 01:26:46
ev1,2.2,:J22_14,19291.97,-E11,38.04,evehicle,93.66,2026-01-01 01:26:46.500000
ev1,2.2,:J22_14,19291.97,-E11,38.04,evehicle,93.66,2026-01-01 01:26:47
ev1,2.2,:J22_14,19291.97,-E11,38.04,evehicle,93.66,2026-01-01 01:26:47.500000
ev1,2.2,:J22_14,19291.97,-E11,38.04,evehicle,93.66,2026-01-01 01:26:48
ev1,2.16,:J22_14,19291.97,-E11,38.04,evehicle,93.66,2026-01-01 01:26:48.500000
ev1,2.16,:J22_14,19291.97,-E11,38.04,evehicle,93.66,2026-01-01 01:26:49
ev1,2.16,:J22_14,19291.97,-E11,38.04,evehicle,93.66,2026-01-01 01:26:49.500000
ev1,2.16,:J22_14,19291.97,-E11,38.04,evehicle,93.66,2026-01-01 01:26:50
ev1,2.12,:J22_14,19291.97,-E11,38.04,evehicle,93.66,2026-01-01 01:26:50.500000
ev1,2.12,:J22_14,19291.97,-E11,38.04,evehicle,93.66,2026-01-01 01:26:51
ev1,2.12,:J22_14,19291.97,-E11,38.04,evehicle,93.66,2026-01-01 01:26:51.500000
ev1,2.12,:J22_14,19291.97,-E11,38.04,evehicle,93.66,2026-01-01 01:26:52
ev1,2.09,:J22_14,19291.97,-E11,38.04,evehicle,93.66,2026-01-01 01:26:52.500000
ev1,2.09,:J22_14,19291.97,-E11,38.04,evehicle,93.66,2026-01-01 01:26:53
ev1,2.09,:J22_14,19291.97,-E11,38.04,evehicle,93.66,2026-01-01 01:26:53.500000
ev1,2.09,:J22_14,19291.97,-E11,38.04,evehicle,93.66,2026-01-01 01:26:54
ev1,2.09,:J22_14,19291.97,-E11,38.04,evehicle,93.66,2026-01-01 01:26:54.500000
ev1,2.05,:J22_14,19291.97,-E11,38.04,evehicle,93.66,2026-01-01 01:26:55
ev1,2.05,:J22_14,19291.97,-E11,38.04,evehicle,93.66,2026-01-01 01:26:55.500000
ev1,2.05,:J22_14,19291.97,-E11,38.04,evehicle,93.66,2026-01-01 01:26:56
ev1,2.05,:J22_14,19291.97,-E11,38.04,evehicle,93.66,2026-01-01 01:26:56.500000
ev1,2.02,:J22_14,19291.97,-E11,38.04,evehicle,93.66,2026-01-01 01:26:57
ev1,2.02,:J22_14,19291.97,-E11,38.04,evehicle,93.66,2026-01-01 01:26:57.500000
ev1,2.02,:J22_14,19291.97,-E11,38.04,evehicle,93.66,2026-01-01 01:26:58
ev1,2.02,:J22_14,19291.97,-E11,38.04,evehicle,93.66,2026-01-01 01:26:58.500000
ev1,2.02,:J22_14,19291.97,-E11,38.04,evehicle,93.66,2026-01-01 01:26:59
ev1,1.98,:J22_14,19291.97,-E11,38.04,evehicle,93.66,2026-01-01 01:26:59.500000
ev1,1.98,:J22_14,19291.97,-E11,38.04,evehicle,93.66,2026-01-01 01:27:00
ev1,1.98,:J22_14,19291.97,-E11,38.04,evehicle,93.66,2026-01-01 01:27:00.500000
ev1,1.98,:J22_14,19291.97,-E11,38.04,evehicle,93.66,2026-01-01 01:27:01
ev1,1.98,:J22_14,19291.97,-E11,38.04,evehicle,93.66,2026-01-01 01:27:01.500000
ev1,1.94,:J22_14,19291.97,-E11,38.04,evehicle,93.66,2026-01-01 01:27:02
ev1,1.94,:J22_14,19291.97,-E11,38.04,evehicle,93.66,2026-01-01 01:27:02.500000
ev1,1.94,-E11,19306.17,-E11,23.84,evehicle,93.66,2026-01-01 01:27:03
ev1,1.94,-E11,19306.44,-E11,23.57,evehicle,93.66,2026-01-01 01:27:03.500000
ev1,1.91,-E11,19306.7,-E11,23.31,evehicle,93.66,2026-01-01 01:27:04
ev1,1.91,-E11,19306.97,-E11,23.04,evehicle,93.66,2026-01-01 01:27:04.500000
ev1,1.91,-E11,19307.23,-E11,22.78,evehicle,93.66,2026-01-01 01:27:05
ev1,1.91,-E11,19307.5,-E11,22.51,evehicle,93.66,2026-01-01 01:27:05.500000
ev1,1.87,-E11,19307.76,-E11,22.25,evehicle,93.66,2026-01-01 01:27:06
ev1,1.87,-E11,19308.02,-E11,21.99,evehicle,93.66,2026-01-01 01:27:06.500000
ev1,1.87,-E11,19308.28,-E11,21.73,evehicle,93.66,2026-01-01 01:27:07
ev1,1.84,-E11,19308.53,-E11,21.48,evehicle,93.66,2026-01-01 01:27:07.500000
ev1,1.84,-E11,19308.79,-E11,21.22,evehicle,93.66,2026-01-01 01:27:08
ev1,1.84,-E11,19309.04,-E11,20.97,evehicle,93.66,2026-01-01 01:27:08.500000
ev1,1.8,-E11,19309.29,-E11,20.72,evehicle,93.66,2026-01-01 01:27:09
ev1,1.8,-E11,19309.54,-E11,20.47,evehicle,93.66,2026-01-01 01:27:09.500000
ev1,1.8,-E11,19309.79,-E11,20.22,evehicle,93.66,2026-01-01 01:27:10
ev1,1.76,-E11,19310.04,-E11,19.97,evehicle,93.66,2026-01-01 01:27:10.500000
ev1,1.76,-E11,19310.28,-E11,19.73,evehicle,93.66,2026-01-01 01:27:11
ev1,1.76,-E11,19310.53,-E11,19.48,evehicle,93.66,2026-01-01 01:27:11.500000
ev1,1.76,-E11,19310.77,-E11,19.24,evehicle,93.66,2026-01-01 01:27:12
ev1,1.73,-E11,19311.01,-E11,19.0,evehicle,93.66,2026-01-01 01:27:12.500000
ev1,1.73,-E11,19311.25,-E11,18.76,evehicle,93.66,2026-01-01 01:27:13
ev1,1.73,-E11,19311.49,-E11,18.52,evehicle,93.66,2026-01-01 01:27:13.500000
ev1,1.69,-E11,19311.73,-E11,18.28,evehicle,93.66,2026-01-01 01:27:14
ev1,1.69,-E11,19311.96,-E11,18.05,evehicle,93.66,2026-01-01 01:27:14.500000
ev1,1.69,-E11,19312.2,-E11,17.81,evehicle,93.66,2026-01-01 01:27:15
ev1,1.66,-E11,19312.43,-E11,17.58,evehicle,93.66,2026-01-01 01:27:15.500000
ev1,1.66,-E11,19312.66,-E11,17.35,evehicle,93.66,2026-01-01 01:27:16
ev1,1.66,-E11,19312.89,-E11,17.12,evehicle,93.66,2026-01-01 01:27:16.500000
ev1,1.62,-E11,19313.11,-E11,16.9,evehicle,93.66,2026-01-01 01:27:17
ev1,1.62,-E11,19313.34,-E11,16.67,evehicle,93.66,2026-01-01 01:27:17.500000
ev1,1.62,-E11,19313.56,-E11,16.45,evehicle,93.66,2026-01-01 01:27:18
ev1,1.62,-E11,19313.79,-E11,16.22,evehicle,93.66,2026-01-01 01:27:18.500000
ev1,1.58,-E11,19314.01,-E11,16.0,evehicle,93.66,2026-01-01 01:27:19
ev1,1.58,-E11,19314.23,-E11,15.78,evehicle,93.66,2026-01-01 01:27:19.500000
ev1,1.58,-E11,19314.45,-E11,15.56,evehicle,93.66,2026-01-01 01:27:20
ev1,1.55,-E11,19314.66,-E11,15.35,evehicle,93.66,2026-01-01 01:27:20.500000
ev1,1.55,-E11,19314.88,-E11,15.13,evehicle,93.66,2026-01-01 01:27:21
ev1,1.55,-E11,19315.09,-E11,14.92,evehicle,93.66,2026-01-01 01:27:21.500000
ev1,1.51,-E11,19315.3,-E11,14.71,evehicle,93.66,2026-01-01 01:27:22
ev1,1.51,-E11,19315.51,-E11,14.5,evehicle,93.66,2026-01-01 01:27:22.500000
ev1,1.51,-E11,19315.72,-E11,14.29,evehicle,93.66,2026-01-01 01:27:23
ev1,1.51,-E11,19315.93,-E11,14.08,evehicle,93.66,2026-01-01 01:27:23.500000
ev1,1.48,-E11,19316.14,-E11,13.87,evehicle,93.66,2026-01-01 01:27:24
ev1,1.48,-E11,19316.34,-E11,13.67,evehicle,93.66,2026-01-01 01:27:24.500000
ev1,1.48,-E11,19316.54,-E11,13.47,evehicle,93.66,2026-01-01 01:27:25
ev1,1.44,-E11,19316.75,-E11,13.26,evehicle,93.66,2026-01-01 01:27:25.500000
ev1,1.44,-E11,19316.95,-E11,13.06,evehicle,93.66,2026-01-01 01:27:26
ev1,1.44,-E11,19317.14,-E11,12.87,evehicle,93.66,2026-01-01 01:27:26.500000
ev1,1.4,-E11,19317.34,-E11,12.67,evehicle,93.66,2026-01-01 01:27:27
ev1,1.4,-E11,19317.54,-E11,12.47,evehicle,93.66,2026-01-01 01:27:27.500000
ev1,1.4,-E11,19317.73,-E11,12.28,evehicle,93.66,2026-01-01 01:27:28
ev1,1.37,-E11,19317.92,-E11,12.09,evehicle,93.66,2026-01-01 01:27:28.500000
ev1,1.37,-E11,19318.11,-E11,11.9,evehicle,93.66,2026-01-01 01:27:29
ev1,1.37,-E11,19318.3,-E11,11.71,evehicle,93.66,2026-01-01 01:27:29.500000
ev1,1.37,-E11,19318.49,-E11,11.52,evehicle,93.66,2026-01-01 01:27:30
ev1,1.33,-E11,19318.68,-E11,11.33,evehicle,93.66,2026-01-01 01:27:30.500000
ev1,1.33,-E11,19318.86,-E11,11.15,evehicle,93.66,2026-01-01 01:27:31
ev1,1.33,-E11,19319.04,-E11,10.97,evehicle,93.66,2026-01-01 01:27:31.500000
ev1,1.3,-E11,19319.23,-E11,10.78,evehicle,93.66,2026-01-01 01:27:32
ev1,1.3,-E11,19319.4,-E11,10.61,evehicle,93.66,2026-01-01 01:27:32.500000
ev1,1.3,-E11,19319.58,-E11,10.43,evehicle,93.66,2026-01-01 01:27:33
ev1,1.26,-E11,19319.76,-E11,10.25,evehicle,93.66,2026-01-01 01:27:33.500000
ev1,1.26,-E11,19319.94,-E11,10.07,evehicle,93.66,2026-01-01 01:27:34
ev1,1.26,-E11,19320.11,-E11,9.9,evehicle,93.66,2026-01-01 01:27:34.500000
ev1,0.0,-E11,19320.11,E164,923.15,evehicle,93.66,2026-01-01 01:27:35
ev1,0.0,-E11,19320.11,E164,923.15,evehicle,93.66,2026-01-01 01:27:35.500000
ev1,0.0,-E11,19320.11,E164,923.15,evehicle,93.66,2026-01-01 01:27:36
ev1,0.0,-E11,19320.11,E164,923.15,evehicle,93.66,2026-01-01 01:27:36.500000
ev1,0.0,-E11,19320.11,E164,923.15,evehicle,93.66,2026-01-01 01:27:37
ev1,0.0,-E11,19320.11,E164,923.15,evehicle,93.66,2026-01-01 01:27:37.500000
ev1,0.0,-E11,19320.11,E164,923.15,evehicle,93.66,2026-01-01 01:27:38
ev1,0.0,-E11,19320.11,E164,923.15,evehicle,93.66,2026-01-01 01:27:38.500000
ev1,0.0,-E11,19320.11,E164,923.15,evehicle,93.66,2026-01-01 01:27:39
ev1,0.0,-E11,19320.11,E164,923.15,evehicle,93.66,2026-01-01 01:27:39.500000
ev1,0.0,-E11,19320.11,E164,923.15,evehicle,93.66,2026-01-01 01:27:40
ev1,0.0,-E11,19320.11,E164,923.15,evehicle,93.66,2026-01-01 01:27:40.500000
ev1,0.0,-E11,19320.11,E164,923.15,evehicle,93.66,2026-01-01 01:27:41
ev1,0.0,-E11,19320.11,E164,923.15,evehicle,93.66,2026-01-01 01:27:41.500000
ev1,0.0,-E11,19320.11,E164,923.15,evehicle,93.66,2026-01-01 01:27:42
ev1,0.0,-E11,19320.11,E164,923.15,evehicle,93.66,2026-01-01 01:27:42.500000
ev1,0.0,-E11,19320.11,E164,923.15,evehicle,93.66,2026-01-01 01:27:43
ev1,0.0,-E11,19320.11,E164,923.15,evehicle,93.66,2026-01-01 01:27:43.500000
ev1,0.0,-E11,19320.11,E164,923.15,evehicle,93.66,2026-01-01 01:27:44
ev1,0.0,-E11,19320.11,E164,923.15,evehicle,93.66,2026-01-01 01:27:44.500000
ev1,0.0,-E11,19320.11,E164,923.15,evehicle,93.66,2026-01-01 01:27:45
ev1,0.0,-E11,19320.11,E164,923.15,evehicle,93.66,2026-01-01 01:27:45.500000
ev1,0.0,-E11,19320.11,E164,923.15,evehicle,93.66,2026-01-01 01:27:46
ev1,0.0,-E11,19320.11,E164,923.15,evehicle,93.66,2026-01-01 01:27:46.500000
ev1,0.0,-E11,19320.11,E164,923.15,evehicle,93.66,2026-01-01 01:27:47
ev1,0.0,-E11,19320.11,E164,923.15,evehicle,93.66,2026-01-01 01:27:47.500000
ev1,0.0,-E11,19320.11,E164,923.15,evehicle,93.66,2026-01-01 01:27:48
ev1,0.0,-E11,19320.11,E164,923.15,evehicle,93.66,2026-01-01 01:27:48.500000
ev1,0.0,-E11,19320.11,E164,923.15,evehicle,93.66,2026-01-01 01:27:49
ev1,0.0,-E11,19320.11,E164,923.15,evehicle,93.66,2026-01-01 01:27:49.500000
ev1,0.0,-E11,19320.11,E164,923.15,evehicle,93.66,2026-01-01 01:27:50
ev1,0.0,-E11,19320.11,E164,923.15,evehicle,93.66,2026-01-01 01:27:50.500000
ev1,0.0,-E11,19320.11,E164,923.15,evehicle,93.66,2026-01-01 01:27:51
ev1,0.0,-E11,19320.11,E164,923.15,evehicle,93.66,2026-01-01 01:27:51.500000
ev1,0.0,-E11,19320.11,E164,923.15,evehicle,93.66,2026-01-01 01:27:52
ev1,0.0,-E11,19320.11,E164,923.15,evehicle,93.66,2026-01-01 01:27:52.500000
ev1,0.0,-E11,19320.11,E164,923.15,evehicle,93.66,2026-01-01 01:27:53
ev1,0.0,-E11,19320.11,E164,923.15,evehicle,93.66,2026-01-01 01:27:53.500000
ev1,0.0,-E11,19320.11,E164,923.15,evehicle,93.66,2026-01-01 01:27:54
ev1,0.0,-E11,19320.11,E164,923.15,evehicle,93.66,2026-01-01 01:27:54.500000
ev1,0.0,-E11,19320.11,E164,923.15,evehicle,93.66,2026-01-01 01:27:55
ev1,0.0,-E11,19320.11,E164,923.15,evehicle,93.66,2026-01-01 01:27:55.500000
ev1,0.0,-E11,19320.11,E164,923.15,evehicle,93.66,2026-01-01 01:27:56
ev1,0.0,-E11,19320.11,E164,923.15,evehicle,93.66,2026-01-01 01:27:56.500000
ev1,0.0,-E11,19320.11,E164,923.15,evehicle,93.66,2026-01-01 01:27:57
ev1,0.0,-E11,19320.11,E164,923.15,evehicle,93.66,2026-01-01 01:27:57.500000
ev1,0.0,-E11,19320.11,E164,923.15,evehicle,93.66,2026-01-01 01:27:58
ev1,0.0,-E11,19320.11,E164,923.15,evehicle,93.66,2026-01-01 01:27:58.500000
ev1,0.0,-E11,19320.11,E164,923.15,evehicle,93.66,2026-01-01 01:27:59
ev1,0.0,-E11,19320.11,E164,923.15,evehicle,93.66,2026-01-01 01:27:59.500000
ev1,0.0,-E11,19320.11,E164,923.15,evehicle,93.66,2026-01-01 01:28:00
ev1,0.0,-E11,19320.11,E164,923.15,evehicle,93.66,2026-01-01 01:28:00.500000
ev1,0.0,-E11,19320.11,E164,923.15,evehicle,93.66,2026-01-01 01:28:01
ev1,0.0,-E11,19320.11,E164,923.15,evehicle,93.66,2026-01-01 01:28:01.500000
ev1,0.0,-E11,19320.11,E164,923.15,evehicle,93.66,2026-01-01 01:28:02
ev1,0.0,-E11,19320.11,E164,923.15,evehicle,93.66,2026-01-01 01:28:02.500000
ev1,0.0,-E11,19320.11,E164,923.15,evehicle,93.66,2026-01-01 01:28:03
ev1,0.0,-E11,19320.11,E164,923.15,evehicle,93.66,2026-01-01 01:28:03.500000
ev1,0.0,-E11,19320.11,E164,923.15,evehicle,93.66,2026-01-01 01:28:04
ev1,0.0,-E11,19320.11,E164,923.15,evehicle,93.66,2026-01-01 01:28:04.500000
ev1,0.0,-E11,19320.11,E164,923.15,evehicle,93.66,2026-01-01 01:28:05
ev1,0.0,-E11,19320.11,E164,923.15,evehicle,93.63,2026-01-01 01:28:05.500000
ev1,0.0,-E11,19320.11,E164,923.15,evehicle,93.63,2026-01-01 01:28:06
ev1,0.0,-E11,19320.11,E164,923.15,evehicle,93.63,2026-01-01 01:28:06.500000
ev1,0.0,-E11,19320.11,E164,923.15,evehicle,93.63,2026-01-01 01:28:07
ev1,0.0,-E11,19320.11,E164,923.15,evehicle,93.63,2026-01-01 01:28:07.500000
ev1,0.0,-E11,19320.11,E164,923.15,evehicle,93.63,2026-01-01 01:28:08
ev1,0.0,-E11,19320.11,E164,923.15,evehicle,93.63,2026-01-01 01:28:08.500000
ev1,0.0,-E11,19320.11,E164,923.15,evehicle,93.63,2026-01-01 01:28:09
ev1,0.0,-E11,19320.11,E164,923.15,evehicle,93.63,2026-01-01 01:28:09.500000
ev1,0.0,-E11,19320.11,E164,923.15,evehicle,93.63,2026-01-01 01:28:10
ev1,0.0,-E11,19320.11,E164,923.15,evehicle,93.63,2026-01-01 01:28:10.500000
ev1,0.0,-E11,19320.11,E164,923.15,evehicle,93.63,2026-01-01 01:28:11
ev1,0.0,-E11,19320.11,E164,923.15,evehicle,93.63,2026-01-01 01:28:11.500000
ev1,0.0,-E11,19320.11,E164,923.15,evehicle,93.63,2026-01-01 01:28:12
ev1,0.0,-E11,19320.11,E164,923.15,evehicle,93.63,2026-01-01 01:28:12.500000
ev1,0.0,-E11,19320.11,E164,923.15,evehicle,93.63,2026-01-01 01:28:13
ev1,0.0,-E11,19320.11,E164,923.15,evehicle,93.63,2026-01-01 01:28:13.500000
ev1,0.0,-E11,19320.11,E164,923.15,evehicle,93.63,2026-01-01 01:28:14
ev1,0.0,-E11,19320.11,E164,923.15,evehicle,93.63,2026-01-01 01:28:14.500000
ev1,0.0,-E11,19320.11,E164,923.15,evehicle,93.63,2026-01-01 01:28:15
ev1,0.0,-E11,19320.11,E164,923.15,evehicle,93.63,2026-01-01 01:28:15.500000
ev1,0.0,-E11,19320.11,E164,923.15,evehicle,93.63,2026-01-01 01:28:16
ev1,0.0,-E11,19320.11,E164,923.15,evehicle,93.63,2026-01-01 01:28:16.500000
ev1,0.0,-E11,19320.11,E164,923.15,evehicle,93.63,2026-01-01 01:28:17
ev1,0.0,-E11,19320.11,E164,923.15,evehicle,93.63,2026-01-01 01:28:17.500000
ev1,0.0,-E11,19320.11,E164,923.15,evehicle,93.63,2026-01-01 01:28:18
ev1,0.0,-E11,19320.11,E164,923.15,evehicle,93.63,2026-01-01 01:28:18.500000
ev1,0.0,-E11,19320.11,E164,923.15,evehicle,93.63,2026-01-01 01:28:19
ev1,0.0,-E11,19320.11,E164,923.15,evehicle,93.63,2026-01-01 01:28:19.500000
ev1,0.0,-E11,19320.11,E164,923.15,evehicle,93.63,2026-01-01 01:28:20
ev1,0.0,-E11,19320.11,E164,923.15,evehicle,93.63,2026-01-01 01:28:20.500000
ev1,0.0,-E11,19320.11,E164,923.15,evehicle,93.63,2026-01-01 01:28:21
ev1,0.0,-E11,19320.11,E164,923.15,evehicle,93.63,2026-01-01 01:28:21.500000
ev1,0.0,-E11,19320.11,E164,923.15,evehicle,93.63,2026-01-01 01:28:22
ev1,0.0,-E11,19320.11,E164,923.15,evehicle,93.63,2026-01-01 01:28:22.500000
ev1,0.0,-E11,19320.11,E164,923.15,evehicle,93.63,2026-01-01 01:28:23
ev1,0.0,-E11,19320.11,E164,923.15,evehicle,93.63,2026-01-01 01:28:23.500000
ev1,0.0,-E11,19320.11,E164,923.15,evehicle,93.63,2026-01-01 01:28:24
ev1,0.0,-E11,19320.11,E164,923.15,evehicle,93.63,2026-01-01 01:28:24.500000
ev1,0.0,-E11,19320.11,E164,923.15,evehicle,93.63,2026-01-01 01:28:25
ev1,0.0,-E11,19320.11,E164,923.15,evehicle,93.63,2026-01-01 01:28:25.500000
ev1,0.0,-E11,19320.11,E164,923.15,evehicle,93.63,2026-01-01 01:28:26
ev1,0.0,-E11,19320.11,E164,923.15,evehicle,93.63,2026-01-01 01:28:26.500000
ev1,0.0,-E11,19320.11,E164,923.15,evehicle,93.63,2026-01-01 01:28:27
ev1,0.0,-E11,19320.11,E164,923.15,evehicle,93.63,2026-01-01 01:28:27.500000
ev1,0.0,-E11,19320.11,E164,923.15,evehicle,93.63,2026-01-01 01:28:28
ev1,0.0,-E11,19320.11,E164,923.15,evehicle,93.63,2026-01-01 01:28:28.500000
ev1,0.0,-E11,19320.11,E164,923.15,evehicle,93.63,2026-01-01 01:28:29
ev1,0.0,-E11,19320.11,E164,923.15,evehicle,93.63,2026-01-01 01:28:29.500000
ev1,0.0,-E11,19320.11,E164,923.15,evehicle,93.63,2026-01-01 01:28:30
ev1,0.0,-E11,19320.11,E164,923.15,evehicle,93.63,2026-01-01 01:28:30.500000
ev1,0.0,-E11,19320.11,E164,923.15,evehicle,93.63,2026-01-01 01:28:31
ev1,0.0,-E11,19320.11,E164,923.15,evehicle,93.63,2026-01-01 01:28:31.500000
ev1,0.0,-E11,19320.11,E164,923.15,evehicle,93.63,2026-01-01 01:28:32
ev1,0.0,-E11,19320.11,E164,923.15,evehicle,93.63,2026-01-01 01:28:32.500000
ev1,0.0,-E11,19320.11,E164,923.15,evehicle,93.63,2026-01-01 01:28:33
ev1,0.0,-E11,19320.11,E164,923.15,evehicle,93.63,2026-01-01 01:28:33.500000
ev1,0.0,-E11,19320.11,E164,923.15,evehicle,93.63,2026-01-01 01:28:34
ev1,0.0,-E11,19320.11,E164,923.15,evehicle,93.63,2026-01-01 01:28:34.500000
ev1,0.0,-E11,19320.11,E164,923.15,evehicle,93.63,2026-01-01 01:28:35
ev1,4.61,-E11,19320.75,E164,922.51,evehicle,93.63,2026-01-01 01:28:35.500000
ev1,7.16,-E11,19321.75,E164,921.51,evehicle,93.63,2026-01-01 01:28:36
ev1,10.15,-E11,19323.16,E164,920.1,evehicle,93.63,2026-01-01 01:28:36.500000
ev1,14.15,-E11,19325.13,E164,918.13,evehicle,93.63,2026-01-01 01:28:37
ev1,18.04,-E11,19327.63,E164,915.63,evehicle,93.63,2026-01-01 01:28:37.500000
ev1,20.41,:J20_4,19327.63,E164,915.63,evehicle,93.6,2026-01-01 01:28:38
ev1,20.27,:J20_4,19327.63,E164,915.63,evehicle,93.6,2026-01-01 01:28:38.500000
ev1,20.88,:J20_4,19327.63,E164,915.63,evehicle,93.6,2026-01-01 01:28:39
ev1,20.09,:J20_4,19327.63,E164,915.63,evehicle,93.6,2026-01-01 01:28:39.500000
ev1,19.91,-E9,19341.74,E164,901.52,evehicle,93.6,2026-01-01 01:28:40
ev1,23.87,-E9,19345.05,E164,898.21,evehicle,93.6,2026-01-01 01:28:40.500000
ev1,28.55,-E9,19349.02,E164,894.24,evehicle,93.57,2026-01-01 01:28:41
ev1,32.83,-E9,19353.58,E164,889.68,evehicle,93.57,2026-01-01 01:28:41.500000
ev1,36.11,-E9,19358.59,E164,884.67,evehicle,93.54,2026-01-01 01:28:42
ev1,31.9,-E9,19363.02,E164,880.24,evehicle,93.57,2026-01-01 01:28:42.500000
ev1,24.23,-E9,19366.39,E164,876.87,evehicle,93.6,2026-01-01 01:28:43
ev1,17.5,-E9,19368.81,E164,874.45,evehicle,93.6,2026-01-01 01:28:43.500000
ev1,9.4,-E9,19370.12,E164,873.14,evehicle,93.63,2026-01-01 01:28:44
ev1,2.09,-E9,19370.41,E164,872.85,evehicle,93.63,2026-01-01 01:28:44.500000
ev1,0.22,-E9,19370.44,E164,872.82,evehicle,93.63,2026-01-01 01:28:45
ev1,0.0,-E9,19370.44,E164,872.82,evehicle,93.63,2026-01-01 01:28:45.500000
ev1,0.0,-E9,19370.44,E164,872.82,evehicle,93.63,2026-01-01 01:28:46
ev1,0.0,-E9,19370.44,E164,872.82,evehicle,93.63,2026-01-01 01:28:46.500000
ev1,0.0,-E9,19370.44,E164,872.82,evehicle,93.63,2026-01-01 01:28:47
ev1,0.0,-E9,19370.44,E164,872.82,evehicle,93.63,2026-01-01 01:28:47.500000
ev1,0.0,-E9,19370.44,E164,872.82,evehicle,93.63,2026-01-01 01:28:48
ev1,0.0,-E9,19370.44,E164,872.82,evehicle,93.63,2026-01-01 01:28:48.500000
ev1,0.0,-E9,19370.44,E164,872.82,evehicle,93.63,2026-01-01 01:28:49
ev1,0.0,-E9,19370.44,E164,872.82,evehicle,93.63,2026-01-01 01:28:49.500000
ev1,0.0,-E9,19370.44,E164,872.82,evehicle,93.63,2026-01-01 01:28:50
ev1,0.0,-E9,19370.44,E164,872.82,evehicle,93.63,2026-01-01 01:28:50.500000
ev1,0.0,-E9,19370.44,E164,872.82,evehicle,93.63,2026-01-01 01:28:51
ev1,0.0,-E9,19370.44,E164,872.82,evehicle,93.63,2026-01-01 01:28:51.500000
ev1,0.0,-E9,19370.44,E164,872.82,evehicle,93.63,2026-01-01 01:28:52
ev1,0.0,-E9,19370.44,E164,872.82,evehicle,93.63,2026-01-01 01:28:52.500000
ev1,0.0,-E9,19370.44,E164,872.82,evehicle,93.63,2026-01-01 01:28:53
ev1,0.0,-E9,19370.44,E164,872.82,evehicle,93.63,2026-01-01 01:28:53.500000
ev1,0.0,-E9,19370.44,E164,872.82,evehicle,93.63,2026-01-01 01:28:54
ev1,0.0,-E9,19370.44,E164,872.82,evehicle,93.63,2026-01-01 01:28:54.500000
ev1,0.0,-E9,19370.44,E164,872.82,evehicle,93.63,2026-01-01 01:28:55
ev1,0.0,-E9,19370.44,E164,872.82,evehicle,93.63,2026-01-01 01:28:55.500000
ev1,0.0,-E9,19370.44,E164,872.82,evehicle,93.63,2026-01-01 01:28:56
ev1,0.0,-E9,19370.44,E164,872.82,evehicle,93.63,2026-01-01 01:28:56.500000
ev1,0.0,-E9,19370.44,E164,872.82,evehicle,93.63,2026-01-01 01:28:57
ev1,0.0,-E9,19370.44,E164,872.82,evehicle,93.63,2026-01-01 01:28:57.500000
ev1,0.0,-E9,19370.44,E164,872.82,evehicle,93.63,2026-01-01 01:28:58
ev1,0.0,-E9,19370.44,E164,872.82,evehicle,93.63,2026-01-01 01:28:58.500000
ev1,0.0,-E9,19370.44,E164,872.82,evehicle,93.63,2026-01-01 01:28:59
ev1,0.0,-E9,19370.44,E164,872.82,evehicle,93.63,2026-01-01 01:28:59.500000
ev1,0.0,-E9,19370.44,E164,872.82,evehicle,93.63,2026-01-01 01:29:00
ev1,3.85,-E9,19370.97,E164,872.29,evehicle,93.63,2026-01-01 01:29:00.500000
ev1,6.8,:J7_1,19370.97,E164,872.29,evehicle,93.63,2026-01-01 01:29:01
ev1,10.33,:J7_1,19370.97,E164,872.29,evehicle,93.63,2026-01-01 01:29:01.500000
ev1,13.1,:J7_1,19370.97,E164,872.29,evehicle,93.6,2026-01-01 01:29:02
ev1,16.02,:J7_1,19370.97,E164,872.29,evehicle,93.6,2026-01-01 01:29:02.500000
ev1,18.4,:J7_1,19370.97,E164,872.29,evehicle,93.6,2026-01-01 01:29:03
ev1,22.9,:J7_1,19370.97,E164,872.29,evehicle,93.6,2026-01-01 01:29:03.500000
ev1,26.89,:J7_1,19370.97,E164,872.29,evehicle,93.57,2026-01-01 01:29:04
ev1,29.38,:J7_1,19370.97,E164,872.29,evehicle,93.57,2026-01-01 01:29:04.500000
ev1,33.26,-euler,19395.57,E164,847.69,evehicle,93.54,2026-01-01 01:29:05
ev1,36.25,-euler,19400.61,E164,842.65,evehicle,93.54,2026-01-01 01:29:05.500000
ev1,39.2,-euler,19406.05,E164,837.21,evehicle,93.51,2026-01-01 01:29:06
ev1,31.82,-euler,19410.48,E164,832.78,evehicle,93.54,2026-01-01 01:29:06.500000
ev1,24.41,-euler,19413.87,E164,829.39,evehicle,93.57,2026-01-01 01:29:07
ev1,29.09,-euler,19417.91,E164,825.35,evehicle,93.57,2026-01-01 01:29:07.500000
ev1,33.37,:J2_1,19417.91,E164,825.35,evehicle,93.54,2026-01-01 01:29:08
ev1,33.88,:J2_1,19417.91,E164,825.35,evehicle,93.54,2026-01-01 01:29:08.500000
ev1,35.06,:J2_1,19417.91,E164,825.35,evehicle,93.54,2026-01-01 01:29:09
ev1,35.35,:J2_1,19417.91,E164,825.35,evehicle,93.54,2026-01-01 01:29:09.500000
ev1,33.52,:J2_1,19417.91,E164,825.35,evehicle,93.54,2026-01-01 01:29:10
ev1,34.45,-joulesC,19446.46,E164,796.8,evehicle,93.54,2026-01-01 01:29:10.500000
ev1,38.45,-joulesC,19451.8,E164,791.46,evehicle,93.51,2026-01-01 01:29:11
ev1,41.29,-joulesC,19457.54,E164,785.72,evehicle,93.49,2026-01-01 01:29:11.500000
ev1,44.68,-joulesC,19463.74,E164,779.52,evehicle,93.49,2026-01-01 01:29:12
ev1,47.59,-joulesC,19470.36,E164,772.9,evehicle,93.46,2026-01-01 01:29:12.500000
ev1,51.05,-joulesC,19477.45,E164,765.81,evehicle,93.43,2026-01-01 01:29:13
ev1,55.69,-joulesC,19485.18,E164,758.08,evehicle,93.4,2026-01-01 01:29:13.500000
ev1,59.22,-joulesC,19493.4,E164,749.86,evehicle,93.37,2026-01-01 01:29:14
ev1,62.21,-joulesC,19502.04,E164,741.22,evehicle,93.37,2026-01-01 01:29:14.500000
ev1,64.66,-joulesC,19511.02,E164,732.24,evehicle,93.34,2026-01-01 01:29:15
ev1,67.93,-joulesC,19520.46,E164,722.8,evehicle,93.31,2026-01-01 01:29:15.500000
ev1,71.17,-joulesC,19530.35,E164,712.91,evehicle,93.29,2026-01-01 01:29:16
ev1,73.98,-joulesC,19540.62,E164,702.64,evehicle,93.26,2026-01-01 01:29:16.500000
ev1,77.69,-joulesC,19551.41,E164,691.85,evehicle,93.2,2026-01-01 01:29:17
ev1,81.68,-joulesC,19562.76,E164,680.5,evehicle,93.17,2026-01-01 01:29:17.500000
ev1,85.36,-joulesC,19574.62,E164,668.64,evehicle,93.14,2026-01-01 01:29:18
ev1,89.24,-joulesC,19587.01,E164,656.25,evehicle,93.09,2026-01-01 01:29:18.500000
ev1,93.35,-joulesC,19599.98,E164,643.28,evehicle,93.03,2026-01-01 01:29:19
ev1,96.66,-joulesC,19613.4,E164,629.86,evehicle,93.0,2026-01-01 01:29:19.500000
ev1,99.04,-joulesC,19627.16,E164,616.1,evehicle,92.97,2026-01-01 01:29:20
ev1,102.28,-joulesC,19641.36,E164,601.9,evehicle,92.91,2026-01-01 01:29:20.500000
ev1,105.19,-joulesC,19655.97,E164,587.29,evehicle,92.86,2026-01-01 01:29:21
ev1,109.66,-joulesC,19671.21,E164,572.05,evehicle,92.8,2026-01-01 01:29:21.500000
ev1,112.18,-joulesC,19686.79,E164,556.47,evehicle,92.77,2026-01-01 01:29:22
ev1,112.93,-joulesC,19702.47,E164,540.79,evehicle,92.74,2026-01-01 01:29:22.500000
ev1,112.36,-joulesC,19718.08,E164,525.18,evehicle,92.74,2026-01-01 01:29:23
ev1,113.33,-joulesC,19733.82,E164,509.44,evehicle,92.71,2026-01-01 01:29:23.500000
ev1,112.64,-joulesC,19749.46,E164,493.8,evehicle,92.71,2026-01-01 01:29:24
ev1,112.82,-joulesC,19765.13,E164,478.13,evehicle,92.71,2026-01-01 01:29:24.500000
ev1,113.4,-joulesC,19780.88,E164,462.38,evehicle,92.69,2026-01-01 01:29:25
ev1,113.44,-joulesC,19796.63,E164,446.63,evehicle,92.69,2026-01-01 01:29:25.500000
ev1,113.26,-joulesC,19812.37,E164,430.89,evehicle,92.69,2026-01-01 01:29:26
ev1,113.44,-joulesC,19828.12,E164,415.14,evehicle,92.66,2026-01-01 01:29:26.500000
ev1,112.72,-joulesC,19843.78,E164,399.48,evehicle,92.66,2026-01-01 01:29:27
ev1,112.46,-joulesC,19859.4,E164,383.86,evehicle,92.66,2026-01-01 01:29:27.500000
ev1,111.89,-joulesC,19874.94,E164,368.32,evehicle,92.66,2026-01-01 01:29:28
ev1,103.79,-joulesC,19889.35,E164,353.91,evehicle,92.74,2026-01-01 01:29:28.500000
ev1,95.69,-joulesC,19902.64,E164,340.62,evehicle,92.83,2026-01-01 01:29:29
ev1,87.59,-joulesC,19914.81,E164,328.45,evehicle,92.91,2026-01-01 01:29:29.500000
ev1,79.67,:J1_7,19914.81,E164,328.45,evehicle,92.97,2026-01-01 01:29:30
ev1,71.57,:J1_7,19914.81,E164,328.45,evehicle,93.03,2026-01-01 01:29:30.500000
ev1,63.47,-joulesD,19944.63,E164,298.63,evehicle,93.11,2026-01-01 01:29:31
ev1,55.37,-joulesD,19952.32,E164,290.94,evehicle,93.14,2026-01-01 01:29:31.500000
ev1,47.27,-joulesD,19958.89,E164,284.37,evehicle,93.2,2026-01-01 01:29:32
ev1,39.17,-joulesD,19964.33,E164,278.93,evehicle,93.23,2026-01-01 01:29:32.500000
ev1,31.75,-joulesD,19968.74,E164,274.52,evehicle,93.26,2026-01-01 01:29:33
ev1,23.83,-joulesD,19972.05,E164,271.21,evehicle,93.29,2026-01-01 01:29:33.500000
ev1,21.96,:J3_8,19972.05,E164,271.21,evehicle,93.29,2026-01-01 01:29:34
ev1,21.06,:J3_8,19972.05,E164,271.21,evehicle,93.29,2026-01-01 01:29:34.500000
ev1,20.48,:J3_8,19972.05,E164,271.21,evehicle,93.29,2026-01-01 01:29:35
ev1,19.98,newton,19983.64,E164,259.62,evehicle,93.29,2026-01-01 01:29:35.500000
ev1,22.97,newton,19986.83,E164,256.43,evehicle,93.29,2026-01-01 01:29:36
ev1,26.53,newton,19990.52,E164,252.74,evehicle,93.29,2026-01-01 01:29:36.500000
ev1,29.95,newton,19994.68,E164,248.58,evehicle,93.26,2026-01-01 01:29:37
ev1,34.24,newton,19999.44,E164,243.82,evehicle,93.23,2026-01-01 01:29:37.500000
ev1,29.56,newton,20003.54,E164,239.72,evehicle,93.26,2026-01-01 01:29:38
ev1,21.46,newton,20006.52,E164,236.74,evehicle,93.29,2026-01-01 01:29:38.500000
ev1,13.36,newton,20008.37,E164,234.89,evehicle,93.29,2026-01-01 01:29:39
ev1,7.06,newton,20009.36,E164,233.9,evehicle,93.31,2026-01-01 01:29:39.500000
ev1,0.29,newton,20009.39,E164,233.87,evehicle,93.31,2026-01-01 01:29:40
ev1,0.04,newton,20009.4,E164,233.86,evehicle,93.31,2026-01-01 01:29:40.500000
ev1,0.0,newton,20009.4,E164,233.86,evehicle,93.31,2026-01-01 01:29:41
ev1,0.0,newton,20009.4,E164,233.86,evehicle,93.31,2026-01-01 01:29:41.500000
ev1,0.0,newton,20009.4,E164,233.86,evehicle,93.31,2026-01-01 01:29:42
ev1,0.0,newton,20009.4,E164,233.86,evehicle,93.31,2026-01-01 01:29:42.500000
ev1,0.0,newton,20009.4,E164,233.86,evehicle,93.31,2026-01-01 01:29:43
ev1,0.0,newton,20009.4,E164,233.86,evehicle,93.31,2026-01-01 01:29:43.500000
ev1,0.0,newton,20009.4,E164,233.86,evehicle,93.31,2026-01-01 01:29:44
ev1,0.0,newton,20009.4,E164,233.86,evehicle,93.31,2026-01-01 01:29:44.500000
ev1,0.0,newton,20009.4,E164,233.86,evehicle,93.31,2026-01-01 01:29:45
ev1,0.0,newton,20009.4,E164,233.86,evehicle,93.31,2026-01-01 01:29:45.500000
ev1,0.0,newton,20009.4,E164,233.86,evehicle,93.31,2026-01-01 01:29:46
ev1,0.0,newton,20009.4,E164,233.86,evehicle,93.31,2026-01-01 01:29:46.500000
ev1,0.0,newton,20009.4,E164,233.86,evehicle,93.31,2026-01-01 01:29:47
ev1,0.0,newton,20009.4,E164,233.86,evehicle,93.31,2026-01-01 01:29:47.500000
ev1,0.0,newton,20009.4,E164,233.86,evehicle,93.31,2026-01-01 01:29:48
ev1,0.0,newton,20009.4,E164,233.86,evehicle,93.31,2026-01-01 01:29:48.500000
ev1,0.0,newton,20009.4,E164,233.86,evehicle,93.31,2026-01-01 01:29:49
ev1,0.0,newton,20009.4,E164,233.86,evehicle,93.31,2026-01-01 01:29:49.500000
ev1,0.0,newton,20009.4,E164,233.86,evehicle,93.31,2026-01-01 01:29:50
ev1,0.0,newton,20009.4,E164,233.86,evehicle,93.31,2026-01-01 01:29:50.500000
ev1,0.0,newton,20009.4,E164,233.86,evehicle,93.31,2026-01-01 01:29:51
ev1,0.0,newton,20009.4,E164,233.86,evehicle,93.31,2026-01-01 01:29:51.500000
ev1,0.0,newton,20009.4,E164,233.86,evehicle,93.31,2026-01-01 01:29:52
ev1,0.0,newton,20009.4,E164,233.86,evehicle,93.31,2026-01-01 01:29:52.500000
ev1,0.0,newton,20009.4,E164,233.86,evehicle,93.31,2026-01-01 01:29:53
ev1,0.0,newton,20009.4,E164,233.86,evehicle,93.31,2026-01-01 01:29:53.500000
ev1,0.0,newton,20009.4,E164,233.86,evehicle,93.31,2026-01-01 01:29:54
ev1,0.0,newton,20009.4,E164,233.86,evehicle,93.31,2026-01-01 01:29:54.500000
ev1,0.0,newton,20009.4,E164,233.86,evehicle,93.31,2026-01-01 01:29:55
ev1,0.0,newton,20009.4,E164,233.86,evehicle,93.31,2026-01-01 01:29:55.500000
ev1,0.0,newton,20009.4,E164,233.86,evehicle,93.31,2026-01-01 01:29:56
ev1,0.0,newton,20009.4,E164,233.86,evehicle,93.31,2026-01-01 01:29:56.500000
ev1,0.0,newton,20009.4,E164,233.86,evehicle,93.31,2026-01-01 01:29:57
ev1,0.0,newton,20009.4,E164,233.86,evehicle,93.31,2026-01-01 01:29:57.500000
ev1,0.0,newton,20009.4,E164,233.86,evehicle,93.31,2026-01-01 01:29:58
ev1,0.0,newton,20009.4,E164,233.86,evehicle,93.31,2026-01-01 01:29:58.500000
ev1,0.0,newton,20009.4,E164,233.86,evehicle,93.31,2026-01-01 01:29:59
ev1,0.0,newton,20009.4,E164,233.86,evehicle,93.31,2026-01-01 01:29:59.500000
ev1,0.0,newton,20009.4,E164,233.86,evehicle,93.31,2026-01-01 01:30:00
ev1,4.57,newton,20010.03,E164,233.23,evehicle,93.31,2026-01-01 01:30:00.500000
ev1,8.35,:J9_1,20010.03,E164,233.23,evehicle,93.31,2026-01-01 01:30:01
ev1,10.84,:J9_1,20010.03,E164,233.23,evehicle,93.29,2026-01-01 01:30:01.500000
ev1,13.25,:J9_1,20010.03,E164,233.23,evehicle,93.29,2026-01-01 01:30:02
ev1,16.63,:J9_1,20010.03,E164,233.23,evehicle,93.29,2026-01-01 01:30:02.500000
ev1,19.4,:J9_1,20010.03,E164,233.23,evehicle,93.29,2026-01-01 01:30:03
ev1,23.18,:J9_1,20010.03,E164,233.23,evehicle,93.26,2026-01-01 01:30:03.500000
ev1,27.14,E21,20026.54,E164,216.72,evehicle,93.26,2026-01-01 01:30:04
ev1,31.54,E21,20030.92,E164,212.34,evehicle,93.23,2026-01-01 01:30:04.500000
ev1,34.56,E21,20035.72,E164,207.54,evehicle,93.23,2026-01-01 01:30:05
ev1,39.2,E21,20041.16,E164,202.1,evehicle,93.2,2026-01-01 01:30:05.500000
ev1,43.31,E21,20047.17,E164,196.09,evehicle,93.2,2026-01-01 01:30:06
ev1,45.4,E21,20053.48,E164,189.78,evehicle,93.17,2026-01-01 01:30:06.500000
ev1,46.69,:J32_1,20053.48,E164,189.78,evehicle,93.17,2026-01-01 01:30:07
ev1,45.97,:J32_1,20053.48,E164,189.78,evehicle,93.17,2026-01-01 01:30:07.500000
ev1,46.3,:J32_1,20053.48,E164,189.78,evehicle,93.17,2026-01-01 01:30:08
ev1,45.43,E24,20079.09,E164,164.17,evehicle,93.17,2026-01-01 01:30:08.500000
ev1,46.55,E24,20085.56,E164,157.7,evehicle,93.17,2026-01-01 01:30:09
ev1,46.98,E24,20092.08,E164,151.18,evehicle,93.14,2026-01-01 01:30:09.500000
ev1,44.6,E24,20098.27,E164,144.99,evehicle,93.17,2026-01-01 01:30:10
ev1,38.41,E24,20103.61,E164,139.65,evehicle,93.2,2026-01-01 01:30:10.500000
ev1,30.31,E24,20107.82,E164,135.44,evehicle,93.23,2026-01-01 01:30:11
ev1,22.21,:J35_0,20107.82,E164,135.44,evehicle,93.26,2026-01-01 01:30:11.500000
ev1,21.96,:J35_0,20107.82,E164,135.44,evehicle,93.26,2026-01-01 01:30:12
ev1,21.71,:J35_0,20107.82,E164,135.44,evehicle,93.26,2026-01-01 01:30:12.500000
ev1,21.49,E26,20119.96,E164,123.3,evehicle,93.26,2026-01-01 01:30:13
ev1,21.24,E26,20122.91,E164,120.35,evehicle,93.26,2026-01-01 01:30:13.500000
ev1,20.95,E26,20125.82,E164,117.44,evehicle,93.26,2026-01-01 01:30:14
ev1,20.7,E26,20128.7,E164,114.56,evehicle,93.26,2026-01-01 01:30:14.500000
ev1,20.45,E26,20131.53,E164,111.73,evehicle,93.26,2026-01-01 01:30:15
ev1,20.2,E26,20134.34,E164,108.92,evehicle,93.26,2026-01-01 01:30:15.500000
ev1,19.91,E26,20137.1,E164,106.16,evehicle,93.26,2026-01-01 01:30:16
ev1,19.66,E26,20139.84,E164,103.42,evehicle,93.26,2026-01-01 01:30:16.500000
ev1,19.4,E26,20142.53,E164,100.73,evehicle,93.26,2026-01-01 01:30:17
ev1,19.15,E26,20145.19,E164,98.07,evehicle,93.26,2026-01-01 01:30:17.500000
ev1,18.9,E26,20147.81,E164,95.45,evehicle,93.26,2026-01-01 01:30:18
ev1,18.61,E26,20150.4,E164,92.86,evehicle,93.26,2026-01-01 01:30:18.500000
ev1,18.36,:J37_3,20150.4,E164,92.86,evehicle,93.26,2026-01-01 01:30:19
ev1,18.11,:J37_3,20150.4,E164,92.86,evehicle,93.26,2026-01-01 01:30:19.500000
ev1,17.86,:J37_3,20150.4,E164,92.86,evehicle,93.26,2026-01-01 01:30:20
ev1,17.64,:J37_3,20150.4,E164,92.86,evehicle,93.26,2026-01-01 01:30:20.500000
ev1,17.39,:J37_3,20150.4,E164,92.86,evehicle,93.26,2026-01-01 01:30:21
ev1,17.17,:J37_3,20150.4,E164,92.86,evehicle,93.26,2026-01-01 01:30:21.500000
ev1,16.96,-E55,20167.55,E164,75.71,evehicle,93.26,2026-01-01 01:30:22
ev1,16.7,-E55,20169.87,E164,73.39,evehicle,93.26,2026-01-01 01:30:22.500000
ev1,16.42,-E55,20172.15,E164,71.11,evehicle,93.26,2026-01-01 01:30:23
ev1,16.16,-E55,20174.39,E164,68.87,evehicle,93.26,2026-01-01 01:30:23.500000
ev1,15.91,-E55,20176.6,E164,66.66,evehicle,93.26,2026-01-01 01:30:24
ev1,15.62,-E55,20178.77,E164,64.49,evehicle,93.26,2026-01-01 01:30:24.500000
ev1,15.37,-E55,20180.91,E164,62.35,evehicle,93.26,2026-01-01 01:30:25
ev1,15.12,-E55,20183.01,E164,60.25,evehicle,93.26,2026-01-01 01:30:25.500000
ev1,14.83,-E55,20185.07,E164,58.19,evehicle,93.26,2026-01-01 01:30:26
ev1,14.58,-E55,20187.09,E164,56.17,evehicle,93.26,2026-01-01 01:30:26.500000
ev1,14.33,-E55,20189.08,E164,54.18,evehicle,93.26,2026-01-01 01:30:27
ev1,14.04,-E55,20191.03,E164,52.23,evehicle,93.26,2026-01-01 01:30:27.500000
ev1,13.79,-E55,20192.95,E164,50.31,evehicle,93.26,2026-01-01 01:30:28
ev1,13.54,-E55,20194.83,E164,48.43,evehicle,93.26,2026-01-01 01:30:28.500000
ev1,13.28,-E55,20196.67,E164,46.59,evehicle,93.26,2026-01-01 01:30:29
ev1,13.0,-E55,20198.48,E164,44.78,evehicle,93.26,2026-01-01 01:30:29.500000
ev1,12.74,-E55,20200.25,E164,43.01,evehicle,93.26,2026-01-01 01:30:30
ev1,12.49,:J62_2,20200.25,E164,43.01,evehicle,93.26,2026-01-01 01:30:30.500000
ev1,12.24,:J62_2,20200.25,E164,43.01,evehicle,93.26,2026-01-01 01:30:31
ev1,11.99,:J62_2,20200.25,E164,43.01,evehicle,93.26,2026-01-01 01:30:31.500000
ev1,11.77,:J62_2,20200.25,E164,43.01,evehicle,93.26,2026-01-01 01:30:32
ev1,11.52,:J62_2,20200.25,E164,43.01,evehicle,93.26,2026-01-01 01:30:32.500000
ev1,11.3,:J62_2,20200.25,E164,43.01,evehicle,93.26,2026-01-01 01:30:33
ev1,11.12,E164,20211.69,E164,31.57,evehicle,93.26,2026-01-01 01:30:33.500000
ev1,10.84,E164,20213.2,E164,30.06,evehicle,93.26,2026-01-01 01:30:34
ev1,10.58,E164,20214.67,E164,28.59,evehicle,93.26,2026-01-01 01:30:34.500000
ev1,10.3,E164,20216.1,E164,27.16,evehicle,93.26,2026-01-01 01:30:35
ev1,10.01,E164,20217.49,E164,25.77,evehicle,93.26,2026-01-01 01:30:35.500000
ev1,9.76,E164,20218.84,E164,24.42,evehicle,93.26,2026-01-01 01:30:36
ev1,9.47,E164,20220.16,E164,23.1,evehicle,93.26,2026-01-01 01:30:36.500000
ev1,9.22,E164,20221.44,E164,21.82,evehicle,93.26,2026-01-01 01:30:37
ev1,8.93,E164,20222.68,E164,20.58,evehicle,93.26,2026-01-01 01:30:37.500000
ev1,8.68,E164,20223.89,E164,19.37,evehicle,93.26,2026-01-01 01:30:38
ev1,8.39,E164,20225.05,E164,18.21,evehicle,93.26,2026-01-01 01:30:38.500000
ev1,8.14,E164,20226.18,E164,17.08,evehicle,93.26,2026-01-01 01:30:39
ev1,7.88,E164,20227.28,E164,15.98,evehicle,93.26,2026-01-01 01:30:39.500000
ev1,7.6,E164,20228.33,E164,14.93,evehicle,93.26,2026-01-01 01:30:40
ev1,7.34,E164,20229.35,E164,13.91,evehicle,93.26,2026-01-01 01:30:40.500000
ev1,7.06,E164,20230.33,E164,12.93,evehicle,93.26,2026-01-01 01:30:41
ev1,6.8,E164,20231.27,E164,11.99,evehicle,93.26,2026-01-01 01:30:41.500000
ev1,6.52,E164,20232.18,E164,11.08,evehicle,93.26,2026-01-01 01:30:42
ev1,6.26,E164,20233.05,E164,10.21,evehicle,93.26,2026-01-01 01:30:42.500000
ev1,5.98,E164,20233.88,E164,9.38,evehicle,93.26,2026-01-01 01:30:43
ev1,0.0,E164,20233.88,-E199,648.75,evehicle,93.26,2026-01-01 01:30:43.500000
ev1,0.0,E164,20233.88,-E199,648.75,evehicle,93.26,2026-01-01 01:30:44
ev1,0.0,E164,20233.88,-E199,648.75,evehicle,93.26,2026-01-01 01:30:44.500000
ev1,0.0,E164,20233.88,-E199,648.75,evehicle,93.26,2026-01-01 01:30:45
ev1,0.0,E164,20233.88,-E199,648.75,evehicle,93.26,2026-01-01 01:30:45.500000
ev1,0.0,E164,20233.88,-E199,648.75,evehicle,93.26,2026-01-01 01:30:46
ev1,0.0,E164,20233.88,-E199,648.75,evehicle,93.26,2026-01-01 01:30:46.500000
ev1,0.0,E164,20233.88,-E199,648.75,evehicle,93.26,2026-01-01 01:30:47
ev1,0.0,E164,20233.88,-E199,648.75,evehicle,93.26,2026-01-01 01:30:47.500000
ev1,0.0,E164,20233.88,-E199,648.75,evehicle,93.26,2026-01-01 01:30:48
ev1,0.0,E164,20233.88,-E199,648.75,evehicle,93.26,2026-01-01 01:30:48.500000
ev1,0.0,E164,20233.88,-E199,648.75,evehicle,93.26,2026-01-01 01:30:49
ev1,0.0,E164,20233.88,-E199,648.75,evehicle,93.26,2026-01-01 01:30:49.500000
ev1,0.0,E164,20233.88,-E199,648.75,evehicle,93.26,2026-01-01 01:30:50
ev1,0.0,E164,20233.88,-E199,648.75,evehicle,93.26,2026-01-01 01:30:50.500000
ev1,0.0,E164,20233.88,-E199,648.75,evehicle,93.26,2026-01-01 01:30:51
ev1,0.0,E164,20233.88,-E199,648.75,evehicle,93.26,2026-01-01 01:30:51.500000
ev1,0.0,E164,20233.88,-E199,648.75,evehicle,93.26,2026-01-01 01:30:52
ev1,0.0,E164,20233.88,-E199,648.75,evehicle,93.26,2026-01-01 01:30:52.500000
ev1,0.0,E164,20233.88,-E199,648.75,evehicle,93.26,2026-01-01 01:30:53
ev1,0.0,E164,20233.88,-E199,648.75,evehicle,93.26,2026-01-01 01:30:53.500000
ev1,0.0,E164,20233.88,-E199,648.75,evehicle,93.26,2026-01-01 01:30:54
ev1,0.0,E164,20233.88,-E199,648.75,evehicle,93.26,2026-01-01 01:30:54.500000
ev1,0.0,E164,20233.88,-E199,648.75,evehicle,93.26,2026-01-01 01:30:55
ev1,0.0,E164,20233.88,-E199,648.75,evehicle,93.26,2026-01-01 01:30:55.500000
ev1,0.0,E164,20233.88,-E199,648.75,evehicle,93.26,2026-01-01 01:30:56
ev1,0.0,E164,20233.88,-E199,648.75,evehicle,93.26,2026-01-01 01:30:56.500000
ev1,0.0,E164,20233.88,-E199,648.75,evehicle,93.26,2026-01-01 01:30:57
ev1,0.0,E164,20233.88,-E199,648.75,evehicle,93.26,2026-01-01 01:30:57.500000
ev1,0.0,E164,20233.88,-E199,648.75,evehicle,93.26,2026-01-01 01:30:58
ev1,0.0,E164,20233.88,-E199,648.75,evehicle,93.26,2026-01-01 01:30:58.500000
ev1,0.0,E164,20233.88,-E199,648.75,evehicle,93.26,2026-01-01 01:30:59
ev1,0.0,E164,20233.88,-E199,648.75,evehicle,93.26,2026-01-01 01:30:59.500000
ev1,0.0,E164,20233.88,-E199,648.75,evehicle,93.26,2026-01-01 01:31:00
ev1,0.0,E164,20233.88,-E199,648.75,evehicle,93.26,2026-01-01 01:31:00.500000
ev1,0.0,E164,20233.88,-E199,648.75,evehicle,93.26,2026-01-01 01:31:01
ev1,0.0,E164,20233.88,-E199,648.75,evehicle,93.26,2026-01-01 01:31:01.500000
ev1,0.0,E164,20233.88,-E199,648.75,evehicle,93.26,2026-01-01 01:31:02
ev1,0.0,E164,20233.88,-E199,648.75,evehicle,93.26,2026-01-01 01:31:02.500000
ev1,0.0,E164,20233.88,-E199,648.75,evehicle,93.26,2026-01-01 01:31:03
ev1,0.0,E164,20233.88,-E199,648.75,evehicle,93.26,2026-01-01 01:31:03.500000
ev1,0.0,E164,20233.88,-E199,648.75,evehicle,93.26,2026-01-01 01:31:04
ev1,0.0,E164,20233.88,-E199,648.75,evehicle,93.26,2026-01-01 01:31:04.500000
ev1,0.0,E164,20233.88,-E199,648.75,evehicle,93.26,2026-01-01 01:31:05
ev1,0.0,E164,20233.88,-E199,648.75,evehicle,93.26,2026-01-01 01:31:05.500000
ev1,0.0,E164,20233.88,-E199,648.75,evehicle,93.26,2026-01-01 01:31:06
ev1,0.0,E164,20233.88,-E199,648.75,evehicle,93.26,2026-01-01 01:31:06.500000
ev1,0.0,E164,20233.88,-E199,648.75,evehicle,93.26,2026-01-01 01:31:07
ev1,0.0,E164,20233.88,-E199,648.75,evehicle,93.26,2026-01-01 01:31:07.500000
ev1,0.0,E164,20233.88,-E199,648.75,evehicle,93.26,2026-01-01 01:31:08
ev1,0.0,E164,20233.88,-E199,648.75,evehicle,93.26,2026-01-01 01:31:08.500000
ev1,0.0,E164,20233.88,-E199,648.75,evehicle,93.26,2026-01-01 01:31:09
ev1,0.0,E164,20233.88,-E199,648.75,evehicle,93.26,2026-01-01 01:31:09.500000
ev1,0.0,E164,20233.88,-E199,648.75,evehicle,93.26,2026-01-01 01:31:10
ev1,0.0,E164,20233.88,-E199,648.75,evehicle,93.26,2026-01-01 01:31:10.500000
ev1,0.0,E164,20233.88,-E199,648.75,evehicle,93.26,2026-01-01 01:31:11
ev1,0.0,E164,20233.88,-E199,648.75,evehicle,93.26,2026-01-01 01:31:11.500000
ev1,0.0,E164,20233.88,-E199,648.75,evehicle,93.26,2026-01-01 01:31:12
ev1,0.0,E164,20233.88,-E199,648.75,evehicle,93.26,2026-01-01 01:31:12.500000
ev1,0.0,E164,20233.88,-E199,648.75,evehicle,93.26,2026-01-01 01:31:13
ev1,0.0,E164,20233.88,-E199,648.75,evehicle,93.26,2026-01-01 01:31:13.500000
ev1,0.0,E164,20233.88,-E199,648.75,evehicle,93.26,2026-01-01 01:31:14
ev1,0.0,E164,20233.88,-E199,648.75,evehicle,93.26,2026-01-01 01:31:14.500000
ev1,0.0,E164,20233.88,-E199,648.75,evehicle,93.26,2026-01-01 01:31:15
ev1,0.0,E164,20233.88,-E199,648.75,evehicle,93.26,2026-01-01 01:31:15.500000
ev1,0.0,E164,20233.88,-E199,648.75,evehicle,93.26,2026-01-01 01:31:16
ev1,0.0,E164,20233.88,-E199,648.75,evehicle,93.26,2026-01-01 01:31:16.500000
ev1,0.0,E164,20233.88,-E199,648.75,evehicle,93.26,2026-01-01 01:31:17
ev1,0.0,E164,20233.88,-E199,648.75,evehicle,93.26,2026-01-01 01:31:17.500000
ev1,0.0,E164,20233.88,-E199,648.75,evehicle,93.26,2026-01-01 01:31:18
ev1,0.0,E164,20233.88,-E199,648.75,evehicle,93.26,2026-01-01 01:31:18.500000
ev1,0.0,E164,20233.88,-E199,648.75,evehicle,93.26,2026-01-01 01:31:19
ev1,0.0,E164,20233.88,-E199,648.75,evehicle,93.26,2026-01-01 01:31:19.500000
ev1,0.0,E164,20233.88,-E199,648.75,evehicle,93.26,2026-01-01 01:31:20
ev1,0.0,E164,20233.88,-E199,648.75,evehicle,93.26,2026-01-01 01:31:20.500000
ev1,0.0,E164,20233.88,-E199,648.75,evehicle,93.26,2026-01-01 01:31:21
ev1,0.0,E164,20233.88,-E199,648.75,evehicle,93.26,2026-01-01 01:31:21.500000
ev1,0.0,E164,20233.88,-E199,648.75,evehicle,93.26,2026-01-01 01:31:22
ev1,0.0,E164,20233.88,-E199,648.75,evehicle,93.26,2026-01-01 01:31:22.500000
ev1,0.0,E164,20233.88,-E199,648.75,evehicle,93.26,2026-01-01 01:31:23
ev1,0.0,E164,20233.88,-E199,648.75,evehicle,93.26,2026-01-01 01:31:23.500000
ev1,0.0,E164,20233.88,-E199,648.75,evehicle,93.26,2026-01-01 01:31:24
ev1,0.0,E164,20233.88,-E199,648.75,evehicle,93.26,2026-01-01 01:31:24.500000
ev1,0.0,E164,20233.88,-E199,648.75,evehicle,93.26,2026-01-01 01:31:25
ev1,0.0,E164,20233.88,-E199,648.75,evehicle,93.26,2026-01-01 01:31:25.500000
ev1,0.0,E164,20233.88,-E199,648.75,evehicle,93.26,2026-01-01 01:31:26
ev1,0.0,E164,20233.88,-E199,648.75,evehicle,93.26,2026-01-01 01:31:26.500000
ev1,0.0,E164,20233.88,-E199,648.75,evehicle,93.26,2026-01-01 01:31:27
ev1,0.0,E164,20233.88,-E199,648.75,evehicle,93.26,2026-01-01 01:31:27.500000
ev1,0.0,E164,20233.88,-E199,648.75,evehicle,93.26,2026-01-01 01:31:28
ev1,0.0,E164,20233.88,-E199,648.75,evehicle,93.26,2026-01-01 01:31:28.500000
ev1,0.0,E164,20233.88,-E199,648.75,evehicle,93.26,2026-01-01 01:31:29
ev1,0.0,E164,20233.88,-E199,648.75,evehicle,93.26,2026-01-01 01:31:29.500000
ev1,0.0,E164,20233.88,-E199,648.75,evehicle,93.26,2026-01-01 01:31:30
ev1,0.0,E164,20233.88,-E199,648.75,evehicle,93.26,2026-01-01 01:31:30.500000
ev1,0.0,E164,20233.88,-E199,648.75,evehicle,93.26,2026-01-01 01:31:31
ev1,0.0,E164,20233.88,-E199,648.75,evehicle,93.26,2026-01-01 01:31:31.500000
ev1,0.0,E164,20233.88,-E199,648.75,evehicle,93.26,2026-01-01 01:31:32
ev1,0.0,E164,20233.88,-E199,648.75,evehicle,93.26,2026-01-01 01:31:32.500000
ev1,0.0,E164,20233.88,-E199,648.75,evehicle,93.26,2026-01-01 01:31:33
ev1,0.0,E164,20233.88,-E199,648.75,evehicle,93.26,2026-01-01 01:31:33.500000
ev1,0.0,E164,20233.88,-E199,648.75,evehicle,93.26,2026-01-01 01:31:34
ev1,0.0,E164,20233.88,-E199,648.75,evehicle,93.26,2026-01-01 01:31:34.500000
ev1,0.0,E164,20233.88,-E199,648.75,evehicle,93.26,2026-01-01 01:31:35
ev1,0.0,E164,20233.88,-E199,648.75,evehicle,93.26,2026-01-01 01:31:35.500000
ev1,0.0,E164,20233.88,-E199,648.75,evehicle,93.26,2026-01-01 01:31:36
ev1,0.0,E164,20233.88,-E199,648.75,evehicle,93.26,2026-01-01 01:31:36.500000
ev1,0.0,E164,20233.88,-E199,648.75,evehicle,93.26,2026-01-01 01:31:37
ev1,0.0,E164,20233.88,-E199,648.75,evehicle,93.26,2026-01-01 01:31:37.500000
ev1,0.0,E164,20233.88,-E199,648.75,evehicle,93.26,2026-01-01 01:31:38
ev1,0.0,E164,20233.88,-E199,648.75,evehicle,93.26,2026-01-01 01:31:38.500000
ev1,0.0,E164,20233.88,-E199,648.75,evehicle,93.26,2026-01-01 01:31:39
ev1,0.0,E164,20233.88,-E199,648.75,evehicle,93.26,2026-01-01 01:31:39.500000
ev1,0.0,E164,20233.88,-E199,648.75,evehicle,93.26,2026-01-01 01:31:40
ev1,0.0,E164,20233.88,-E199,648.75,evehicle,93.26,2026-01-01 01:31:40.500000
ev1,0.0,E164,20233.88,-E199,648.75,evehicle,93.26,2026-01-01 01:31:41
ev1,0.0,E164,20233.88,-E199,648.75,evehicle,93.26,2026-01-01 01:31:41.500000
ev1,0.0,E164,20233.88,-E199,648.75,evehicle,93.26,2026-01-01 01:31:42
ev1,0.0,E164,20233.88,-E199,648.75,evehicle,93.26,2026-01-01 01:31:42.500000
ev1,0.0,E164,20233.88,-E199,648.75,evehicle,93.26,2026-01-01 01:31:43
ev1,0.0,E164,20233.88,-E199,648.75,evehicle,93.26,2026-01-01 01:31:43.500000
ev1,3.96,E164,20234.43,-E199,648.2,evehicle,93.26,2026-01-01 01:31:44
ev1,8.21,E164,20235.57,-E199,647.06,evehicle,93.23,2026-01-01 01:31:44.500000
ev1,11.41,E164,20237.15,-E199,645.48,evehicle,93.23,2026-01-01 01:31:45
ev1,14.54,E164,20239.17,-E199,643.46,evehicle,93.23,2026-01-01 01:31:45.500000
ev1,19.22,E164,20241.84,-E199,640.79,evehicle,93.23,2026-01-01 01:31:46
ev1,20.7,:J58_7,20241.84,-E199,640.79,evehicle,93.23,2026-01-01 01:31:46.500000
ev1,20.27,:J58_7,20241.84,-E199,640.79,evehicle,93.23,2026-01-01 01:31:47
ev1,21.02,:J58_7,20241.84,-E199,640.79,evehicle,93.23,2026-01-01 01:31:47.500000
ev1,20.7,-E54,20253.33,-E199,629.3,evehicle,93.23,2026-01-01 01:31:48
ev1,25.27,-E54,20256.84,-E199,625.79,evehicle,93.2,2026-01-01 01:31:48.500000
ev1,28.62,-E54,20260.81,-E199,621.82,evehicle,93.2,2026-01-01 01:31:49
ev1,32.62,-E54,20265.34,-E199,617.29,evehicle,93.17,2026-01-01 01:31:49.500000
ev1,36.36,-E54,20270.39,-E199,612.24,evehicle,93.14,2026-01-01 01:31:50
ev1,39.56,-E54,20275.89,-E199,606.74,evehicle,93.14,2026-01-01 01:31:50.500000
ev1,42.08,-E54,20281.74,-E199,600.89,evehicle,93.11,2026-01-01 01:31:51
ev1,45.76,:J34_11,20281.74,-E199,600.89,evehicle,93.11,2026-01-01 01:31:51.500000
ev1,46.44,:J34_11,20281.74,-E199,600.89,evehicle,93.11,2026-01-01 01:31:52
ev1,45.97,:J34_11,20281.74,-E199,600.89,evehicle,93.11,2026-01-01 01:31:52.500000
ev1,46.12,-E23,20307.33,-E199,575.3,evehicle,93.11,2026-01-01 01:31:53
ev1,47.38,-E23,20313.91,-E199,568.72,evehicle,93.09,2026-01-01 01:31:53.500000
ev1,45.0,-E23,20320.16,-E199,562.47,evehicle,93.11,2026-01-01 01:31:54
ev1,36.9,-E23,20325.28,-E199,557.35,evehicle,93.14,2026-01-01 01:31:54.500000
ev1,28.8,-E23,20329.28,-E199,553.35,evehicle,93.17,2026-01-01 01:31:55
ev1,20.74,-E23,20332.16,-E199,550.47,evehicle,93.2,2026-01-01 01:31:55.500000
ev1,25.24,:J32_15,20332.16,-E199,550.47,evehicle,93.17,2026-01-01 01:31:56
ev1,28.62,:J32_15,20332.16,-E199,550.47,evehicle,93.17,2026-01-01 01:31:56.500000
ev1,30.56,:J32_15,20332.16,-E199,550.47,evehicle,93.17,2026-01-01 01:31:57
ev1,30.92,:J32_15,20332.16,-E199,550.47,evehicle,93.14,2026-01-01 01:31:57.500000
ev1,30.78,:J32_15,20332.16,-E199,550.47,evehicle,93.14,2026-01-01 01:31:58
ev1,29.92,-E21,20356.62,-E199,526.01,evehicle,93.14,2026-01-01 01:31:58.500000
ev1,33.88,-E21,20361.32,-E199,521.31,evehicle,93.14,2026-01-01 01:31:59
ev1,36.79,-E21,20366.43,-E199,516.2,evehicle,93.11,2026-01-01 01:31:59.500000
ev1,41.44,-E21,20372.18,-E199,510.45,evehicle,93.11,2026-01-01 01:32:00
ev1,46.01,-E21,20378.57,-E199,504.06,evehicle,93.09,2026-01-01 01:32:00.500000
ev1,45.79,-E21,20384.94,-E199,497.69,evehicle,93.09,2026-01-01 01:32:01
ev1,46.12,:J9_8,20384.94,-E199,497.69,evehicle,93.09,2026-01-01 01:32:01.500000
ev1,45.18,:J9_8,20384.94,-E199,497.69,evehicle,93.09,2026-01-01 01:32:02
ev1,45.18,-newton,20403.89,-E199,478.74,evehicle,93.09,2026-01-01 01:32:02.500000
ev1,47.05,-newton,20410.43,-E199,472.2,evehicle,93.06,2026-01-01 01:32:03
ev1,43.09,-newton,20416.41,-E199,466.22,evehicle,93.09,2026-01-01 01:32:03.500000
ev1,35.53,-newton,20421.35,-E199,461.28,evehicle,93.11,2026-01-01 01:32:04
ev1,27.43,-newton,20425.16,-E199,457.47,evehicle,93.14,2026-01-01 01:32:04.500000
ev1,19.33,-newton,20427.85,-E199,454.78,evehicle,93.17,2026-01-01 01:32:05
ev1,23.47,:J3_6,20427.85,-E199,454.78,evehicle,93.14,2026-01-01 01:32:05.500000
ev1,26.35,:J3_6,20427.85,-E199,454.78,evehicle,93.14,2026-01-01 01:32:06
ev1,29.74,:J3_6,20427.85,-E199,454.78,evehicle,93.14,2026-01-01 01:32:06.500000
ev1,33.26,:J3_6,20427.85,-E199,454.78,evehicle,93.11,2026-01-01 01:32:07
ev1,34.02,:J3_6,20427.85,-E199,454.78,evehicle,93.11,2026-01-01 01:32:07.500000
ev1,34.42,:J3_6,20427.85,-E199,454.78,evehicle,93.11,2026-01-01 01:32:08
ev1,33.95,joulesD,20457.73,-E199,424.9,evehicle,93.11,2026-01-01 01:32:08.500000
ev1,37.91,joulesD,20463.0,-E199,419.63,evehicle,93.09,2026-01-01 01:32:09
ev1,42.44,joulesD,20468.89,-E199,413.74,evehicle,93.06,2026-01-01 01:32:09.500000
ev1,44.24,joulesD,20475.04,-E199,407.59,evehicle,93.06,2026-01-01 01:32:10
ev1,36.14,joulesD,20480.06,-E199,402.57,evehicle,93.09,2026-01-01 01:32:10.500000
ev1,28.04,joulesD,20483.95,-E199,398.68,evehicle,93.11,2026-01-01 01:32:11
ev1,20.3,:J1_3,20483.95,-E199,398.68,evehicle,93.14,2026-01-01 01:32:11.500000
ev1,20.95,:J1_3,20483.95,-E199,398.68,evehicle,93.14,2026-01-01 01:32:12
ev1,21.31,:J1_3,20483.95,-E199,398.68,evehicle,93.14,2026-01-01 01:32:12.500000
ev1,20.2,maxwell,20495.44,-E199,387.19,evehicle,93.14,2026-01-01 01:32:13
ev1,24.84,maxwell,20498.89,-E199,383.74,evehicle,93.11,2026-01-01 01:32:13.500000
ev1,29.3,maxwell,20502.96,-E199,379.67,evehicle,93.11,2026-01-01 01:32:14
ev1,33.44,maxwell,20507.61,-E199,375.02,evehicle,93.09,2026-01-01 01:32:14.500000
ev1,29.27,maxwell,20511.67,-E199,370.96,evehicle,93.11,2026-01-01 01:32:15
ev1,22.72,maxwell,20514.83,-E199,367.8,evehicle,93.11,2026-01-01 01:32:15.500000
ev1,14.62,maxwell,20516.86,-E199,365.77,evehicle,93.14,2026-01-01 01:32:16
ev1,6.77,maxwell,20517.8,-E199,364.83,evehicle,93.14,2026-01-01 01:32:16.500000
ev1,1.4,maxwell,20517.99,-E199,364.64,evehicle,93.14,2026-01-01 01:32:17
ev1,0.04,maxwell,20518.0,-E199,364.63,evehicle,93.14,2026-01-01 01:32:17.500000
ev1,0.0,maxwell,20518.0,-E199,364.63,evehicle,93.14,2026-01-01 01:32:18
ev1,0.0,maxwell,20518.0,-E199,364.63,evehicle,93.14,2026-01-01 01:32:18.500000
ev1,0.0,maxwell,20518.0,-E199,364.63,evehicle,93.14,2026-01-01 01:32:19
ev1,0.0,maxwell,20518.0,-E199,364.63,evehicle,93.14,2026-01-01 01:32:19.500000
ev1,0.0,maxwell,20518.0,-E199,364.63,evehicle,93.14,2026-01-01 01:32:20
ev1,0.0,maxwell,20518.0,-E199,364.63,evehicle,93.14,2026-01-01 01:32:20.500000
ev1,0.0,maxwell,20518.0,-E199,364.63,evehicle,93.14,2026-01-01 01:32:21
ev1,0.0,maxwell,20518.0,-E199,364.63,evehicle,93.14,2026-01-01 01:32:21.500000
ev1,0.0,maxwell,20518.0,-E199,364.63,evehicle,93.14,2026-01-01 01:32:22
ev1,0.0,maxwell,20518.0,-E199,364.63,evehicle,93.14,2026-01-01 01:32:22.500000
ev1,0.0,maxwell,20518.0,-E199,364.63,evehicle,93.14,2026-01-01 01:32:23
ev1,0.0,maxwell,20518.0,-E199,364.63,evehicle,93.14,2026-01-01 01:32:23.500000
ev1,0.0,maxwell,20518.0,-E199,364.63,evehicle,93.14,2026-01-01 01:32:24
ev1,0.0,maxwell,20518.0,-E199,364.63,evehicle,93.14,2026-01-01 01:32:24.500000
ev1,0.0,maxwell,20518.0,-E199,364.63,evehicle,93.14,2026-01-01 01:32:25
ev1,0.0,maxwell,20518.0,-E199,364.63,evehicle,93.14,2026-01-01 01:32:25.500000
ev1,0.0,maxwell,20518.0,-E199,364.63,evehicle,93.14,2026-01-01 01:32:26
ev1,0.0,maxwell,20518.0,-E199,364.63,evehicle,93.14,2026-01-01 01:32:26.500000
ev1,0.0,maxwell,20518.0,-E199,364.63,evehicle,93.14,2026-01-01 01:32:27
ev1,0.0,maxwell,20518.0,-E199,364.63,evehicle,93.14,2026-01-01 01:32:27.500000
ev1,0.0,maxwell,20518.0,-E199,364.63,evehicle,93.14,2026-01-01 01:32:28
ev1,0.0,maxwell,20518.0,-E199,364.63,evehicle,93.14,2026-01-01 01:32:28.500000
ev1,0.0,maxwell,20518.0,-E199,364.63,evehicle,93.14,2026-01-01 01:32:29
ev1,0.0,maxwell,20518.0,-E199,364.63,evehicle,93.14,2026-01-01 01:32:29.500000
ev1,0.0,maxwell,20518.0,-E199,364.63,evehicle,93.14,2026-01-01 01:32:30
ev1,0.0,maxwell,20518.0,-E199,364.63,evehicle,93.14,2026-01-01 01:32:30.500000
ev1,0.0,maxwell,20518.0,-E199,364.63,evehicle,93.14,2026-01-01 01:32:31
ev1,0.0,maxwell,20518.0,-E199,364.63,evehicle,93.14,2026-01-01 01:32:31.500000
ev1,0.0,maxwell,20518.0,-E199,364.63,evehicle,93.14,2026-01-01 01:32:32
ev1,0.0,maxwell,20518.0,-E199,364.63,evehicle,93.14,2026-01-01 01:32:32.500000
ev1,0.0,maxwell,20518.0,-E199,364.63,evehicle,93.14,2026-01-01 01:32:33
ev1,0.0,maxwell,20518.0,-E199,364.63,evehicle,93.14,2026-01-01 01:32:33.500000
ev1,0.0,maxwell,20518.0,-E199,364.63,evehicle,93.14,2026-01-01 01:32:34
ev1,0.0,maxwell,20518.0,-E199,364.63,evehicle,93.14,2026-01-01 01:32:34.500000
ev1,0.0,maxwell,20518.0,-E199,364.63,evehicle,93.14,2026-01-01 01:32:35
ev1,0.0,maxwell,20518.0,-E199,364.63,evehicle,93.14,2026-01-01 01:32:35.500000
ev1,0.0,maxwell,20518.0,-E199,364.63,evehicle,93.14,2026-01-01 01:32:36
ev1,0.0,maxwell,20518.0,-E199,364.63,evehicle,93.14,2026-01-01 01:32:36.500000
ev1,0.0,maxwell,20518.0,-E199,364.63,evehicle,93.14,2026-01-01 01:32:37
ev1,0.0,maxwell,20518.0,-E199,364.63,evehicle,93.14,2026-01-01 01:32:37.500000
ev1,0.0,maxwell,20518.0,-E199,364.63,evehicle,93.14,2026-01-01 01:32:38
ev1,0.0,maxwell,20518.0,-E199,364.63,evehicle,93.14,2026-01-01 01:32:38.500000
ev1,0.0,maxwell,20518.0,-E199,364.63,evehicle,93.14,2026-01-01 01:32:39
ev1,0.0,maxwell,20518.0,-E199,364.63,evehicle,93.14,2026-01-01 01:32:39.500000
ev1,0.0,maxwell,20518.0,-E199,364.63,evehicle,93.14,2026-01-01 01:32:40
ev1,0.0,maxwell,20518.0,-E199,364.63,evehicle,93.14,2026-01-01 01:32:40.500000
ev1,0.0,maxwell,20518.0,-E199,364.63,evehicle,93.14,2026-01-01 01:32:41
ev1,0.0,maxwell,20518.0,-E199,364.63,evehicle,93.14,2026-01-01 01:32:41.500000
ev1,0.0,maxwell,20518.0,-E199,364.63,evehicle,93.14,2026-01-01 01:32:42
ev1,0.0,maxwell,20518.0,-E199,364.63,evehicle,93.14,2026-01-01 01:32:42.500000
ev1,0.0,maxwell,20518.0,-E199,364.63,evehicle,93.14,2026-01-01 01:32:43
ev1,0.0,maxwell,20518.0,-E199,364.63,evehicle,93.14,2026-01-01 01:32:43.500000
ev1,0.0,maxwell,20518.0,-E199,364.63,evehicle,93.14,2026-01-01 01:32:44
ev1,0.0,maxwell,20518.0,-E199,364.63,evehicle,93.14,2026-01-01 01:32:44.500000
ev1,0.0,maxwell,20518.0,-E199,364.63,evehicle,93.14,2026-01-01 01:32:45
ev1,0.0,maxwell,20518.0,-E199,364.63,evehicle,93.14,2026-01-01 01:32:45.500000
ev1,0.0,maxwell,20518.0,-E199,364.63,evehicle,93.14,2026-01-01 01:32:46
ev1,0.0,maxwell,20518.0,-E199,364.63,evehicle,93.14,2026-01-01 01:32:46.500000
ev1,0.0,maxwell,20518.0,-E199,364.63,evehicle,93.14,2026-01-01 01:32:47
ev1,0.0,maxwell,20518.0,-E199,364.63,evehicle,93.14,2026-01-01 01:32:47.500000
ev1,0.0,maxwell,20518.0,-E199,364.63,evehicle,93.14,2026-01-01 01:32:48
ev1,0.0,maxwell,20518.0,-E199,364.63,evehicle,93.14,2026-01-01 01:32:48.500000
ev1,0.0,maxwell,20518.0,-E199,364.63,evehicle,93.14,2026-01-01 01:32:49
ev1,0.0,maxwell,20518.0,-E199,364.63,evehicle,93.14,2026-01-01 01:32:49.500000
ev1,0.0,maxwell,20518.0,-E199,364.63,evehicle,93.14,2026-01-01 01:32:50
ev1,0.0,maxwell,20518.0,-E199,364.63,evehicle,93.14,2026-01-01 01:32:50.500000
ev1,0.0,maxwell,20518.0,-E199,364.63,evehicle,93.14,2026-01-01 01:32:51
ev1,0.0,maxwell,20518.0,-E199,364.63,evehicle,93.14,2026-01-01 01:32:51.500000
ev1,0.0,maxwell,20518.0,-E199,364.63,evehicle,93.14,2026-01-01 01:32:52
ev1,0.0,maxwell,20518.0,-E199,364.63,evehicle,93.14,2026-01-01 01:32:52.500000
ev1,0.0,maxwell,20518.0,-E199,364.63,evehicle,93.14,2026-01-01 01:32:53
ev1,0.0,maxwell,20518.0,-E199,364.63,evehicle,93.14,2026-01-01 01:32:53.500000
ev1,0.0,maxwell,20518.0,-E199,364.63,evehicle,93.14,2026-01-01 01:32:54
ev1,0.0,maxwell,20518.0,-E199,364.63,evehicle,93.14,2026-01-01 01:32:54.500000
ev1,0.0,maxwell,20518.0,-E199,364.63,evehicle,93.14,2026-01-01 01:32:55
ev1,0.0,maxwell,20518.0,-E199,364.63,evehicle,93.14,2026-01-01 01:32:55.500000
ev1,0.0,maxwell,20518.0,-E199,364.63,evehicle,93.14,2026-01-01 01:32:56
ev1,0.0,maxwell,20518.0,-E199,364.63,evehicle,93.14,2026-01-01 01:32:56.500000
ev1,0.0,maxwell,20518.0,-E199,364.63,evehicle,93.14,2026-01-01 01:32:57
ev1,0.0,maxwell,20518.0,-E199,364.63,evehicle,93.14,2026-01-01 01:32:57.500000
ev1,0.0,maxwell,20518.0,-E199,364.63,evehicle,93.14,2026-01-01 01:32:58
ev1,0.0,maxwell,20518.0,-E199,364.63,evehicle,93.14,2026-01-01 01:32:58.500000
ev1,0.0,maxwell,20518.0,-E199,364.63,evehicle,93.14,2026-01-01 01:32:59
ev1,0.0,maxwell,20518.0,-E199,364.63,evehicle,93.14,2026-01-01 01:32:59.500000
ev1,0.0,maxwell,20518.0,-E199,364.63,evehicle,93.14,2026-01-01 01:33:00
ev1,4.25,maxwell,20518.59,-E199,364.04,evehicle,93.14,2026-01-01 01:33:00.500000
ev1,8.24,:J8_9,20518.59,-E199,364.04,evehicle,93.14,2026-01-01 01:33:01
ev1,12.13,:J8_9,20518.59,-E199,364.04,evehicle,93.14,2026-01-01 01:33:01.500000
ev1,16.24,:J8_9,20518.59,-E199,364.04,evehicle,93.14,2026-01-01 01:33:02
ev1,19.4,:J8_9,20518.59,-E199,364.04,evehicle,93.11,2026-01-01 01:33:02.500000
ev1,22.61,:J8_9,20518.59,-E199,364.04,evehicle,93.11,2026-01-01 01:33:03
ev1,27.22,:J8_9,20518.59,-E199,364.04,evehicle,93.11,2026-01-01 01:33:03.500000
ev1,31.5,:J8_9,20518.59,-E199,364.04,evehicle,93.09,2026-01-01 01:33:04
ev1,35.35,E12,20542.58,-E199,340.05,evehicle,93.06,2026-01-01 01:33:04.500000
ev1,39.49,E12,20548.07,-E199,334.56,evehicle,93.06,2026-01-01 01:33:05
ev1,42.34,E12,20553.95,-E199,328.68,evehicle,93.03,2026-01-01 01:33:05.500000
ev1,46.8,E12,20560.44,-E199,322.19,evehicle,93.0,2026-01-01 01:33:06
ev1,44.17,E12,20566.58,-E199,316.05,evehicle,93.03,2026-01-01 01:33:06.500000
ev1,36.07,E12,20571.59,-E199,311.04,evehicle,93.06,2026-01-01 01:33:07
ev1,28.26,:J23_3,20571.59,-E199,311.04,evehicle,93.09,2026-01-01 01:33:07.500000
ev1,28.62,:J23_3,20571.59,-E199,311.04,evehicle,93.09,2026-01-01 01:33:08
ev1,28.91,:J23_3,20571.59,-E199,311.04,evehicle,93.09,2026-01-01 01:33:08.500000
ev1,28.04,:J23_3,20571.59,-E199,311.04,evehicle,93.09,2026-01-01 01:33:09
ev1,28.4,E14,20591.35,-E199,291.28,evehicle,93.09,2026-01-01 01:33:09.500000
ev1,32.18,E14,20595.82,-E199,286.81,evehicle,93.06,2026-01-01 01:33:10
ev1,35.42,E14,20600.74,-E199,281.89,evehicle,93.06,2026-01-01 01:33:10.500000
ev1,38.59,E14,20606.11,-E199,276.52,evehicle,93.03,2026-01-01 01:33:11
ev1,42.05,E14,20611.94,-E199,270.69,evehicle,93.03,2026-01-01 01:33:11.500000
ev1,46.58,:J25_11,20611.94,-E199,270.69,evehicle,93.0,2026-01-01 01:33:12
ev1,46.19,:J25_11,20611.94,-E199,270.69,evehicle,93.0,2026-01-01 01:33:12.500000
ev1,45.58,:J25_11,20611.94,-E199,270.69,evehicle,93.0,2026-01-01 01:33:13
ev1,47.41,:J25_11,20611.94,-E199,270.69,evehicle,92.97,2026-01-01 01:33:13.500000
ev1,45.76,E102,20644.1,-E199,238.53,evehicle,93.0,2026-01-01 01:33:14
ev1,45.65,E102,20650.44,-E199,232.19,evehicle,93.0,2026-01-01 01:33:14.500000
ev1,45.79,E102,20656.8,-E199,225.83,evehicle,92.97,2026-01-01 01:33:15
ev1,46.04,E102,20663.2,-E199,219.43,evehicle,92.97,2026-01-01 01:33:15.500000
ev1,46.48,E102,20669.65,-E199,212.98,evehicle,92.97,2026-01-01 01:33:16
ev1,46.84,E102,20676.16,-E199,206.47,evehicle,92.97,2026-01-01 01:33:16.500000
ev1,46.44,E102,20682.6,-E199,200.03,evehicle,92.97,2026-01-01 01:33:17
ev1,45.43,E102,20688.91,-E199,193.72,evehicle,92.97,2026-01-01 01:33:17.500000
ev1,46.37,E102,20695.36,-E199,187.27,evehicle,92.97,2026-01-01 01:33:18
ev1,43.42,E102,20701.39,-E199,181.24,evehicle,92.97,2026-01-01 01:33:18.500000
ev1,35.32,E102,20706.29,-E199,176.34,evehicle,93.03,2026-01-01 01:33:19
ev1,27.22,E102,20710.07,-E199,172.56,evehicle,93.06,2026-01-01 01:33:19.500000
ev1,19.12,E102,20712.73,-E199,169.9,evehicle,93.06,2026-01-01 01:33:20
ev1,23.36,:J69_10,20712.73,-E199,169.9,evehicle,93.06,2026-01-01 01:33:20.500000
ev1,27.4,:J69_10,20712.73,-E199,169.9,evehicle,93.06,2026-01-01 01:33:21
ev1,29.99,:J69_10,20712.73,-E199,169.9,evehicle,93.03,2026-01-01 01:33:21.500000
ev1,33.37,:J69_10,20712.73,-E199,169.9,evehicle,93.03,2026-01-01 01:33:22
ev1,36.94,:J69_10,20712.73,-E199,169.9,evehicle,93.0,2026-01-01 01:33:22.500000
ev1,40.72,:J69_10,20712.73,-E199,169.9,evehicle,92.97,2026-01-01 01:33:23
ev1,45.14,:J69_10,20712.73,-E199,169.9,evehicle,92.97,2026-01-01 01:33:23.500000
ev1,45.14,E200,20751.9,-E199,130.73,evehicle,92.97,2026-01-01 01:33:24
ev1,44.06,E200,20758.02,-E199,124.61,evehicle,92.97,2026-01-01 01:33:24.500000
ev1,42.98,E200,20763.99,-E199,118.64,evehicle,92.97,2026-01-01 01:33:25
ev1,41.9,E200,20769.81,-E199,112.82,evehicle,92.97,2026-01-01 01:33:25.500000
ev1,40.82,E200,20775.48,-E199,107.15,evehicle,92.97,2026-01-01 01:33:26
ev1,39.74,E200,20781.0,-E199,101.63,evehicle,92.97,2026-01-01 01:33:26.500000
ev1,38.66,:J138_4,20781.0,-E199,101.63,evehicle,92.97,2026-01-01 01:33:27
ev1,37.62,:J138_4,20781.0,-E199,101.63,evehicle,93.0,2026-01-01 01:33:27.500000
ev1,36.68,:J138_4,20781.0,-E199,101.63,evehicle,93.0,2026-01-01 01:33:28
ev1,35.75,-E209,20801.65,-E199,80.98,evehicle,93.0,2026-01-01 01:33:28.500000
ev1,34.67,-E209,20806.47,-E199,76.16,evehicle,93.0,2026-01-01 01:33:29
ev1,33.55,-E209,20811.13,-E199,71.5,evehicle,93.0,2026-01-01 01:33:29.500000
ev1,32.47,-E209,20815.64,-E199,66.99,evehicle,93.0,2026-01-01 01:33:30
ev1,31.36,-E209,20819.99,-E199,62.64,evehicle,93.0,2026-01-01 01:33:30.500000
ev1,30.28,-E209,20824.2,-E199,58.43,evehicle,93.0,2026-01-01 01:33:31
ev1,25.88,-E209,20827.79,-E199,54.84,evehicle,93.03,2026-01-01 01:33:31.500000
ev1,17.78,-E209,20830.26,-E199,52.37,evehicle,93.03,2026-01-01 01:33:32
ev1,9.68,-E209,20831.61,-E199,51.02,evehicle,93.06,2026-01-01 01:33:32.500000
ev1,1.58,-E209,20831.83,-E199,50.8,evehicle,93.06,2026-01-01 01:33:33
ev1,0.0,-E209,20831.83,-E199,50.8,evehicle,93.06,2026-01-01 01:33:33.500000
ev1,0.0,-E209,20831.83,-E199,50.8,evehicle,93.06,2026-01-01 01:33:34
ev1,0.0,-E209,20831.83,-E199,50.8,evehicle,93.06,2026-01-01 01:33:34.500000
ev1,0.0,-E209,20831.83,-E199,50.8,evehicle,93.06,2026-01-01 01:33:35
ev1,0.0,-E209,20831.83,-E199,50.8,evehicle,93.06,2026-01-01 01:33:35.500000
ev1,0.0,-E209,20831.83,-E199,50.8,evehicle,93.06,2026-01-01 01:33:36
ev1,0.0,-E209,20831.83,-E199,50.8,evehicle,93.06,2026-01-01 01:33:36.500000
ev1,0.0,-E209,20831.83,-E199,50.8,evehicle,93.06,2026-01-01 01:33:37
ev1,0.0,-E209,20831.83,-E199,50.8,evehicle,93.06,2026-01-01 01:33:37.500000
ev1,0.0,-E209,20831.83,-E199,50.8,evehicle,93.06,2026-01-01 01:33:38
ev1,0.0,-E209,20831.83,-E199,50.8,evehicle,93.06,2026-01-01 01:33:38.500000
ev1,0.0,-E209,20831.83,-E199,50.8,evehicle,93.06,2026-01-01 01:33:39
ev1,0.0,-E209,20831.83,-E199,50.8,evehicle,93.06,2026-01-01 01:33:39.500000
ev1,0.0,-E209,20831.83,-E199,50.8,evehicle,93.06,2026-01-01 01:33:40
ev1,0.0,-E209,20831.83,-E199,50.8,evehicle,93.06,2026-01-01 01:33:40.500000
ev1,0.0,-E209,20831.83,-E199,50.8,evehicle,93.06,2026-01-01 01:33:41
ev1,0.0,-E209,20831.83,-E199,50.8,evehicle,93.06,2026-01-01 01:33:41.500000
ev1,0.0,-E209,20831.83,-E199,50.8,evehicle,93.06,2026-01-01 01:33:42
ev1,0.0,-E209,20831.83,-E199,50.8,evehicle,93.06,2026-01-01 01:33:42.500000
ev1,0.0,-E209,20831.83,-E199,50.8,evehicle,93.06,2026-01-01 01:33:43
ev1,0.0,-E209,20831.83,-E199,50.8,evehicle,93.06,2026-01-01 01:33:43.500000
ev1,0.0,-E209,20831.83,-E199,50.8,evehicle,93.06,2026-01-01 01:33:44
ev1,0.0,-E209,20831.83,-E199,50.8,evehicle,93.06,2026-01-01 01:33:44.500000
ev1,0.0,-E209,20831.83,-E199,50.8,evehicle,93.06,2026-01-01 01:33:45
ev1,4.28,-E209,20832.43,-E199,50.2,evehicle,93.06,2026-01-01 01:33:45.500000
ev1,4.28,:J135_5,20832.43,-E199,50.2,evehicle,93.06,2026-01-01 01:33:46
ev1,4.25,:J135_5,20832.43,-E199,50.2,evehicle,93.06,2026-01-01 01:33:46.500000
ev1,4.21,:J135_5,20832.43,-E199,50.2,evehicle,93.06,2026-01-01 01:33:47
ev1,4.21,:J135_5,20832.43,-E199,50.2,evehicle,93.06,2026-01-01 01:33:47.500000
ev1,4.18,:J135_5,20832.43,-E199,50.2,evehicle,93.06,2026-01-01 01:33:48
ev1,4.14,:J135_5,20832.43,-E199,50.2,evehicle,93.06,2026-01-01 01:33:48.500000
ev1,4.14,:J135_5,20832.43,-E199,50.2,evehicle,93.06,2026-01-01 01:33:49
ev1,4.1,:J135_13,20832.43,-E199,50.2,evehicle,93.06,2026-01-01 01:33:49.500000
ev1,4.07,:J135_13,20832.43,-E199,50.2,evehicle,93.06,2026-01-01 01:33:50
ev1,4.07,:J135_13,20832.43,-E199,50.2,evehicle,93.06,2026-01-01 01:33:50.500000
ev1,4.03,:J135_13,20832.43,-E199,50.2,evehicle,93.06,2026-01-01 01:33:51
ev1,4.0,:J135_13,20832.43,-E199,50.2,evehicle,93.06,2026-01-01 01:33:51.500000
ev1,4.0,:J135_13,20832.43,-E199,50.2,evehicle,93.06,2026-01-01 01:33:52
ev1,3.96,:J135_13,20832.43,-E199,50.2,evehicle,93.06,2026-01-01 01:33:52.500000
ev1,3.96,:J135_13,20832.43,-E199,50.2,evehicle,93.06,2026-01-01 01:33:53
ev1,3.92,:J135_13,20832.43,-E199,50.2,evehicle,93.06,2026-01-01 01:33:53.500000
ev1,3.89,:J135_13,20832.43,-E199,50.2,evehicle,93.06,2026-01-01 01:33:54
ev1,3.89,:J135_13,20832.43,-E199,50.2,evehicle,93.06,2026-01-01 01:33:54.500000
ev1,3.85,:J135_13,20832.43,-E199,50.2,evehicle,93.06,2026-01-01 01:33:55
ev1,3.85,:J135_13,20832.43,-E199,50.2,evehicle,93.06,2026-01-01 01:33:55.500000
ev1,3.82,:J135_13,20832.43,-E199,50.2,evehicle,93.06,2026-01-01 01:33:56
ev1,3.82,:J135_13,20832.43,-E199,50.2,evehicle,93.06,2026-01-01 01:33:56.500000
ev1,3.78,:J135_13,20832.43,-E199,50.2,evehicle,93.06,2026-01-01 01:33:57
ev1,3.74,:J135_13,20832.43,-E199,50.2,evehicle,93.06,2026-01-01 01:33:57.500000
ev1,3.74,:J135_13,20832.43,-E199,50.2,evehicle,93.06,2026-01-01 01:33:58
ev1,3.71,:J135_13,20832.43,-E199,50.2,evehicle,93.06,2026-01-01 01:33:58.500000
ev1,3.71,-E199,20847.33,-E199,35.3,evehicle,93.06,2026-01-01 01:33:59
ev1,3.67,-E199,20847.84,-E199,34.79,evehicle,93.06,2026-01-01 01:33:59.500000
ev1,3.64,-E199,20848.34,-E199,34.29,evehicle,93.06,2026-01-01 01:34:00
ev1,3.64,-E199,20848.85,-E199,33.78,evehicle,93.06,2026-01-01 01:34:00.500000
ev1,3.6,-E199,20849.34,-E199,33.29,evehicle,93.06,2026-01-01 01:34:01
ev1,3.56,-E199,20849.84,-E199,32.79,evehicle,93.06,2026-01-01 01:34:01.500000
ev1,3.53,-E199,20850.33,-E199,32.3,evehicle,93.06,2026-01-01 01:34:02
ev1,3.53,-E199,20850.82,-E199,31.81,evehicle,93.06,2026-01-01 01:34:02.500000
ev1,3.49,-E199,20851.3,-E199,31.33,evehicle,93.06,2026-01-01 01:34:03
ev1,3.46,-E199,20851.78,-E199,30.85,evehicle,93.06,2026-01-01 01:34:03.500000
ev1,3.42,-E199,20852.26,-E199,30.37,evehicle,93.06,2026-01-01 01:34:04
ev1,3.42,-E199,20852.73,-E199,29.9,evehicle,93.06,2026-01-01 01:34:04.500000
ev1,3.38,-E199,20853.2,-E199,29.43,evehicle,93.06,2026-01-01 01:34:05
ev1,3.35,-E199,20853.67,-E199,28.96,evehicle,93.06,2026-01-01 01:34:05.500000
ev1,3.31,-E199,20854.13,-E199,28.5,evehicle,93.06,2026-01-01 01:34:06
ev1,3.31,-E199,20854.59,-E199,28.04,evehicle,93.06,2026-01-01 01:34:06.500000
ev1,3.28,-E199,20855.04,-E199,27.59,evehicle,93.06,2026-01-01 01:34:07
ev1,3.24,-E199,20855.49,-E199,27.14,evehicle,93.06,2026-01-01 01:34:07.500000
ev1,3.2,-E199,20855.94,-E199,26.69,evehicle,93.06,2026-01-01 01:34:08
ev1,3.2,-E199,20856.38,-E199,26.25,evehicle,93.06,2026-01-01 01:34:08.500000
ev1,3.17,-E199,20856.82,-E199,25.81,evehicle,93.06,2026-01-01 01:34:09
ev1,3.13,-E199,20857.25,-E199,25.38,evehicle,93.06,2026-01-01 01:34:09.500000
ev1,3.1,-E199,20857.69,-E199,24.94,evehicle,93.06,2026-01-01 01:34:10
ev1,3.1,-E199,20858.11,-E199,24.52,evehicle,93.06,2026-01-01 01:34:10.500000
ev1,3.06,-E199,20858.54,-E199,24.09,evehicle,93.06,2026-01-01 01:34:11
ev1,3.02,-E199,20858.96,-E199,23.67,evehicle,93.06,2026-01-01 01:34:11.500000
ev1,2.99,-E199,20859.38,-E199,23.25,evehicle,93.06,2026-01-01 01:34:12
ev1,2.99,-E199,20859.79,-E199,22.84,evehicle,93.06,2026-01-01 01:34:12.500000
ev1,2.95,-E199,20860.2,-E199,22.43,evehicle,93.06,2026-01-01 01:34:13
ev1,2.92,-E199,20860.6,-E199,22.03,evehicle,93.06,2026-01-01 01:34:13.500000
ev1,2.88,-E199,20861.0,-E199,21.63,evehicle,93.06,2026-01-01 01:34:14
ev1,2.88,-E199,20861.4,-E199,21.23,evehicle,93.06,2026-01-01 01:34:14.500000
ev1,2.84,-E199,20861.8,-E199,20.83,evehicle,93.06,2026-01-01 01:34:15
ev1,2.81,-E199,20862.19,-E199,20.44,evehicle,93.06,2026-01-01 01:34:15.500000
ev1,2.77,-E199,20862.57,-E199,20.06,evehicle,93.06,2026-01-01 01:34:16
ev1,2.77,-E199,20862.96,-E199,19.67,evehicle,93.06,2026-01-01 01:34:16.500000
ev1,2.74,-E199,20863.34,-E199,19.29,evehicle,93.06,2026-01-01 01:34:17
ev1,2.7,-E199,20863.71,-E199,18.92,evehicle,93.06,2026-01-01 01:34:17.500000
ev1,2.66,-E199,20864.08,-E199,18.55,evehicle,93.06,2026-01-01 01:34:18
ev1,2.66,-E199,20864.45,-E199,18.18,evehicle,93.06,2026-01-01 01:34:18.500000
ev1,2.63,-E199,20864.82,-E199,17.81,evehicle,93.06,2026-01-01 01:34:19
ev1,2.59,-E199,20865.18,-E199,17.45,evehicle,93.06,2026-01-01 01:34:19.500000
ev1,2.56,-E199,20865.53,-E199,17.1,evehicle,93.06,2026-01-01 01:34:20
ev1,2.56,-E199,20865.89,-E199,16.74,evehicle,93.06,2026-01-01 01:34:20.500000
ev1,2.52,-E199,20866.24,-E199,16.39,evehicle,93.06,2026-01-01 01:34:21
ev1,2.48,-E199,20866.58,-E199,16.05,evehicle,93.06,2026-01-01 01:34:21.500000
ev1,2.45,-E199,20866.92,-E199,15.71,evehicle,93.06,2026-01-01 01:34:22
ev1,2.45,-E199,20867.26,-E199,15.37,evehicle,93.06,2026-01-01 01:34:22.500000
ev1,2.41,-E199,20867.6,-E199,15.03,evehicle,93.06,2026-01-01 01:34:23
ev1,2.38,-E199,20867.93,-E199,14.7,evehicle,93.06,2026-01-01 01:34:23.500000
ev1,2.34,-E199,20868.26,-E199,14.37,evehicle,93.06,2026-01-01 01:34:24
ev1,2.34,-E199,20868.58,-E199,14.05,evehicle,93.06,2026-01-01 01:34:24.500000
ev1,2.3,-E199,20868.9,-E199,13.73,evehicle,93.06,2026-01-01 01:34:25
ev1,2.27,-E199,20869.21,-E199,13.42,evehicle,93.06,2026-01-01 01:34:25.500000
ev1,2.23,-E199,20869.53,-E199,13.1,evehicle,93.06,2026-01-01 01:34:26
ev1,2.23,-E199,20869.84,-E199,12.79,evehicle,93.06,2026-01-01 01:34:26.500000
ev1,2.2,-E199,20870.14,-E199,12.49,evehicle,93.06,2026-01-01 01:34:27
ev1,2.16,-E199,20870.44,-E199,12.19,evehicle,93.06,2026-01-01 01:34:27.500000
ev1,2.12,-E199,20870.74,-E199,11.89,evehicle,93.06,2026-01-01 01:34:28
ev1,2.12,-E199,20871.03,-E199,11.6,evehicle,93.06,2026-01-01 01:34:28.500000
ev1,2.09,-E199,20871.32,-E199,11.31,evehicle,93.06,2026-01-01 01:34:29
ev1,2.05,-E199,20871.61,-E199,11.02,evehicle,93.06,2026-01-01 01:34:29.500000
ev1,2.05,-E199,20871.89,-E199,10.74,evehicle,93.06,2026-01-01 01:34:30
ev1,2.02,-E199,20872.17,-E199,10.46,evehicle,93.06,2026-01-01 01:34:30.500000
ev1,1.98,-E199,20872.45,-E199,10.18,evehicle,93.06,2026-01-01 01:34:31
ev1,1.94,-E199,20872.72,-E199,9.91,evehicle,93.06,2026-01-01 01:34:31.500000
ev1,0.0,-E199,20872.72,E49,922.09,evehicle,93.06,2026-01-01 01:34:32
ev1,0.0,-E199,20872.72,E49,922.09,evehicle,93.06,2026-01-01 01:34:32.500000
ev1,0.0,-E199,20872.72,E49,922.09,evehicle,93.06,2026-01-01 01:34:33
ev1,0.0,-E199,20872.72,E49,922.09,evehicle,93.06,2026-01-01 01:34:33.500000
ev1,0.0,-E199,20872.72,E49,922.09,evehicle,93.06,2026-01-01 01:34:34
ev1,0.0,-E199,20872.72,E49,922.09,evehicle,93.06,2026-01-01 01:34:34.500000
ev1,0.0,-E199,20872.72,E49,922.09,evehicle,93.06,2026-01-01 01:34:35
ev1,0.0,-E199,20872.72,E49,922.09,evehicle,93.06,2026-01-01 01:34:35.500000
ev1,0.0,-E199,20872.72,E49,922.09,evehicle,93.06,2026-01-01 01:34:36
ev1,0.0,-E199,20872.72,E49,922.09,evehicle,93.06,2026-01-01 01:34:36.500000
ev1,0.0,-E199,20872.72,E49,922.09,evehicle,93.06,2026-01-01 01:34:37
ev1,0.0,-E199,20872.72,E49,922.09,evehicle,93.06,2026-01-01 01:34:37.500000
ev1,0.0,-E199,20872.72,E49,922.09,evehicle,93.06,2026-01-01 01:34:38
ev1,0.0,-E199,20872.72,E49,922.09,evehicle,93.06,2026-01-01 01:34:38.500000
ev1,0.0,-E199,20872.72,E49,922.09,evehicle,93.06,2026-01-01 01:34:39
ev1,0.0,-E199,20872.72,E49,922.09,evehicle,93.06,2026-01-01 01:34:39.500000
ev1,0.0,-E199,20872.72,E49,922.09,evehicle,93.06,2026-01-01 01:34:40
ev1,0.0,-E199,20872.72,E49,922.09,evehicle,93.06,2026-01-01 01:34:40.500000
ev1,0.0,-E199,20872.72,E49,922.09,evehicle,93.06,2026-01-01 01:34:41
ev1,0.0,-E199,20872.72,E49,922.09,evehicle,93.06,2026-01-01 01:34:41.500000
ev1,0.0,-E199,20872.72,E49,922.09,evehicle,93.06,2026-01-01 01:34:42
ev1,0.0,-E199,20872.72,E49,922.09,evehicle,93.06,2026-01-01 01:34:42.500000
ev1,0.0,-E199,20872.72,E49,922.09,evehicle,93.06,2026-01-01 01:34:43
ev1,0.0,-E199,20872.72,E49,922.09,evehicle,93.06,2026-01-01 01:34:43.500000
ev1,0.0,-E199,20872.72,E49,922.09,evehicle,93.06,2026-01-01 01:34:44
ev1,0.0,-E199,20872.72,E49,922.09,evehicle,93.06,2026-01-01 01:34:44.500000
ev1,0.0,-E199,20872.72,E49,922.09,evehicle,93.06,2026-01-01 01:34:45
ev1,0.0,-E199,20872.72,E49,922.09,evehicle,93.06,2026-01-01 01:34:45.500000
ev1,0.0,-E199,20872.72,E49,922.09,evehicle,93.06,2026-01-01 01:34:46
ev1,0.0,-E199,20872.72,E49,922.09,evehicle,93.06,2026-01-01 01:34:46.500000
ev1,0.0,-E199,20872.72,E49,922.09,evehicle,93.06,2026-01-01 01:34:47
ev1,0.0,-E199,20872.72,E49,922.09,evehicle,93.06,2026-01-01 01:34:47.500000
ev1,0.0,-E199,20872.72,E49,922.09,evehicle,93.06,2026-01-01 01:34:48
ev1,0.0,-E199,20872.72,E49,922.09,evehicle,93.06,2026-01-01 01:34:48.500000
ev1,0.0,-E199,20872.72,E49,922.09,evehicle,93.06,2026-01-01 01:34:49
ev1,0.0,-E199,20872.72,E49,922.09,evehicle,93.06,2026-01-01 01:34:49.500000
ev1,0.0,-E199,20872.72,E49,922.09,evehicle,93.06,2026-01-01 01:34:50
ev1,0.0,-E199,20872.72,E49,922.09,evehicle,93.06,2026-01-01 01:34:50.500000
ev1,0.0,-E199,20872.72,E49,922.09,evehicle,93.06,2026-01-01 01:34:51
ev1,0.0,-E199,20872.72,E49,922.09,evehicle,93.06,2026-01-01 01:34:51.500000
ev1,0.0,-E199,20872.72,E49,922.09,evehicle,93.06,2026-01-01 01:34:52
ev1,0.0,-E199,20872.72,E49,922.09,evehicle,93.06,2026-01-01 01:34:52.500000
ev1,0.0,-E199,20872.72,E49,922.09,evehicle,93.06,2026-01-01 01:34:53
ev1,0.0,-E199,20872.72,E49,922.09,evehicle,93.06,2026-01-01 01:34:53.500000
ev1,0.0,-E199,20872.72,E49,922.09,evehicle,93.06,2026-01-01 01:34:54
ev1,0.0,-E199,20872.72,E49,922.09,evehicle,93.06,2026-01-01 01:34:54.500000
ev1,0.0,-E199,20872.72,E49,922.09,evehicle,93.06,2026-01-01 01:34:55
ev1,0.0,-E199,20872.72,E49,922.09,evehicle,93.06,2026-01-01 01:34:55.500000
ev1,0.0,-E199,20872.72,E49,922.09,evehicle,93.06,2026-01-01 01:34:56
ev1,0.0,-E199,20872.72,E49,922.09,evehicle,93.06,2026-01-01 01:34:56.500000
ev1,0.0,-E199,20872.72,E49,922.09,evehicle,93.06,2026-01-01 01:34:57
ev1,0.0,-E199,20872.72,E49,922.09,evehicle,93.06,2026-01-01 01:34:57.500000
ev1,0.0,-E199,20872.72,E49,922.09,evehicle,93.06,2026-01-01 01:34:58
ev1,0.0,-E199,20872.72,E49,922.09,evehicle,93.06,2026-01-01 01:34:58.500000
ev1,0.0,-E199,20872.72,E49,922.09,evehicle,93.06,2026-01-01 01:34:59
ev1,0.0,-E199,20872.72,E49,922.09,evehicle,93.06,2026-01-01 01:34:59.500000
ev1,0.0,-E199,20872.72,E49,922.09,evehicle,93.06,2026-01-01 01:35:00
ev1,0.0,-E199,20872.72,E49,922.09,evehicle,93.06,2026-01-01 01:35:00.500000
ev1,0.0,-E199,20872.72,E49,922.09,evehicle,93.06,2026-01-01 01:35:01
ev1,0.0,-E199,20872.72,E49,922.09,evehicle,93.06,2026-01-01 01:35:01.500000
ev1,0.0,-E199,20872.72,E49,922.09,evehicle,93.06,2026-01-01 01:35:02
ev1,0.0,-E199,20872.72,E49,922.09,evehicle,93.06,2026-01-01 01:35:02.500000
ev1,0.0,-E199,20872.72,E49,922.09,evehicle,93.06,2026-01-01 01:35:03
ev1,0.0,-E199,20872.72,E49,922.09,evehicle,93.06,2026-01-01 01:35:03.500000
ev1,0.0,-E199,20872.72,E49,922.09,evehicle,93.06,2026-01-01 01:35:04
ev1,0.0,-E199,20872.72,E49,922.09,evehicle,93.06,2026-01-01 01:35:04.500000
ev1,0.0,-E199,20872.72,E49,922.09,evehicle,93.06,2026-01-01 01:35:05
ev1,0.0,-E199,20872.72,E49,922.09,evehicle,93.06,2026-01-01 01:35:05.500000
ev1,0.0,-E199,20872.72,E49,922.09,evehicle,93.06,2026-01-01 01:35:06
ev1,0.0,-E199,20872.72,E49,922.09,evehicle,93.06,2026-01-01 01:35:06.500000
ev1,0.0,-E199,20872.72,E49,922.09,evehicle,93.06,2026-01-01 01:35:07
ev1,0.0,-E199,20872.72,E49,922.09,evehicle,93.06,2026-01-01 01:35:07.500000
ev1,0.0,-E199,20872.72,E49,922.09,evehicle,93.06,2026-01-01 01:35:08
ev1,0.0,-E199,20872.72,E49,922.09,evehicle,93.06,2026-01-01 01:35:08.500000
ev1,0.0,-E199,20872.72,E49,922.09,evehicle,93.06,2026-01-01 01:35:09
ev1,0.0,-E199,20872.72,E49,922.09,evehicle,93.06,2026-01-01 01:35:09.500000
ev1,0.0,-E199,20872.72,E49,922.09,evehicle,93.06,2026-01-01 01:35:10
ev1,0.0,-E199,20872.72,E49,922.09,evehicle,93.06,2026-01-01 01:35:10.500000
ev1,0.0,-E199,20872.72,E49,922.09,evehicle,93.06,2026-01-01 01:35:11
ev1,0.0,-E199,20872.72,E49,922.09,evehicle,93.03,2026-01-01 01:35:11.500000
ev1,0.0,-E199,20872.72,E49,922.09,evehicle,93.03,2026-01-01 01:35:12
ev1,0.0,-E199,20872.72,E49,922.09,evehicle,93.03,2026-01-01 01:35:12.500000
ev1,0.0,-E199,20872.72,E49,922.09,evehicle,93.03,2026-01-01 01:35:13
ev1,0.0,-E199,20872.72,E49,922.09,evehicle,93.03,2026-01-01 01:35:13.500000
ev1,0.0,-E199,20872.72,E49,922.09,evehicle,93.03,2026-01-01 01:35:14
ev1,0.0,-E199,20872.72,E49,922.09,evehicle,93.03,2026-01-01 01:35:14.500000
ev1,0.0,-E199,20872.72,E49,922.09,evehicle,93.03,2026-01-01 01:35:15
ev1,0.0,-E199,20872.72,E49,922.09,evehicle,93.03,2026-01-01 01:35:15.500000
ev1,0.0,-E199,20872.72,E49,922.09,evehicle,93.03,2026-01-01 01:35:16
ev1,0.0,-E199,20872.72,E49,922.09,evehicle,93.03,2026-01-01 01:35:16.500000
ev1,0.0,-E199,20872.72,E49,922.09,evehicle,93.03,2026-01-01 01:35:17
ev1,0.0,-E199,20872.72,E49,922.09,evehicle,93.03,2026-01-01 01:35:17.500000
ev1,0.0,-E199,20872.72,E49,922.09,evehicle,93.03,2026-01-01 01:35:18
ev1,0.0,-E199,20872.72,E49,922.09,evehicle,93.03,2026-01-01 01:35:18.500000
ev1,0.0,-E199,20872.72,E49,922.09,evehicle,93.03,2026-01-01 01:35:19
ev1,0.0,-E199,20872.72,E49,922.09,evehicle,93.03,2026-01-01 01:35:19.500000
ev1,0.0,-E199,20872.72,E49,922.09,evehicle,93.03,2026-01-01 01:35:20
ev1,0.0,-E199,20872.72,E49,922.09,evehicle,93.03,2026-01-01 01:35:20.500000
ev1,0.0,-E199,20872.72,E49,922.09,evehicle,93.03,2026-01-01 01:35:21
ev1,0.0,-E199,20872.72,E49,922.09,evehicle,93.03,2026-01-01 01:35:21.500000
ev1,0.0,-E199,20872.72,E49,922.09,evehicle,93.03,2026-01-01 01:35:22
ev1,0.0,-E199,20872.72,E49,922.09,evehicle,93.03,2026-01-01 01:35:22.500000
ev1,0.0,-E199,20872.72,E49,922.09,evehicle,93.03,2026-01-01 01:35:23
ev1,0.0,-E199,20872.72,E49,922.09,evehicle,93.03,2026-01-01 01:35:23.500000
ev1,0.0,-E199,20872.72,E49,922.09,evehicle,93.03,2026-01-01 01:35:24
ev1,0.0,-E199,20872.72,E49,922.09,evehicle,93.03,2026-01-01 01:35:24.500000
ev1,0.0,-E199,20872.72,E49,922.09,evehicle,93.03,2026-01-01 01:35:25
ev1,0.0,-E199,20872.72,E49,922.09,evehicle,93.03,2026-01-01 01:35:25.500000
ev1,0.0,-E199,20872.72,E49,922.09,evehicle,93.03,2026-01-01 01:35:26
ev1,0.0,-E199,20872.72,E49,922.09,evehicle,93.03,2026-01-01 01:35:26.500000
ev1,0.0,-E199,20872.72,E49,922.09,evehicle,93.03,2026-01-01 01:35:27
ev1,0.0,-E199,20872.72,E49,922.09,evehicle,93.03,2026-01-01 01:35:27.500000
ev1,0.0,-E199,20872.72,E49,922.09,evehicle,93.03,2026-01-01 01:35:28
ev1,0.0,-E199,20872.72,E49,922.09,evehicle,93.03,2026-01-01 01:35:28.500000
ev1,0.0,-E199,20872.72,E49,922.09,evehicle,93.03,2026-01-01 01:35:29
ev1,0.0,-E199,20872.72,E49,922.09,evehicle,93.03,2026-01-01 01:35:29.500000
ev1,0.0,-E199,20872.72,E49,922.09,evehicle,93.03,2026-01-01 01:35:30
ev1,0.0,-E199,20872.72,E49,922.09,evehicle,93.03,2026-01-01 01:35:30.500000
ev1,0.0,-E199,20872.72,E49,922.09,evehicle,93.03,2026-01-01 01:35:31
ev1,0.0,-E199,20872.72,E49,922.09,evehicle,93.03,2026-01-01 01:35:31.500000
ev1,0.0,-E199,20872.72,E49,922.09,evehicle,93.03,2026-01-01 01:35:32
ev1,4.68,-E199,20873.37,E49,921.44,evehicle,93.03,2026-01-01 01:35:32.500000
ev1,7.38,-E199,20874.39,E49,920.42,evehicle,93.03,2026-01-01 01:35:33
ev1,10.3,-E199,20875.82,E49,918.99,evehicle,93.03,2026-01-01 01:35:33.500000
ev1,12.74,-E199,20877.59,E49,917.22,evehicle,93.03,2026-01-01 01:35:34
ev1,15.48,-E199,20879.74,E49,915.07,evehicle,93.03,2026-01-01 01:35:34.500000
ev1,20.16,-E199,20882.54,E49,912.27,evehicle,93.03,2026-01-01 01:35:35
ev1,23.65,:J137_1,20882.54,E49,912.27,evehicle,93.0,2026-01-01 01:35:35.500000
ev1,26.78,:J137_1,20882.54,E49,912.27,evehicle,93.0,2026-01-01 01:35:36
ev1,26.24,:J137_1,20882.54,E49,912.27,evehicle,93.0,2026-01-01 01:35:36.500000
ev1,25.81,:J137_1,20882.54,E49,912.27,evehicle,93.0,2026-01-01 01:35:37
ev1,26.5,E210,20900.46,E49,894.35,evehicle,93.0,2026-01-01 01:35:37.500000
ev1,30.64,E210,20904.71,E49,890.1,evehicle,92.97,2026-01-01 01:35:38
ev1,34.81,E210,20909.54,E49,885.27,evehicle,92.97,2026-01-01 01:35:38.500000
ev1,37.84,E210,20914.8,E49,880.01,evehicle,92.94,2026-01-01 01:35:39
ev1,42.37,E210,20920.68,E49,874.13,evehicle,92.91,2026-01-01 01:35:39.500000
ev1,46.66,E210,20927.16,E49,867.65,evehicle,92.89,2026-01-01 01:35:40
ev1,45.58,:J143_4,20927.16,E49,867.65,evehicle,92.91,2026-01-01 01:35:40.500000
ev1,45.5,:J143_4,20927.16,E49,867.65,evehicle,92.91,2026-01-01 01:35:41
ev1,46.84,:J143_4,20927.16,E49,867.65,evehicle,92.89,2026-01-01 01:35:41.500000
ev1,45.29,-E218,20952.61,E49,842.2,evehicle,92.89,2026-01-01 01:35:42
ev1,46.04,-E218,20959.01,E49,835.8,evehicle,92.89,2026-01-01 01:35:42.500000
ev1,47.05,-E218,20965.54,E49,829.27,evehicle,92.89,2026-01-01 01:35:43
ev1,45.43,-E218,20971.85,E49,822.96,evehicle,92.89,2026-01-01 01:35:43.500000
ev1,41.15,-E218,20977.56,E49,817.25,evehicle,92.91,2026-01-01 01:35:44
ev1,35.82,-E218,20982.54,E49,812.27,evehicle,92.94,2026-01-01 01:35:44.500000
ev1,27.72,-E218,20986.39,E49,808.42,evehicle,92.97,2026-01-01 01:35:45
ev1,19.62,:J147_1,20986.39,E49,808.42,evehicle,92.97,2026-01-01 01:35:45.500000
ev1,18.97,:J147_1,20986.39,E49,808.42,evehicle,92.97,2026-01-01 01:35:46
ev1,18.58,-E217,20994.34,E49,800.47,evehicle,92.97,2026-01-01 01:35:46.500000
ev1,22.14,-E217,20997.41,E49,797.4,evehicle,92.97,2026-01-01 01:35:47
ev1,25.52,-E217,21000.96,E49,793.85,evehicle,92.97,2026-01-01 01:35:47.500000
ev1,28.58,-E217,21004.92,E49,789.89,evehicle,92.94,2026-01-01 01:35:48
ev1,32.9,-E217,21009.5,E49,785.31,evehicle,92.94,2026-01-01 01:35:48.500000
ev1,36.18,-E217,21014.52,E49,780.29,evehicle,92.91,2026-01-01 01:35:49
ev1,34.49,-E217,21019.31,E49,775.5,evehicle,92.91,2026-01-01 01:35:49.500000
ev1,27.5,-E217,21023.13,E49,771.68,evehicle,92.94,2026-01-01 01:35:50
ev1,19.4,-E217,21025.82,E49,768.99,evehicle,92.97,2026-01-01 01:35:50.500000
ev1,22.68,:J69_12,21025.82,E49,768.99,evehicle,92.97,2026-01-01 01:35:51
ev1,25.63,:J69_12,21025.82,E49,768.99,evehicle,92.94,2026-01-01 01:35:51.500000
ev1,26.93,:J69_12,21025.82,E49,768.99,evehicle,92.94,2026-01-01 01:35:52
ev1,27.07,:J69_12,21025.82,E49,768.99,evehicle,92.94,2026-01-01 01:35:52.500000
ev1,27.0,:J69_12,21025.82,E49,768.99,evehicle,92.94,2026-01-01 01:35:53
ev1,25.88,:J69_12,21025.82,E49,768.99,evehicle,92.94,2026-01-01 01:35:53.500000
ev1,26.06,-E102,21051.0,E49,743.81,evehicle,92.94,2026-01-01 01:35:54
ev1,29.09,-E102,21055.04,E49,739.77,evehicle,92.94,2026-01-01 01:35:54.500000
ev1,33.08,-E102,21059.63,E49,735.18,evehicle,92.91,2026-01-01 01:35:55
ev1,35.68,-E102,21064.59,E49,730.22,evehicle,92.91,2026-01-01 01:35:55.500000
ev1,38.48,-E102,21069.94,E49,724.87,evehicle,92.89,2026-01-01 01:35:56
ev1,41.54,-E102,21075.71,E49,719.1,evehicle,92.89,2026-01-01 01:35:56.500000
ev1,45.9,-E102,21082.08,E49,712.73,evehicle,92.86,2026-01-01 01:35:57
ev1,46.8,-E102,21088.58,E49,706.23,evehicle,92.86,2026-01-01 01:35:57.500000
ev1,45.29,-E102,21094.87,E49,699.94,evehicle,92.86,2026-01-01 01:35:58
ev1,45.29,-E102,21101.16,E49,693.65,evehicle,92.86,2026-01-01 01:35:58.500000
ev1,45.58,-E102,21107.49,E49,687.32,evehicle,92.86,2026-01-01 01:35:59
ev1,46.08,-E102,21113.89,E49,680.92,evehicle,92.86,2026-01-01 01:35:59.500000
ev1,45.76,-E102,21120.24,E49,674.57,evehicle,92.86,2026-01-01 01:36:00
ev1,46.58,:J25_18,21120.24,E49,674.57,evehicle,92.83,2026-01-01 01:36:00.500000
ev1,46.33,:J25_18,21120.24,E49,674.57,evehicle,92.83,2026-01-01 01:36:01
ev1,47.09,:J25_18,21120.24,E49,674.57,evehicle,92.83,2026-01-01 01:36:01.500000
ev1,45.22,:J25_18,21120.24,E49,674.57,evehicle,92.83,2026-01-01 01:36:02
ev1,46.98,:J25_18,21120.24,E49,674.57,evehicle,92.83,2026-01-01 01:36:02.500000
ev1,45.43,-E14,21158.8,E49,636.01,evehicle,92.83,2026-01-01 01:36:03
ev1,45.9,-E14,21165.18,E49,629.63,evehicle,92.83,2026-01-01 01:36:03.500000
ev1,37.8,-E14,21170.43,E49,624.38,evehicle,92.86,2026-01-01 01:36:04
ev1,29.92,-E14,21174.58,E49,620.23,evehicle,92.89,2026-01-01 01:36:04.500000
ev1,22.21,:J23_4,21174.58,E49,620.23,evehicle,92.91,2026-01-01 01:36:05
ev1,20.45,:J23_4,21174.58,E49,620.23,evehicle,92.91,2026-01-01 01:36:05.500000
ev1,20.77,:J23_4,21174.58,E49,620.23,evehicle,92.91,2026-01-01 01:36:06
ev1,20.59,-E12,21186.25,E49,608.56,evehicle,92.91,2026-01-01 01:36:06.500000
ev1,24.84,-E12,21189.7,E49,605.11,evehicle,92.91,2026-01-01 01:36:07
ev1,28.08,-E12,21193.6,E49,601.21,evehicle,92.89,2026-01-01 01:36:07.500000
ev1,30.6,-E12,21197.85,E49,596.96,evehicle,92.89,2026-01-01 01:36:08
ev1,35.1,-E12,21202.73,E49,592.08,evehicle,92.86,2026-01-01 01:36:08.500000
ev1,37.98,-E12,21208.0,E49,586.81,evehicle,92.86,2026-01-01 01:36:09
ev1,41.36,-E12,21213.75,E49,581.06,evehicle,92.83,2026-01-01 01:36:09.500000
ev1,44.6,:J8_1,21213.75,E49,581.06,evehicle,92.83,2026-01-01 01:36:10
ev1,46.69,:J8_1,21213.75,E49,581.06,evehicle,92.8,2026-01-01 01:36:10.500000
ev1,46.98,:J8_1,21213.75,E49,581.06,evehicle,92.8,2026-01-01 01:36:11
ev1,45.83,:J8_1,21213.75,E49,581.06,evehicle,92.8,2026-01-01 01:36:11.500000
ev1,46.87,-maxwell,21245.82,E49,548.99,evehicle,92.8,2026-01-01 01:36:12
ev1,42.55,-maxwell,21251.73,E49,543.08,evehicle,92.83,2026-01-01 01:36:12.500000
ev1,34.45,-maxwell,21256.52,E49,538.29,evehicle,92.86,2026-01-01 01:36:13
ev1,27.61,-maxwell,21260.36,E49,534.45,evehicle,92.89,2026-01-01 01:36:13.500000
ev1,19.51,-maxwell,21263.07,E49,531.74,evehicle,92.89,2026-01-01 01:36:14
ev1,21.89,:J1_1,21263.07,E49,531.74,evehicle,92.89,2026-01-01 01:36:14.500000
ev1,26.03,:J1_1,21263.07,E49,531.74,evehicle,92.89,2026-01-01 01:36:15
ev1,29.2,:J1_1,21263.07,E49,531.74,evehicle,92.86,2026-01-01 01:36:15.500000
ev1,32.83,:J1_1,21263.07,E49,531.74,evehicle,92.86,2026-01-01 01:36:16
ev1,35.06,:J1_1,21263.07,E49,531.74,evehicle,92.83,2026-01-01 01:36:16.500000
ev1,33.98,:J1_1,21263.07,E49,531.74,evehicle,92.86,2026-01-01 01:36:17
ev1,33.41,-joulesD,21292.57,E49,502.24,evehicle,92.86,2026-01-01 01:36:17.500000
ev1,37.48,-joulesD,21297.78,E49,497.03,evehicle,92.83,2026-01-01 01:36:18
ev1,40.72,-joulesD,21303.43,E49,491.38,evehicle,92.8,2026-01-01 01:36:18.500000
ev1,45.11,-joulesD,21309.69,E49,485.12,evehicle,92.77,2026-01-01 01:36:19
ev1,37.12,-joulesD,21314.85,E49,479.96,evehicle,92.83,2026-01-01 01:36:19.500000
ev1,29.88,-joulesD,21319.0,E49,475.81,evehicle,92.86,2026-01-01 01:36:20
ev1,21.78,:J3_8,21319.0,E49,475.81,evehicle,92.86,2026-01-01 01:36:20.500000
ev1,20.45,:J3_8,21319.0,E49,475.81,evehicle,92.89,2026-01-01 01:36:21
ev1,22.0,:J3_8,21319.0,E49,475.81,evehicle,92.86,2026-01-01 01:36:21.500000
ev1,21.67,newton,21330.92,E49,463.89,evehicle,92.86,2026-01-01 01:36:22
ev1,25.06,newton,21334.4,E49,460.41,evehicle,92.86,2026-01-01 01:36:22.500000
ev1,29.05,newton,21338.44,E49,456.37,evehicle,92.83,2026-01-01 01:36:23
ev1,31.79,newton,21342.86,E49,451.95,evehicle,92.83,2026-01-01 01:36:23.500000
ev1,34.2,newton,21347.61,E49,447.2,evehicle,92.83,2026-01-01 01:36:24
ev1,36.61,newton,21352.69,E49,442.12,evehicle,92.8,2026-01-01 01:36:24.500000
ev1,40.43,:J9_1,21352.69,E49,442.12,evehicle,92.8,2026-01-01 01:36:25
ev1,44.46,:J9_1,21352.69,E49,442.12,evehicle,92.77,2026-01-01 01:36:25.500000
ev1,47.34,:J9_1,21352.69,E49,442.12,evehicle,92.74,2026-01-01 01:36:26
ev1,46.01,E21,21377.44,E49,417.37,evehicle,92.77,2026-01-01 01:36:26.500000
ev1,46.01,E21,21383.83,E49,410.98,evehicle,92.74,2026-01-01 01:36:27
ev1,46.76,E21,21390.32,E49,404.49,evehicle,92.74,2026-01-01 01:36:27.500000
ev1,40.28,E21,21395.92,E49,398.89,evehicle,92.77,2026-01-01 01:36:28
ev1,32.72,E21,21400.46,E49,394.35,evehicle,92.8,2026-01-01 01:36:28.500000
ev1,25.99,E21,21404.07,E49,390.74,evehicle,92.83,2026-01-01 01:36:29
ev1,20.66,:J32_0,21404.07,E49,390.74,evehicle,92.86,2026-01-01 01:36:29.500000
ev1,20.34,:J32_0,21404.07,E49,390.74,evehicle,92.86,2026-01-01 01:36:30
ev1,22.21,:J32_0,21404.07,E49,390.74,evehicle,92.83,2026-01-01 01:36:30.500000
ev1,22.0,E23,21415.91,E49,378.9,evehicle,92.83,2026-01-01 01:36:31
ev1,24.73,E23,21419.34,E49,375.47,evehicle,92.83,2026-01-01 01:36:31.500000
ev1,29.27,E23,21423.41,E49,371.4,evehicle,92.83,2026-01-01 01:36:32
ev1,33.88,E23,21428.11,E49,366.7,evehicle,92.8,2026-01-01 01:36:32.500000
ev1,37.08,E23,21433.26,E49,361.55,evehicle,92.77,2026-01-01 01:36:33
ev1,40.39,E23,21438.87,E49,355.94,evehicle,92.77,2026-01-01 01:36:33.500000
ev1,43.42,E23,21444.9,E49,349.91,evehicle,92.74,2026-01-01 01:36:34
ev1,46.51,:J34_4,21444.9,E49,349.91,evehicle,92.74,2026-01-01 01:36:34.500000
ev1,45.68,:J34_4,21444.9,E49,349.91,evehicle,92.74,2026-01-01 01:36:35
ev1,45.58,E54,21464.03,E49,330.78,evehicle,92.74,2026-01-01 01:36:35.500000
ev1,46.94,E54,21470.56,E49,324.25,evehicle,92.71,2026-01-01 01:36:36
ev1,46.58,E54,21477.02,E49,317.79,evehicle,92.71,2026-01-01 01:36:36.500000
ev1,46.08,E54,21483.42,E49,311.39,evehicle,92.71,2026-01-01 01:36:37
ev1,45.32,E54,21489.72,E49,305.09,evehicle,92.74,2026-01-01 01:36:37.500000
ev1,46.22,:J58_4,21489.72,E49,305.09,evehicle,92.71,2026-01-01 01:36:38
ev1,45.32,:J58_4,21489.72,E49,305.09,evehicle,92.71,2026-01-01 01:36:38.500000
ev1,45.68,:J58_4,21489.72,E49,305.09,evehicle,92.71,2026-01-01 01:36:39
ev1,45.68,-E48,21515.13,E49,279.68,evehicle,92.71,2026-01-01 01:36:39.500000
ev1,45.72,-E48,21521.48,E49,273.33,evehicle,92.71,2026-01-01 01:36:40
ev1,46.3,-E48,21527.91,E49,266.9,evehicle,92.71,2026-01-01 01:36:40.500000
ev1,46.12,-E48,21534.32,E49,260.49,evehicle,92.71,2026-01-01 01:36:41
ev1,46.94,-E48,21540.84,E49,253.97,evehicle,92.71,2026-01-01 01:36:41.500000
ev1,45.86,:J57_1,21540.84,E49,253.97,evehicle,92.71,2026-01-01 01:36:42
ev1,47.23,:J57_1,21540.84,E49,253.97,evehicle,92.71,2026-01-01 01:36:42.500000
ev1,46.12,:J57_1,21540.84,E49,253.97,evehicle,92.71,2026-01-01 01:36:43
ev1,47.02,:J57_1,21540.84,E49,253.97,evehicle,92.71,2026-01-01 01:36:43.500000
ev1,43.78,-E47,21572.78,E49,222.03,evehicle,92.71,2026-01-01 01:36:44
ev1,35.96,-E47,21577.78,E49,217.03,evehicle,92.74,2026-01-01 01:36:44.500000
ev1,27.86,-E47,21581.65,E49,213.16,evehicle,92.77,2026-01-01 01:36:45
ev1,20.45,-E47,21584.49,E49,210.32,evehicle,92.8,2026-01-01 01:36:45.500000
ev1,12.82,-E47,21586.27,E49,208.54,evehicle,92.8,2026-01-01 01:36:46
ev1,4.72,-E47,21586.93,E49,207.88,evehicle,92.83,2026-01-01 01:36:46.500000
ev1,0.76,-E47,21587.03,E49,207.78,evehicle,92.83,2026-01-01 01:36:47
ev1,0.04,-E47,21587.04,E49,207.77,evehicle,92.83,2026-01-01 01:36:47.500000
ev1,0.0,-E47,21587.04,E49,207.77,evehicle,92.83,2026-01-01 01:36:48
ev1,0.0,-E47,21587.04,E49,207.77,evehicle,92.83,2026-01-01 01:36:48.500000
ev1,0.0,-E47,21587.04,E49,207.77,evehicle,92.83,2026-01-01 01:36:49
ev1,0.0,-E47,21587.04,E49,207.77,evehicle,92.83,2026-01-01 01:36:49.500000
ev1,0.0,-E47,21587.04,E49,207.77,evehicle,92.83,2026-01-01 01:36:50
ev1,0.0,-E47,21587.04,E49,207.77,evehicle,92.83,2026-01-01 01:36:50.500000
ev1,0.0,-E47,21587.04,E49,207.77,evehicle,92.83,2026-01-01 01:36:51
ev1,0.0,-E47,21587.04,E49,207.77,evehicle,92.83,2026-01-01 01:36:51.500000
ev1,0.0,-E47,21587.04,E49,207.77,evehicle,92.83,2026-01-01 01:36:52
ev1,0.0,-E47,21587.04,E49,207.77,evehicle,92.83,2026-01-01 01:36:52.500000
ev1,0.0,-E47,21587.04,E49,207.77,evehicle,92.83,2026-01-01 01:36:53
ev1,0.0,-E47,21587.04,E49,207.77,evehicle,92.83,2026-01-01 01:36:53.500000
ev1,0.0,-E47,21587.04,E49,207.77,evehicle,92.83,2026-01-01 01:36:54
ev1,0.0,-E47,21587.04,E49,207.77,evehicle,92.83,2026-01-01 01:36:54.500000
ev1,0.0,-E47,21587.04,E49,207.77,evehicle,92.83,2026-01-01 01:36:55
ev1,0.0,-E47,21587.04,E49,207.77,evehicle,92.83,2026-01-01 01:36:55.500000
ev1,0.0,-E47,21587.04,E49,207.77,evehicle,92.83,2026-01-01 01:36:56
ev1,0.0,-E47,21587.04,E49,207.77,evehicle,92.83,2026-01-01 01:36:56.500000
ev1,0.0,-E47,21587.04,E49,207.77,evehicle,92.83,2026-01-01 01:36:57
ev1,0.0,-E47,21587.04,E49,207.77,evehicle,92.83,2026-01-01 01:36:57.500000
ev1,0.0,-E47,21587.04,E49,207.77,evehicle,92.83,2026-01-01 01:36:58
ev1,0.0,-E47,21587.04,E49,207.77,evehicle,92.83,2026-01-01 01:36:58.500000
ev1,0.0,-E47,21587.04,E49,207.77,evehicle,92.83,2026-01-01 01:36:59
ev1,0.0,-E47,21587.04,E49,207.77,evehicle,92.83,2026-01-01 01:36:59.500000
ev1,0.0,-E47,21587.04,E49,207.77,evehicle,92.83,2026-01-01 01:37:00
ev1,0.0,-E47,21587.04,E49,207.77,evehicle,92.83,2026-01-01 01:37:00.500000
ev1,0.0,-E47,21587.04,E49,207.77,evehicle,92.83,2026-01-01 01:37:01
ev1,0.0,-E47,21587.04,E49,207.77,evehicle,92.83,2026-01-01 01:37:01.500000
ev1,0.0,-E47,21587.04,E49,207.77,evehicle,92.83,2026-01-01 01:37:02
ev1,0.0,-E47,21587.04,E49,207.77,evehicle,92.83,2026-01-01 01:37:02.500000
ev1,0.0,-E47,21587.04,E49,207.77,evehicle,92.83,2026-01-01 01:37:03
ev1,0.0,-E47,21587.04,E49,207.77,evehicle,92.83,2026-01-01 01:37:03.500000
ev1,0.0,-E47,21587.04,E49,207.77,evehicle,92.83,2026-01-01 01:37:04
ev1,0.0,-E47,21587.04,E49,207.77,evehicle,92.83,2026-01-01 01:37:04.500000
ev1,0.0,-E47,21587.04,E49,207.77,evehicle,92.83,2026-01-01 01:37:05
ev1,0.0,-E47,21587.04,E49,207.77,evehicle,92.83,2026-01-01 01:37:05.500000
ev1,0.0,-E47,21587.04,E49,207.77,evehicle,92.83,2026-01-01 01:37:06
ev1,0.0,-E47,21587.04,E49,207.77,evehicle,92.83,2026-01-01 01:37:06.500000
ev1,0.0,-E47,21587.04,E49,207.77,evehicle,92.83,2026-01-01 01:37:07
ev1,0.0,-E47,21587.04,E49,207.77,evehicle,92.83,2026-01-01 01:37:07.500000
ev1,0.0,-E47,21587.04,E49,207.77,evehicle,92.83,2026-01-01 01:37:08
ev1,0.0,-E47,21587.04,E49,207.77,evehicle,92.83,2026-01-01 01:37:08.500000
ev1,0.0,-E47,21587.04,E49,207.77,evehicle,92.83,2026-01-01 01:37:09
ev1,0.0,-E47,21587.04,E49,207.77,evehicle,92.83,2026-01-01 01:37:09.500000
ev1,0.0,-E47,21587.04,E49,207.77,evehicle,92.83,2026-01-01 01:37:10
ev1,0.0,-E47,21587.04,E49,207.77,evehicle,92.83,2026-01-01 01:37:10.500000
ev1,0.0,-E47,21587.04,E49,207.77,evehicle,92.83,2026-01-01 01:37:11
ev1,0.0,-E47,21587.04,E49,207.77,evehicle,92.83,2026-01-01 01:37:11.500000
ev1,0.0,-E47,21587.04,E49,207.77,evehicle,92.83,2026-01-01 01:37:12
ev1,0.0,-E47,21587.04,E49,207.77,evehicle,92.83,2026-01-01 01:37:12.500000
ev1,0.0,-E47,21587.04,E49,207.77,evehicle,92.83,2026-01-01 01:37:13
ev1,0.0,-E47,21587.04,E49,207.77,evehicle,92.83,2026-01-01 01:37:13.500000
ev1,0.0,-E47,21587.04,E49,207.77,evehicle,92.83,2026-01-01 01:37:14
ev1,0.0,-E47,21587.04,E49,207.77,evehicle,92.83,2026-01-01 01:37:14.500000
ev1,0.0,-E47,21587.04,E49,207.77,evehicle,92.83,2026-01-01 01:37:15
ev1,0.0,-E47,21587.04,E49,207.77,evehicle,92.83,2026-01-01 01:37:15.500000
ev1,0.0,-E47,21587.04,E49,207.77,evehicle,92.83,2026-01-01 01:37:16
ev1,0.0,-E47,21587.04,E49,207.77,evehicle,92.83,2026-01-01 01:37:16.500000
ev1,0.0,-E47,21587.04,E49,207.77,evehicle,92.83,2026-01-01 01:37:17
ev1,0.0,-E47,21587.04,E49,207.77,evehicle,92.83,2026-01-01 01:37:17.500000
ev1,0.0,-E47,21587.04,E49,207.77,evehicle,92.83,2026-01-01 01:37:18
ev1,0.0,-E47,21587.04,E49,207.77,evehicle,92.83,2026-01-01 01:37:18.500000
ev1,0.0,-E47,21587.04,E49,207.77,evehicle,92.83,2026-01-01 01:37:19
ev1,0.0,-E47,21587.04,E49,207.77,evehicle,92.83,2026-01-01 01:37:19.500000
ev1,0.0,-E47,21587.04,E49,207.77,evehicle,92.83,2026-01-01 01:37:20
ev1,0.0,-E47,21587.04,E49,207.77,evehicle,92.83,2026-01-01 01:37:20.500000
ev1,0.0,-E47,21587.04,E49,207.77,evehicle,92.83,2026-01-01 01:37:21
ev1,0.0,-E47,21587.04,E49,207.77,evehicle,92.83,2026-01-01 01:37:21.500000
ev1,0.0,-E47,21587.04,E49,207.77,evehicle,92.83,2026-01-01 01:37:22
ev1,0.0,-E47,21587.04,E49,207.77,evehicle,92.83,2026-01-01 01:37:22.500000
ev1,0.0,-E47,21587.04,E49,207.77,evehicle,92.83,2026-01-01 01:37:23
ev1,0.0,-E47,21587.04,E49,207.77,evehicle,92.83,2026-01-01 01:37:23.500000
ev1,0.0,-E47,21587.04,E49,207.77,evehicle,92.83,2026-01-01 01:37:24
ev1,0.0,-E47,21587.04,E49,207.77,evehicle,92.83,2026-01-01 01:37:24.500000
ev1,0.0,-E47,21587.04,E49,207.77,evehicle,92.83,2026-01-01 01:37:25
ev1,0.0,-E47,21587.04,E49,207.77,evehicle,92.83,2026-01-01 01:37:25.500000
ev1,0.0,-E47,21587.04,E49,207.77,evehicle,92.83,2026-01-01 01:37:26
ev1,0.0,-E47,21587.04,E49,207.77,evehicle,92.83,2026-01-01 01:37:26.500000
ev1,0.0,-E47,21587.04,E49,207.77,evehicle,92.83,2026-01-01 01:37:27
ev1,0.0,-E47,21587.04,E49,207.77,evehicle,92.83,2026-01-01 01:37:27.500000
ev1,0.0,-E47,21587.04,E49,207.77,evehicle,92.83,2026-01-01 01:37:28
ev1,0.0,-E47,21587.04,E49,207.77,evehicle,92.83,2026-01-01 01:37:28.500000
ev1,0.0,-E47,21587.04,E49,207.77,evehicle,92.83,2026-01-01 01:37:29
ev1,0.0,-E47,21587.04,E49,207.77,evehicle,92.83,2026-01-01 01:37:29.500000
ev1,0.0,-E47,21587.04,E49,207.77,evehicle,92.83,2026-01-01 01:37:30
ev1,4.18,-E47,21587.62,E49,207.19,evehicle,92.83,2026-01-01 01:37:30.500000
ev1,6.66,:J56_5,21587.62,E49,207.19,evehicle,92.8,2026-01-01 01:37:31
ev1,10.87,:J56_5,21587.62,E49,207.19,evehicle,92.8,2026-01-01 01:37:31.500000
ev1,14.83,:J56_5,21587.62,E49,207.19,evehicle,92.8,2026-01-01 01:37:32
ev1,17.75,:J56_5,21587.62,E49,207.19,evehicle,92.8,2026-01-01 01:37:32.500000
ev1,21.31,:J56_5,21587.62,E49,207.19,evehicle,92.8,2026-01-01 01:37:33
ev1,24.44,:J56_5,21587.62,E49,207.19,evehicle,92.77,2026-01-01 01:37:33.500000
ev1,28.15,:J56_5,21587.62,E49,207.19,evehicle,92.77,2026-01-01 01:37:34
ev1,32.04,:J56_5,21587.62,E49,207.19,evehicle,92.74,2026-01-01 01:37:34.500000
ev1,34.42,:J56_5,21587.62,E49,207.19,evehicle,92.74,2026-01-01 01:37:35
ev1,37.87,-E46,21619.33,E49,175.48,evehicle,92.71,2026-01-01 01:37:35.500000
ev1,40.32,-E46,21624.93,E49,169.88,evehicle,92.71,2026-01-01 01:37:36
ev1,42.91,-E46,21630.89,E49,163.92,evehicle,92.69,2026-01-01 01:37:36.500000
ev1,45.72,-E46,21637.24,E49,157.57,evehicle,92.69,2026-01-01 01:37:37
ev1,46.62,:J55_4,21637.24,E49,157.57,evehicle,92.69,2026-01-01 01:37:37.500000
ev1,46.58,:J55_4,21637.24,E49,157.57,evehicle,92.69,2026-01-01 01:37:38
ev1,45.22,:J55_4,21637.24,E49,157.57,evehicle,92.69,2026-01-01 01:37:38.500000
ev1,47.09,-E45,21663.01,E49,131.8,evehicle,92.66,2026-01-01 01:37:39
ev1,45.94,-E45,21669.39,E49,125.42,evehicle,92.69,2026-01-01 01:37:39.500000
ev1,44.75,-E45,21675.6,E49,119.21,evehicle,92.69,2026-01-01 01:37:40
ev1,43.6,-E45,21681.66,E49,113.15,evehicle,92.69,2026-01-01 01:37:40.500000
ev1,41.51,-E45,21687.42,E49,107.39,evehicle,92.69,2026-01-01 01:37:41
ev1,33.41,-E45,21692.06,E49,102.75,evehicle,92.71,2026-01-01 01:37:41.500000
ev1,25.31,-E45,21695.58,E49,99.23,evehicle,92.74,2026-01-01 01:37:42
ev1,24.88,:J49_6,21695.58,E49,99.23,evehicle,92.74,2026-01-01 01:37:42.500000
ev1,24.44,:J49_15,21695.58,E49,99.23,evehicle,92.74,2026-01-01 01:37:43
ev1,24.01,:J49_15,21695.58,E49,99.23,evehicle,92.74,2026-01-01 01:37:43.500000
ev1,23.62,:J49_15,21695.58,E49,99.23,evehicle,92.74,2026-01-01 01:37:44
ev1,23.22,:J49_15,21695.58,E49,99.23,evehicle,92.74,2026-01-01 01:37:44.500000
ev1,22.86,E70,21715.44,E49,79.37,evehicle,92.74,2026-01-01 01:37:45
ev1,22.39,E70,21718.55,E49,76.26,evehicle,92.74,2026-01-01 01:37:45.500000
ev1,21.92,E70,21721.6,E49,73.21,evehicle,92.74,2026-01-01 01:37:46
ev1,21.49,E70,21724.58,E49,70.23,evehicle,92.74,2026-01-01 01:37:46.500000
ev1,21.02,E70,21727.5,E49,67.31,evehicle,92.74,2026-01-01 01:37:47
ev1,20.56,E70,21730.35,E49,64.46,evehicle,92.74,2026-01-01 01:37:47.500000
ev1,20.12,E70,21733.15,E49,61.66,evehicle,92.74,2026-01-01 01:37:48
ev1,19.66,E70,21735.88,E49,58.93,evehicle,92.74,2026-01-01 01:37:48.500000
ev1,19.19,E70,21738.54,E49,56.27,evehicle,92.74,2026-01-01 01:37:49
ev1,18.76,E70,21741.15,E49,53.66,evehicle,92.74,2026-01-01 01:37:49.500000
ev1,18.29,E70,21743.69,E49,51.12,evehicle,92.74,2026-01-01 01:37:50
ev1,17.82,:J50_1,21743.69,E49,51.12,evehicle,92.77,2026-01-01 01:37:50.500000
ev1,17.39,:J50_1,21743.69,E49,51.12,evehicle,92.77,2026-01-01 01:37:51
ev1,16.99,:J50_1,21743.69,E49,51.12,evehicle,92.77,2026-01-01 01:37:51.500000
ev1,16.6,:J50_1,21743.69,E49,51.12,evehicle,92.77,2026-01-01 01:37:52
ev1,16.24,:J50_1,21743.69,E49,51.12,evehicle,92.77,2026-01-01 01:37:52.500000
ev1,15.88,:J50_1,21743.69,E49,51.12,evehicle,92.77,2026-01-01 01:37:53
ev1,15.52,E49,21759.86,E49,34.95,evehicle,92.77,2026-01-01 01:37:53.500000
ev1,15.05,E49,21761.95,E49,32.86,evehicle,92.77,2026-01-01 01:37:54
ev1,14.58,E49,21763.97,E49,30.84,evehicle,92.77,2026-01-01 01:37:54.500000
ev1,14.08,E49,21765.92,E49,28.89,evehicle,92.77,2026-01-01 01:37:55
ev1,13.61,E49,21767.82,E49,26.99,evehicle,92.77,2026-01-01 01:37:55.500000
ev1,13.14,E49,21769.64,E49,25.17,evehicle,92.77,2026-01-01 01:37:56
ev1,12.67,E49,21771.4,E49,23.41,evehicle,92.77,2026-01-01 01:37:56.500000
ev1,12.17,E49,21773.09,E49,21.72,evehicle,92.77,2026-01-01 01:37:57
ev1,11.7,E49,21774.72,E49,20.09,evehicle,92.77,2026-01-01 01:37:57.500000
ev1,11.23,E49,21776.28,E49,18.53,evehicle,92.77,2026-01-01 01:37:58
ev1,10.76,E49,21777.77,E49,17.04,evehicle,92.77,2026-01-01 01:37:58.500000
ev1,10.3,E49,21779.2,E49,15.61,evehicle,92.77,2026-01-01 01:37:59
ev1,9.83,E49,21780.56,E49,14.25,evehicle,92.77,2026-01-01 01:37:59.500000
ev1,9.36,E49,21781.86,E49,12.95,evehicle,92.77,2026-01-01 01:38:00
ev1,8.89,E49,21783.09,E49,11.72,evehicle,92.77,2026-01-01 01:38:00.500000
ev1,8.42,E49,21784.26,E49,10.55,evehicle,92.77,2026-01-01 01:38:01
ev1,7.96,E49,21785.37,E49,9.44,evehicle,92.77,2026-01-01 01:38:01.500000
ev1,0.0,E49,21785.37,E213,784.83,evehicle,92.77,2026-01-01 01:38:02
ev1,0.0,E49,21785.37,E213,784.83,evehicle,92.77,2026-01-01 01:38:02.500000
ev1,0.0,E49,21785.37,E213,784.83,evehicle,92.77,2026-01-01 01:38:03
ev1,0.0,E49,21785.37,E213,784.83,evehicle,92.77,2026-01-01 01:38:03.500000
ev1,0.0,E49,21785.37,E213,784.83,evehicle,92.77,2026-01-01 01:38:04
ev1,0.0,E49,21785.37,E213,784.83,evehicle,92.77,2026-01-01 01:38:04.500000
ev1,0.0,E49,21785.37,E213,784.83,evehicle,92.77,2026-01-01 01:38:05
ev1,0.0,E49,21785.37,E213,784.83,evehicle,92.77,2026-01-01 01:38:05.500000
ev1,0.0,E49,21785.37,E213,784.83,evehicle,92.77,2026-01-01 01:38:06
ev1,0.0,E49,21785.37,E213,784.83,evehicle,92.77,2026-01-01 01:38:06.500000
ev1,0.0,E49,21785.37,E213,784.83,evehicle,92.77,2026-01-01 01:38:07
ev1,0.0,E49,21785.37,E213,784.83,evehicle,92.77,2026-01-01 01:38:07.500000
ev1,0.0,E49,21785.37,E213,784.83,evehicle,92.77,2026-01-01 01:38:08
ev1,0.0,E49,21785.37,E213,784.83,evehicle,92.77,2026-01-01 01:38:08.500000
ev1,0.0,E49,21785.37,E213,784.83,evehicle,92.77,2026-01-01 01:38:09
ev1,0.0,E49,21785.37,E213,784.83,evehicle,92.77,2026-01-01 01:38:09.500000
ev1,0.0,E49,21785.37,E213,784.83,evehicle,92.77,2026-01-01 01:38:10
ev1,0.0,E49,21785.37,E213,784.83,evehicle,92.77,2026-01-01 01:38:10.500000
ev1,0.0,E49,21785.37,E213,784.83,evehicle,92.77,2026-01-01 01:38:11
ev1,0.0,E49,21785.37,E213,784.83,evehicle,92.77,2026-01-01 01:38:11.500000
ev1,0.0,E49,21785.37,E213,784.83,evehicle,92.77,2026-01-01 01:38:12
ev1,0.0,E49,21785.37,E213,784.83,evehicle,92.77,2026-01-01 01:38:12.500000
ev1,0.0,E49,21785.37,E213,784.83,evehicle,92.77,2026-01-01 01:38:13
ev1,0.0,E49,21785.37,E213,784.83,evehicle,92.77,2026-01-01 01:38:13.500000
ev1,0.0,E49,21785.37,E213,784.83,evehicle,92.77,2026-01-01 01:38:14
ev1,0.0,E49,21785.37,E213,784.83,evehicle,92.77,2026-01-01 01:38:14.500000
ev1,0.0,E49,21785.37,E213,784.83,evehicle,92.77,2026-01-01 01:38:15
ev1,0.0,E49,21785.37,E213,784.83,evehicle,92.77,2026-01-01 01:38:15.500000
ev1,0.0,E49,21785.37,E213,784.83,evehicle,92.77,2026-01-01 01:38:16
ev1,0.0,E49,21785.37,E213,784.83,evehicle,92.77,2026-01-01 01:38:16.500000
ev1,0.0,E49,21785.37,E213,784.83,evehicle,92.77,2026-01-01 01:38:17
ev1,0.0,E49,21785.37,E213,784.83,evehicle,92.77,2026-01-01 01:38:17.500000
ev1,0.0,E49,21785.37,E213,784.83,evehicle,92.77,2026-01-01 01:38:18
ev1,0.0,E49,21785.37,E213,784.83,evehicle,92.77,2026-01-01 01:38:18.500000
ev1,0.0,E49,21785.37,E213,784.83,evehicle,92.77,2026-01-01 01:38:19
ev1,0.0,E49,21785.37,E213,784.83,evehicle,92.77,2026-01-01 01:38:19.500000
ev1,0.0,E49,21785.37,E213,784.83,evehicle,92.77,2026-01-01 01:38:20
ev1,0.0,E49,21785.37,E213,784.83,evehicle,92.77,2026-01-01 01:38:20.500000
ev1,0.0,E49,21785.37,E213,784.83,evehicle,92.77,2026-01-01 01:38:21
ev1,0.0,E49,21785.37,E213,784.83,evehicle,92.77,2026-01-01 01:38:21.500000
ev1,0.0,E49,21785.37,E213,784.83,evehicle,92.77,2026-01-01 01:38:22
ev1,0.0,E49,21785.37,E213,784.83,evehicle,92.77,2026-01-01 01:38:22.500000
ev1,0.0,E49,21785.37,E213,784.83,evehicle,92.77,2026-01-01 01:38:23
ev1,0.0,E49,21785.37,E213,784.83,evehicle,92.77,2026-01-01 01:38:23.500000
ev1,0.0,E49,21785.37,E213,784.83,evehicle,92.77,2026-01-01 01:38:24
ev1,0.0,E49,21785.37,E213,784.83,evehicle,92.77,2026-01-01 01:38:24.500000
ev1,0.0,E49,21785.37,E213,784.83,evehicle,92.77,2026-01-01 01:38:25
ev1,0.0,E49,21785.37,E213,784.83,evehicle,92.77,2026-01-01 01:38:25.500000
ev1,0.0,E49,21785.37,E213,784.83,evehicle,92.77,2026-01-01 01:38:26
ev1,0.0,E49,21785.37,E213,784.83,evehicle,92.77,2026-01-01 01:38:26.500000
ev1,0.0,E49,21785.37,E213,784.83,evehicle,92.77,2026-01-01 01:38:27
ev1,0.0,E49,21785.37,E213,784.83,evehicle,92.77,2026-01-01 01:38:27.500000
ev1,0.0,E49,21785.37,E213,784.83,evehicle,92.77,2026-01-01 01:38:28
ev1,0.0,E49,21785.37,E213,784.83,evehicle,92.77,2026-01-01 01:38:28.500000
ev1,0.0,E49,21785.37,E213,784.83,evehicle,92.77,2026-01-01 01:38:29
ev1,0.0,E49,21785.37,E213,784.83,evehicle,92.77,2026-01-01 01:38:29.500000
ev1,0.0,E49,21785.37,E213,784.83,evehicle,92.77,2026-01-01 01:38:30
ev1,0.0,E49,21785.37,E213,784.83,evehicle,92.77,2026-01-01 01:38:30.500000
ev1,0.0,E49,21785.37,E213,784.83,evehicle,92.77,2026-01-01 01:38:31
ev1,0.0,E49,21785.37,E213,784.83,evehicle,92.77,2026-01-01 01:38:31.500000
ev1,0.0,E49,21785.37,E213,784.83,evehicle,92.77,2026-01-01 01:38:32
ev1,0.0,E49,21785.37,E213,784.83,evehicle,92.77,2026-01-01 01:38:32.500000
ev1,0.0,E49,21785.37,E213,784.83,evehicle,92.77,2026-01-01 01:38:33
ev1,0.0,E49,21785.37,E213,784.83,evehicle,92.77,2026-01-01 01:38:33.500000
ev1,0.0,E49,21785.37,E213,784.83,evehicle,92.77,2026-01-01 01:38:34
ev1,0.0,E49,21785.37,E213,784.83,evehicle,92.77,2026-01-01 01:38:34.500000
ev1,0.0,E49,21785.37,E213,784.83,evehicle,92.77,2026-01-01 01:38:35
ev1,0.0,E49,21785.37,E213,784.83,evehicle,92.77,2026-01-01 01:38:35.500000
ev1,0.0,E49,21785.37,E213,784.83,evehicle,92.77,2026-01-01 01:38:36
ev1,0.0,E49,21785.37,E213,784.83,evehicle,92.77,2026-01-01 01:38:36.500000
ev1,0.0,E49,21785.37,E213,784.83,evehicle,92.77,2026-01-01 01:38:37
ev1,0.0,E49,21785.37,E213,784.83,evehicle,92.77,2026-01-01 01:38:37.500000
ev1,0.0,E49,21785.37,E213,784.83,evehicle,92.77,2026-01-01 01:38:38
ev1,0.0,E49,21785.37,E213,784.83,evehicle,92.77,2026-01-01 01:38:38.500000
ev1,0.0,E49,21785.37,E213,784.83,evehicle,92.77,2026-01-01 01:38:39
ev1,0.0,E49,21785.37,E213,784.83,evehicle,92.77,2026-01-01 01:38:39.500000
ev1,0.0,E49,21785.37,E213,784.83,evehicle,92.77,2026-01-01 01:38:40
ev1,0.0,E49,21785.37,E213,784.83,evehicle,92.77,2026-01-01 01:38:40.500000
ev1,0.0,E49,21785.37,E213,784.83,evehicle,92.77,2026-01-01 01:38:41
ev1,0.0,E49,21785.37,E213,784.83,evehicle,92.77,2026-01-01 01:38:41.500000
ev1,0.0,E49,21785.37,E213,784.83,evehicle,92.77,2026-01-01 01:38:42
ev1,0.0,E49,21785.37,E213,784.83,evehicle,92.77,2026-01-01 01:38:42.500000
ev1,0.0,E49,21785.37,E213,784.83,evehicle,92.77,2026-01-01 01:38:43
ev1,0.0,E49,21785.37,E213,784.83,evehicle,92.77,2026-01-01 01:38:43.500000
ev1,0.0,E49,21785.37,E213,784.83,evehicle,92.77,2026-01-01 01:38:44
ev1,0.0,E49,21785.37,E213,784.83,evehicle,92.77,2026-01-01 01:38:44.500000
ev1,0.0,E49,21785.37,E213,784.83,evehicle,92.77,2026-01-01 01:38:45
ev1,0.0,E49,21785.37,E213,784.83,evehicle,92.77,2026-01-01 01:38:45.500000
ev1,0.0,E49,21785.37,E213,784.83,evehicle,92.77,2026-01-01 01:38:46
ev1,0.0,E49,21785.37,E213,784.83,evehicle,92.77,2026-01-01 01:38:46.500000
ev1,0.0,E49,21785.37,E213,784.83,evehicle,92.77,2026-01-01 01:38:47
ev1,0.0,E49,21785.37,E213,784.83,evehicle,92.77,2026-01-01 01:38:47.500000
ev1,0.0,E49,21785.37,E213,784.83,evehicle,92.77,2026-01-01 01:38:48
ev1,0.0,E49,21785.37,E213,784.83,evehicle,92.77,2026-01-01 01:38:48.500000
ev1,0.0,E49,21785.37,E213,784.83,evehicle,92.77,2026-01-01 01:38:49
ev1,0.0,E49,21785.37,E213,784.83,evehicle,92.77,2026-01-01 01:38:49.500000
ev1,0.0,E49,21785.37,E213,784.83,evehicle,92.77,2026-01-01 01:38:50
ev1,0.0,E49,21785.37,E213,784.83,evehicle,92.77,2026-01-01 01:38:50.500000
ev1,0.0,E49,21785.37,E213,784.83,evehicle,92.77,2026-01-01 01:38:51
ev1,0.0,E49,21785.37,E213,784.83,evehicle,92.77,2026-01-01 01:38:51.500000
ev1,0.0,E49,21785.37,E213,784.83,evehicle,92.77,2026-01-01 01:38:52
ev1,0.0,E49,21785.37,E213,784.83,evehicle,92.77,2026-01-01 01:38:52.500000
ev1,0.0,E49,21785.37,E213,784.83,evehicle,92.77,2026-01-01 01:38:53
ev1,0.0,E49,21785.37,E213,784.83,evehicle,92.77,2026-01-01 01:38:53.500000
ev1,0.0,E49,21785.37,E213,784.83,evehicle,92.77,2026-01-01 01:38:54
ev1,0.0,E49,21785.37,E213,784.83,evehicle,92.77,2026-01-01 01:38:54.500000
ev1,0.0,E49,21785.37,E213,784.83,evehicle,92.77,2026-01-01 01:38:55
ev1,0.0,E49,21785.37,E213,784.83,evehicle,92.77,2026-01-01 01:38:55.500000
ev1,0.0,E49,21785.37,E213,784.83,evehicle,92.77,2026-01-01 01:38:56
ev1,0.0,E49,21785.37,E213,784.83,evehicle,92.77,2026-01-01 01:38:56.500000
ev1,0.0,E49,21785.37,E213,784.83,evehicle,92.77,2026-01-01 01:38:57
ev1,0.0,E49,21785.37,E213,784.83,evehicle,92.77,2026-01-01 01:38:57.500000
ev1,0.0,E49,21785.37,E213,784.83,evehicle,92.77,2026-01-01 01:38:58
ev1,0.0,E49,21785.37,E213,784.83,evehicle,92.77,2026-01-01 01:38:58.500000
ev1,0.0,E49,21785.37,E213,784.83,evehicle,92.77,2026-01-01 01:38:59
ev1,0.0,E49,21785.37,E213,784.83,evehicle,92.77,2026-01-01 01:38:59.500000
ev1,0.0,E49,21785.37,E213,784.83,evehicle,92.77,2026-01-01 01:39:00
ev1,0.0,E49,21785.37,E213,784.83,evehicle,92.77,2026-01-01 01:39:00.500000
ev1,0.0,E49,21785.37,E213,784.83,evehicle,92.77,2026-01-01 01:39:01
ev1,0.0,E49,21785.37,E213,784.83,evehicle,92.77,2026-01-01 01:39:01.500000
ev1,0.0,E49,21785.37,E213,784.83,evehicle,92.77,2026-01-01 01:39:02
ev1,3.78,E49,21785.89,E213,784.31,evehicle,92.77,2026-01-01 01:39:02.500000
ev1,6.73,E49,21786.83,E213,783.37,evehicle,92.77,2026-01-01 01:39:03
ev1,9.61,E49,21788.16,E213,782.04,evehicle,92.74,2026-01-01 01:39:03.500000
ev1,12.92,E49,21789.96,E213,780.24,evehicle,92.74,2026-01-01 01:39:04
ev1,17.46,E49,21792.38,E213,777.82,evehicle,92.74,2026-01-01 01:39:04.500000
ev1,21.35,:J59_11,21792.38,E213,777.82,evehicle,92.74,2026-01-01 01:39:05
ev1,25.27,:J59_13,21792.38,E213,777.82,evehicle,92.71,2026-01-01 01:39:05.500000
ev1,29.7,:J59_13,21792.38,E213,777.82,evehicle,92.71,2026-01-01 01:39:06
ev1,28.62,:J59_13,21792.38,E213,777.82,evehicle,92.71,2026-01-01 01:39:06.500000
ev1,28.84,:J59_13,21792.38,E213,777.82,evehicle,92.71,2026-01-01 01:39:07
ev1,29.2,-E79,21815.01,E213,755.19,evehicle,92.71,2026-01-01 01:39:07.500000
ev1,33.12,-E79,21819.61,E213,750.59,evehicle,92.69,2026-01-01 01:39:08
ev1,37.08,-E79,21824.76,E213,745.44,evehicle,92.66,2026-01-01 01:39:08.500000
ev1,38.74,-E79,21830.14,E213,740.06,evehicle,92.66,2026-01-01 01:39:09
ev1,30.64,-E79,21834.4,E213,735.8,evehicle,92.69,2026-01-01 01:39:09.500000
ev1,22.54,-E79,21837.53,E213,732.67,evehicle,92.71,2026-01-01 01:39:10
ev1,25.74,:J55_9,21837.53,E213,732.67,evehicle,92.71,2026-01-01 01:39:10.500000
ev1,27.36,:J55_9,21837.53,E213,732.67,evehicle,92.69,2026-01-01 01:39:11
ev1,28.87,:J55_9,21837.53,E213,732.67,evehicle,92.69,2026-01-01 01:39:11.500000
ev1,28.37,:J55_9,21837.53,E213,732.67,evehicle,92.69,2026-01-01 01:39:12
ev1,29.52,:J55_9,21837.53,E213,732.67,evehicle,92.69,2026-01-01 01:39:12.500000
ev1,27.43,-E45,21860.77,E213,709.43,evehicle,92.69,2026-01-01 01:39:13
ev1,29.95,-E45,21864.93,E213,705.27,evehicle,92.69,2026-01-01 01:39:13.500000
ev1,33.91,-E45,21869.64,E213,700.56,evehicle,92.66,2026-01-01 01:39:14
ev1,38.09,-E45,21874.93,E213,695.27,evehicle,92.66,2026-01-01 01:39:14.500000
ev1,41.08,-E45,21880.63,E213,689.57,evehicle,92.63,2026-01-01 01:39:15
ev1,45.47,-E45,21886.95,E213,683.25,evehicle,92.6,2026-01-01 01:39:15.500000
ev1,45.97,:J49_4,21886.95,E213,683.25,evehicle,92.6,2026-01-01 01:39:16
ev1,45.72,:J49_4,21886.95,E213,683.25,evehicle,92.6,2026-01-01 01:39:16.500000
ev1,46.37,:J49_4,21886.95,E213,683.25,evehicle,92.6,2026-01-01 01:39:17
ev1,46.19,-E39,21912.54,E213,657.66,evehicle,92.6,2026-01-01 01:39:17.500000
ev1,46.69,-E39,21919.03,E213,651.17,evehicle,92.6,2026-01-01 01:39:18
ev1,46.8,-E39,21925.53,E213,644.67,evehicle,92.6,2026-01-01 01:39:18.500000
ev1,46.37,-E39,21931.97,E213,638.23,evehicle,92.6,2026-01-01 01:39:19
ev1,46.19,-E39,21938.38,E213,631.82,evehicle,92.6,2026-01-01 01:39:19.500000
ev1,45.54,:J46_0,21938.38,E213,631.82,evehicle,92.6,2026-01-01 01:39:20
ev1,47.05,:J46_0,21938.38,E213,631.82,evehicle,92.57,2026-01-01 01:39:20.500000
ev1,46.73,:J46_0,21938.38,E213,631.82,evehicle,92.57,2026-01-01 01:39:21
ev1,46.08,-E138,21964.14,E213,606.06,evehicle,92.57,2026-01-01 01:39:21.500000
ev1,45.25,-E138,21970.42,E213,599.78,evehicle,92.6,2026-01-01 01:39:22
ev1,46.98,-E138,21976.95,E213,593.25,evehicle,92.57,2026-01-01 01:39:22.500000
ev1,45.76,-E138,21983.3,E213,586.9,evehicle,92.57,2026-01-01 01:39:23
ev1,45.47,-E138,21989.62,E213,580.58,evehicle,92.57,2026-01-01 01:39:23.500000
ev1,38.56,-E138,21994.97,E213,575.23,evehicle,92.6,2026-01-01 01:39:24
ev1,30.46,-E138,21999.21,E213,570.99,evehicle,92.66,2026-01-01 01:39:24.500000
ev1,22.36,-E138,22002.31,E213,567.89,evehicle,92.66,2026-01-01 01:39:25
ev1,26.78,:J42_5,22002.31,E213,567.89,evehicle,92.66,2026-01-01 01:39:25.500000
ev1,29.41,:J42_5,22002.31,E213,567.89,evehicle,92.66,2026-01-01 01:39:26
ev1,33.23,:J42_5,22002.31,E213,567.89,evehicle,92.63,2026-01-01 01:39:26.500000
ev1,36.58,:J42_5,22002.31,E213,567.89,evehicle,92.6,2026-01-01 01:39:27
ev1,39.74,:J42_5,22002.31,E213,567.89,evehicle,92.6,2026-01-01 01:39:27.500000
ev1,43.34,-E32,22031.35,E213,538.85,evehicle,92.57,2026-01-01 01:39:28
ev1,46.04,-E32,22037.75,E213,532.45,evehicle,92.57,2026-01-01 01:39:28.500000
ev1,45.94,-E32,22044.13,E213,526.07,evehicle,92.57,2026-01-01 01:39:29
ev1,46.26,-E32,22050.56,E213,519.64,evehicle,92.54,2026-01-01 01:39:29.500000
ev1,45.32,-E32,22056.86,E213,513.34,evehicle,92.57,2026-01-01 01:39:30
ev1,46.76,-E32,22063.35,E213,506.85,evehicle,92.54,2026-01-01 01:39:30.500000
ev1,45.83,-E29,22069.72,E213,500.48,evehicle,92.54,2026-01-01 01:39:31
ev1,47.23,-E29,22076.28,E213,493.92,evehicle,92.54,2026-01-01 01:39:31.500000
ev1,46.98,-E29,22082.8,E213,487.4,evehicle,92.54,2026-01-01 01:39:32
ev1,45.4,-E29,22089.11,E213,481.09,evehicle,92.54,2026-01-01 01:39:32.500000
ev1,45.43,-E29,22095.42,E213,474.78,evehicle,92.54,2026-01-01 01:39:33
ev1,47.27,-E29,22101.98,E213,468.22,evehicle,92.54,2026-01-01 01:39:33.500000
ev1,45.25,-E29,22108.27,E213,461.93,evehicle,92.54,2026-01-01 01:39:34
ev1,45.86,:J14_0,22108.27,E213,461.93,evehicle,92.54,2026-01-01 01:39:34.500000
ev1,46.19,:J14_0,22108.27,E213,461.93,evehicle,92.54,2026-01-01 01:39:35
ev1,46.33,-E4,22127.49,E213,442.71,evehicle,92.54,2026-01-01 01:39:35.500000
ev1,47.34,-E4,22134.07,E213,436.13,evehicle,92.54,2026-01-01 01:39:36
ev1,46.15,-E4,22140.48,E213,429.72,evehicle,92.54,2026-01-01 01:39:36.500000
ev1,46.91,-E4,22146.99,E213,423.21,evehicle,92.54,2026-01-01 01:39:37
ev1,45.79,-E4,22153.35,E213,416.85,evehicle,92.54,2026-01-01 01:39:37.500000
ev1,47.05,-E4,22159.89,E213,410.31,evehicle,92.51,2026-01-01 01:39:38
ev1,45.65,:J13_0,22159.89,E213,410.31,evehicle,92.54,2026-01-01 01:39:38.500000
ev1,45.94,:J13_0,22159.89,E213,410.31,evehicle,92.54,2026-01-01 01:39:39
ev1,47.09,-E3,22179.15,E213,391.05,evehicle,92.51,2026-01-01 01:39:39.500000
ev1,46.33,-E3,22185.58,E213,384.62,evehicle,92.51,2026-01-01 01:39:40
ev1,43.67,-E3,22191.65,E213,378.55,evehicle,92.54,2026-01-01 01:39:40.500000
ev1,36.5,-E3,22196.72,E213,373.48,evehicle,92.57,2026-01-01 01:39:41
ev1,28.4,-E3,22200.66,E213,369.54,evehicle,92.6,2026-01-01 01:39:41.500000
ev1,20.3,-E3,22203.48,E213,366.72,evehicle,92.63,2026-01-01 01:39:42
ev1,12.2,-E3,22205.18,E213,365.02,evehicle,92.63,2026-01-01 01:39:42.500000
ev1,5.65,-E3,22205.96,E213,364.24,evehicle,92.63,2026-01-01 01:39:43
ev1,0.47,-E3,22206.03,E213,364.17,evehicle,92.63,2026-01-01 01:39:43.500000
ev1,0.0,-E3,22206.03,E213,364.17,evehicle,92.63,2026-01-01 01:39:44
ev1,0.0,-E3,22206.03,E213,364.17,evehicle,92.63,2026-01-01 01:39:44.500000
ev1,0.0,-E3,22206.03,E213,364.17,evehicle,92.63,2026-01-01 01:39:45
ev1,3.53,-E3,22206.52,E213,363.68,evehicle,92.63,2026-01-01 01:39:45.500000
ev1,6.52,:J0_4,22206.52,E213,363.68,evehicle,92.63,2026-01-01 01:39:46
ev1,10.58,:J0_4,22206.52,E213,363.68,evehicle,92.63,2026-01-01 01:39:46.500000
ev1,14.54,:J0_4,22206.52,E213,363.68,evehicle,92.63,2026-01-01 01:39:47
ev1,17.28,:J0_4,22206.52,E213,363.68,evehicle,92.63,2026-01-01 01:39:47.500000
ev1,19.73,:J0_4,22206.52,E213,363.68,evehicle,92.6,2026-01-01 01:39:48
ev1,20.74,-pitagoras,22218.94,E213,351.26,evehicle,92.6,2026-01-01 01:39:48.500000
ev1,25.38,-pitagoras,22222.46,E213,347.74,evehicle,92.6,2026-01-01 01:39:49
ev1,30.02,-pitagoras,22226.63,E213,343.57,evehicle,92.57,2026-01-01 01:39:49.500000
ev1,33.12,-pitagoras,22231.23,E213,338.97,evehicle,92.57,2026-01-01 01:39:50
ev1,34.16,-pitagoras,22235.97,E213,334.23,evehicle,92.57,2026-01-01 01:39:50.500000
ev1,28.15,-pitagoras,22239.88,E213,330.32,evehicle,92.57,2026-01-01 01:39:51
ev1,20.05,-pitagoras,22242.67,E213,327.53,evehicle,92.6,2026-01-01 01:39:51.500000
ev1,20.38,:J5_4,22242.67,E213,327.53,evehicle,92.6,2026-01-01 01:39:52
ev1,19.91,:J5_4,22242.67,E213,327.53,evehicle,92.6,2026-01-01 01:39:52.500000
ev1,20.3,:J5_4,22242.67,E213,327.53,evehicle,92.6,2026-01-01 01:39:53
ev1,19.91,:J5_4,22242.67,E213,327.53,evehicle,92.6,2026-01-01 01:39:53.500000
ev1,21.35,-joulesB,22256.81,E213,313.39,evehicle,92.6,2026-01-01 01:39:54
ev1,25.38,-joulesB,22260.33,E213,309.87,evehicle,92.57,2026-01-01 01:39:54.500000
ev1,28.19,-joulesB,22264.25,E213,305.95,evehicle,92.57,2026-01-01 01:39:55
ev1,32.44,-joulesB,22268.75,E213,301.45,evehicle,92.54,2026-01-01 01:39:55.500000
ev1,35.71,-joulesB,22273.71,E213,296.49,evehicle,92.54,2026-01-01 01:39:56
ev1,33.91,-joulesB,22278.42,E213,291.78,evehicle,92.54,2026-01-01 01:39:56.500000
ev1,26.46,-joulesB,22282.1,E213,288.1,evehicle,92.57,2026-01-01 01:39:57
ev1,18.97,:J2_10,22282.1,E213,288.1,evehicle,92.6,2026-01-01 01:39:57.500000
ev1,21.71,:J2_11,22282.1,E213,288.1,evehicle,92.57,2026-01-01 01:39:58
ev1,24.52,:J2_11,22282.1,E213,288.1,evehicle,92.57,2026-01-01 01:39:58.500000
ev1,28.58,:J2_11,22282.1,E213,288.1,evehicle,92.57,2026-01-01 01:39:59
ev1,32.62,:J2_11,22282.1,E213,288.1,evehicle,92.54,2026-01-01 01:39:59.500000
ev1,32.08,:J2_11,22282.1,E213,288.1,evehicle,92.54,2026-01-01 01:40:00
ev1,32.72,euler,22308.65,E213,261.55,evehicle,92.54,2026-01-01 01:40:00.500000
ev1,37.22,euler,22313.82,E213,256.38,evehicle,92.51,2026-01-01 01:40:01
ev1,40.86,euler,22319.49,E213,250.71,evehicle,92.51,2026-01-01 01:40:01.500000
ev1,37.98,euler,22324.77,E213,245.43,evehicle,92.51,2026-01-01 01:40:02
ev1,30.24,euler,22328.97,E213,241.23,evehicle,92.54,2026-01-01 01:40:02.500000
ev1,22.21,:J7_8,22328.97,E213,241.23,evehicle,92.57,2026-01-01 01:40:03
ev1,21.71,:J7_8,22328.97,E213,241.23,evehicle,92.57,2026-01-01 01:40:03.500000
ev1,21.64,:J7_8,22328.97,E213,241.23,evehicle,92.57,2026-01-01 01:40:04
ev1,20.34,E2,22340.9,E213,229.3,evehicle,92.57,2026-01-01 01:40:04.500000
ev1,23.87,E2,22344.22,E213,225.98,evehicle,92.57,2026-01-01 01:40:05
ev1,28.12,E2,22348.12,E213,222.08,evehicle,92.54,2026-01-01 01:40:05.500000
ev1,30.71,E2,22352.39,E213,217.81,evehicle,92.54,2026-01-01 01:40:06
ev1,35.1,E2,22357.26,E213,212.94,evehicle,92.51,2026-01-01 01:40:06.500000
ev1,38.92,E2,22362.67,E213,207.53,evehicle,92.49,2026-01-01 01:40:07
ev1,42.91,E2,22368.62,E213,201.58,evehicle,92.49,2026-01-01 01:40:07.500000
ev1,34.81,E2,22373.46,E213,196.74,evehicle,92.51,2026-01-01 01:40:08
ev1,30.35,:J12_2,22373.46,E213,196.74,evehicle,92.51,2026-01-01 01:40:08.500000
ev1,30.56,:J12_2,22373.46,E213,196.74,evehicle,92.51,2026-01-01 01:40:09
ev1,30.35,:J12_2,22373.46,E213,196.74,evehicle,92.51,2026-01-01 01:40:09.500000
ev1,29.56,:J12_2,22373.46,E213,196.74,evehicle,92.51,2026-01-01 01:40:10
ev1,29.77,-E94,22394.37,E213,175.83,evehicle,92.51,2026-01-01 01:40:10.500000
ev1,32.22,-E94,22398.85,E213,171.35,evehicle,92.51,2026-01-01 01:40:11
ev1,36.36,-E94,22403.9,E213,166.3,evehicle,92.49,2026-01-01 01:40:11.500000
ev1,38.88,-E94,22409.3,E213,160.9,evehicle,92.49,2026-01-01 01:40:12
ev1,41.69,-E94,22415.09,E213,155.11,evehicle,92.46,2026-01-01 01:40:12.500000
ev1,46.04,-E94,22421.48,E213,148.72,evehicle,92.43,2026-01-01 01:40:13
ev1,38.56,-E94,22426.83,E213,143.37,evehicle,92.49,2026-01-01 01:40:13.500000
ev1,30.46,:J21_9,22426.83,E213,143.37,evehicle,92.51,2026-01-01 01:40:14
ev1,29.99,:J21_9,22426.83,E213,143.37,evehicle,92.51,2026-01-01 01:40:14.500000
ev1,29.56,E97,22439.34,E213,130.86,evehicle,92.51,2026-01-01 01:40:15
ev1,29.09,E97,22443.38,E213,126.82,evehicle,92.51,2026-01-01 01:40:15.500000
ev1,28.66,E97,22447.36,E213,122.84,evehicle,92.51,2026-01-01 01:40:16
ev1,28.19,E97,22451.27,E213,118.93,evehicle,92.51,2026-01-01 01:40:16.500000
ev1,27.72,E97,22455.12,E213,115.08,evehicle,92.51,2026-01-01 01:40:17
ev1,27.25,E97,22458.9,E213,111.3,evehicle,92.51,2026-01-01 01:40:17.500000
ev1,26.78,E97,22462.62,E213,107.58,evehicle,92.51,2026-01-01 01:40:18
ev1,26.32,E97,22466.28,E213,103.92,evehicle,92.51,2026-01-01 01:40:18.500000
ev1,25.85,E97,22469.87,E213,100.33,evehicle,92.51,2026-01-01 01:40:19
ev1,25.38,E97,22473.4,E213,96.8,evehicle,92.51,2026-01-01 01:40:19.500000
ev1,24.95,E97,22476.86,E213,93.34,evehicle,92.51,2026-01-01 01:40:20
ev1,24.48,E97,22480.26,E213,89.94,evehicle,92.51,2026-01-01 01:40:20.500000
ev1,24.01,E97,22483.59,E213,86.61,evehicle,92.51,2026-01-01 01:40:21
ev1,23.54,E97,22486.86,E213,83.34,evehicle,92.51,2026-01-01 01:40:21.500000
ev1,23.08,E97,22490.07,E213,80.13,evehicle,92.51,2026-01-01 01:40:22
ev1,22.61,E97,22493.21,E213,76.99,evehicle,92.51,2026-01-01 01:40:22.500000
ev1,22.18,E97,22496.29,E213,73.91,evehicle,92.51,2026-01-01 01:40:23
ev1,21.71,E97,22499.3,E213,70.9,evehicle,92.51,2026-01-01 01:40:23.500000
ev1,21.24,E97,22502.25,E213,67.95,evehicle,92.51,2026-01-01 01:40:24
ev1,20.77,E97,22505.14,E213,65.06,evehicle,92.51,2026-01-01 01:40:24.500000
ev1,20.3,E97,22507.96,E213,62.24,evehicle,92.51,2026-01-01 01:40:25
ev1,19.87,E97,22510.72,E213,59.48,evehicle,92.51,2026-01-01 01:40:25.500000
ev1,19.4,E97,22513.41,E213,56.79,evehicle,92.51,2026-01-01 01:40:26
ev1,18.94,:J66_12,22513.41,E213,56.79,evehicle,92.51,2026-01-01 01:40:26.500000
ev1,18.5,:J66_12,22513.41,E213,56.79,evehicle,92.51,2026-01-01 01:40:27
ev1,18.07,:J66_12,22513.41,E213,56.79,evehicle,92.51,2026-01-01 01:40:27.500000
ev1,17.68,:J66_12,22513.41,E213,56.79,evehicle,92.51,2026-01-01 01:40:28
ev1,17.28,:J66_12,22513.41,E213,56.79,evehicle,92.51,2026-01-01 01:40:28.500000
ev1,16.92,:J66_12,22513.41,E213,56.79,evehicle,92.51,2026-01-01 01:40:29
ev1,16.6,:J66_12,22513.41,E213,56.79,evehicle,92.51,2026-01-01 01:40:29.500000
ev1,16.24,:J66_12,22513.41,E213,56.79,evehicle,92.51,2026-01-01 01:40:30
ev1,15.91,:J66_12,22513.41,E213,56.79,evehicle,92.51,2026-01-01 01:40:30.500000
ev1,15.62,E213,22537.27,E213,32.93,evehicle,92.51,2026-01-01 01:40:31
ev1,15.08,E213,22539.37,E213,30.83,evehicle,92.51,2026-01-01 01:40:31.500000
ev1,14.58,E213,22541.39,E213,28.81,evehicle,92.51,2026-01-01 01:40:32
ev1,14.08,E213,22543.35,E213,26.85,evehicle,92.51,2026-01-01 01:40:32.500000
ev1,13.57,E213,22545.23,E213,24.97,evehicle,92.51,2026-01-01 01:40:33
ev1,13.03,E213,22547.04,E213,23.16,evehicle,92.51,2026-01-01 01:40:33.500000
ev1,12.53,E213,22548.79,E213,21.41,evehicle,92.51,2026-01-01 01:40:34
ev1,12.02,E213,22550.46,E213,19.74,evehicle,92.51,2026-01-01 01:40:34.500000
ev1,11.52,E213,22552.06,E213,18.14,evehicle,92.51,2026-01-01 01:40:35
ev1,11.02,E213,22553.59,E213,16.61,evehicle,92.51,2026-01-01 01:40:35.500000
ev1,10.51,E213,22555.05,E213,15.15,evehicle,92.51,2026-01-01 01:40:36
ev1,10.01,E213,22556.43,E213,13.77,evehicle,92.51,2026-01-01 01:40:36.500000
ev1,9.5,E213,22557.75,E213,12.45,evehicle,92.51,2026-01-01 01:40:37
ev1,9.0,E213,22559.0,E213,11.2,evehicle,92.51,2026-01-01 01:40:37.500000
ev1,8.5,E213,22560.18,E213,10.02,evehicle,92.51,2026-01-01 01:40:38
ev1,7.99,E213,22561.29,E213,8.91,evehicle,92.51,2026-01-01 01:40:38.500000
ev1,0.0,E213,22561.29,E42,893.23,evehicle,92.54,2026-01-01 01:40:39
ev1,0.0,E213,22561.29,E42,893.23,evehicle,92.54,2026-01-01 01:40:39.500000
ev1,0.0,E213,22561.29,E42,893.23,evehicle,92.54,2026-01-01 01:40:40
ev1,0.0,E213,22561.29,E42,893.23,evehicle,92.54,2026-01-01 01:40:40.500000
ev1,0.0,E213,22561.29,E42,893.23,evehicle,92.54,2026-01-01 01:40:41
ev1,0.0,E213,22561.29,E42,893.23,evehicle,92.54,2026-01-01 01:40:41.500000
ev1,0.0,E213,22561.29,E42,893.23,evehicle,92.54,2026-01-01 01:40:42
ev1,0.0,E213,22561.29,E42,893.23,evehicle,92.54,2026-01-01 01:40:42.500000
ev1,0.0,E213,22561.29,E42,893.23,evehicle,92.54,2026-01-01 01:40:43
ev1,0.0,E213,22561.29,E42,893.23,evehicle,92.54,2026-01-01 01:40:43.500000
ev1,0.0,E213,22561.29,E42,893.23,evehicle,92.54,2026-01-01 01:40:44
ev1,0.0,E213,22561.29,E42,893.23,evehicle,92.54,2026-01-01 01:40:44.500000
ev1,0.0,E213,22561.29,E42,893.23,evehicle,92.54,2026-01-01 01:40:45
ev1,0.0,E213,22561.29,E42,893.23,evehicle,92.54,2026-01-01 01:40:45.500000
ev1,0.0,E213,22561.29,E42,893.23,evehicle,92.54,2026-01-01 01:40:46
ev1,0.0,E213,22561.29,E42,893.23,evehicle,92.54,2026-01-01 01:40:46.500000
ev1,0.0,E213,22561.29,E42,893.23,evehicle,92.54,2026-01-01 01:40:47
ev1,0.0,E213,22561.29,E42,893.23,evehicle,92.54,2026-01-01 01:40:47.500000
ev1,0.0,E213,22561.29,E42,893.23,evehicle,92.54,2026-01-01 01:40:48
ev1,0.0,E213,22561.29,E42,893.23,evehicle,92.54,2026-01-01 01:40:48.500000
ev1,0.0,E213,22561.29,E42,893.23,evehicle,92.54,2026-01-01 01:40:49
ev1,0.0,E213,22561.29,E42,893.23,evehicle,92.54,2026-01-01 01:40:49.500000
ev1,0.0,E213,22561.29,E42,893.23,evehicle,92.54,2026-01-01 01:40:50
ev1,0.0,E213,22561.29,E42,893.23,evehicle,92.54,2026-01-01 01:40:50.500000
ev1,0.0,E213,22561.29,E42,893.23,evehicle,92.54,2026-01-01 01:40:51
ev1,0.0,E213,22561.29,E42,893.23,evehicle,92.54,2026-01-01 01:40:51.500000
ev1,0.0,E213,22561.29,E42,893.23,evehicle,92.54,2026-01-01 01:40:52
ev1,0.0,E213,22561.29,E42,893.23,evehicle,92.54,2026-01-01 01:40:52.500000
ev1,0.0,E213,22561.29,E42,893.23,evehicle,92.54,2026-01-01 01:40:53
ev1,0.0,E213,22561.29,E42,893.23,evehicle,92.54,2026-01-01 01:40:53.500000
ev1,0.0,E213,22561.29,E42,893.23,evehicle,92.54,2026-01-01 01:40:54
ev1,0.0,E213,22561.29,E42,893.23,evehicle,92.54,2026-01-01 01:40:54.500000
ev1,0.0,E213,22561.29,E42,893.23,evehicle,92.54,2026-01-01 01:40:55
ev1,0.0,E213,22561.29,E42,893.23,evehicle,92.54,2026-01-01 01:40:55.500000
ev1,0.0,E213,22561.29,E42,893.23,evehicle,92.54,2026-01-01 01:40:56
ev1,0.0,E213,22561.29,E42,893.23,evehicle,92.54,2026-01-01 01:40:56.500000
ev1,0.0,E213,22561.29,E42,893.23,evehicle,92.54,2026-01-01 01:40:57
ev1,0.0,E213,22561.29,E42,893.23,evehicle,92.54,2026-01-01 01:40:57.500000
ev1,0.0,E213,22561.29,E42,893.23,evehicle,92.54,2026-01-01 01:40:58
ev1,0.0,E213,22561.29,E42,893.23,evehicle,92.54,2026-01-01 01:40:58.500000
ev1,0.0,E213,22561.29,E42,893.23,evehicle,92.54,2026-01-01 01:40:59
ev1,0.0,E213,22561.29,E42,893.23,evehicle,92.54,2026-01-01 01:40:59.500000
ev1,0.0,E213,22561.29,E42,893.23,evehicle,92.54,2026-01-01 01:41:00
ev1,0.0,E213,22561.29,E42,893.23,evehicle,92.54,2026-01-01 01:41:00.500000
ev1,0.0,E213,22561.29,E42,893.23,evehicle,92.54,2026-01-01 01:41:01
ev1,0.0,E213,22561.29,E42,893.23,evehicle,92.54,2026-01-01 01:41:01.500000
ev1,0.0,E213,22561.29,E42,893.23,evehicle,92.54,2026-01-01 01:41:02
ev1,0.0,E213,22561.29,E42,893.23,evehicle,92.54,2026-01-01 01:41:02.500000
ev1,0.0,E213,22561.29,E42,893.23,evehicle,92.54,2026-01-01 01:41:03
ev1,0.0,E213,22561.29,E42,893.23,evehicle,92.54,2026-01-01 01:41:03.500000
ev1,0.0,E213,22561.29,E42,893.23,evehicle,92.54,2026-01-01 01:41:04
ev1,0.0,E213,22561.29,E42,893.23,evehicle,92.54,2026-01-01 01:41:04.500000
ev1,0.0,E213,22561.29,E42,893.23,evehicle,92.54,2026-01-01 01:41:05
ev1,0.0,E213,22561.29,E42,893.23,evehicle,92.54,2026-01-01 01:41:05.500000
ev1,0.0,E213,22561.29,E42,893.23,evehicle,92.54,2026-01-01 01:41:06
ev1,0.0,E213,22561.29,E42,893.23,evehicle,92.54,2026-01-01 01:41:06.500000
ev1,0.0,E213,22561.29,E42,893.23,evehicle,92.54,2026-01-01 01:41:07
ev1,0.0,E213,22561.29,E42,893.23,evehicle,92.54,2026-01-01 01:41:07.500000
ev1,0.0,E213,22561.29,E42,893.23,evehicle,92.54,2026-01-01 01:41:08
ev1,0.0,E213,22561.29,E42,893.23,evehicle,92.54,2026-01-01 01:41:08.500000
ev1,0.0,E213,22561.29,E42,893.23,evehicle,92.54,2026-01-01 01:41:09
ev1,0.0,E213,22561.29,E42,893.23,evehicle,92.54,2026-01-01 01:41:09.500000
ev1,0.0,E213,22561.29,E42,893.23,evehicle,92.54,2026-01-01 01:41:10
ev1,0.0,E213,22561.29,E42,893.23,evehicle,92.54,2026-01-01 01:41:10.500000
ev1,0.0,E213,22561.29,E42,893.23,evehicle,92.54,2026-01-01 01:41:11
ev1,0.0,E213,22561.29,E42,893.23,evehicle,92.54,2026-01-01 01:41:11.500000
ev1,0.0,E213,22561.29,E42,893.23,evehicle,92.54,2026-01-01 01:41:12
ev1,0.0,E213,22561.29,E42,893.23,evehicle,92.54,2026-01-01 01:41:12.500000
ev1,0.0,E213,22561.29,E42,893.23,evehicle,92.54,2026-01-01 01:41:13
ev1,0.0,E213,22561.29,E42,893.23,evehicle,92.54,2026-01-01 01:41:13.500000
ev1,0.0,E213,22561.29,E42,893.23,evehicle,92.54,2026-01-01 01:41:14
ev1,0.0,E213,22561.29,E42,893.23,evehicle,92.54,2026-01-01 01:41:14.500000
ev1,0.0,E213,22561.29,E42,893.23,evehicle,92.54,2026-01-01 01:41:15
ev1,0.0,E213,22561.29,E42,893.23,evehicle,92.51,2026-01-01 01:41:15.500000
ev1,0.0,E213,22561.29,E42,893.23,evehicle,92.51,2026-01-01 01:41:16
ev1,0.0,E213,22561.29,E42,893.23,evehicle,92.51,2026-01-01 01:41:16.500000
ev1,0.0,E213,22561.29,E42,893.23,evehicle,92.51,2026-01-01 01:41:17
ev1,0.0,E213,22561.29,E42,893.23,evehicle,92.51,2026-01-01 01:41:17.500000
ev1,0.0,E213,22561.29,E42,893.23,evehicle,92.51,2026-01-01 01:41:18
ev1,0.0,E213,22561.29,E42,893.23,evehicle,92.51,2026-01-01 01:41:18.500000
ev1,0.0,E213,22561.29,E42,893.23,evehicle,92.51,2026-01-01 01:41:19
ev1,0.0,E213,22561.29,E42,893.23,evehicle,92.51,2026-01-01 01:41:19.500000
ev1,0.0,E213,22561.29,E42,893.23,evehicle,92.51,2026-01-01 01:41:20
ev1,0.0,E213,22561.29,E42,893.23,evehicle,92.51,2026-01-01 01:41:20.500000
ev1,0.0,E213,22561.29,E42,893.23,evehicle,92.51,2026-01-01 01:41:21
ev1,0.0,E213,22561.29,E42,893.23,evehicle,92.51,2026-01-01 01:41:21.500000
ev1,0.0,E213,22561.29,E42,893.23,evehicle,92.51,2026-01-01 01:41:22
ev1,0.0,E213,22561.29,E42,893.23,evehicle,92.51,2026-01-01 01:41:22.500000
ev1,0.0,E213,22561.29,E42,893.23,evehicle,92.51,2026-01-01 01:41:23
ev1,0.0,E213,22561.29,E42,893.23,evehicle,92.51,2026-01-01 01:41:23.500000
ev1,0.0,E213,22561.29,E42,893.23,evehicle,92.51,2026-01-01 01:41:24
ev1,0.0,E213,22561.29,E42,893.23,evehicle,92.51,2026-01-01 01:41:24.500000
ev1,0.0,E213,22561.29,E42,893.23,evehicle,92.51,2026-01-01 01:41:25
ev1,0.0,E213,22561.29,E42,893.23,evehicle,92.51,2026-01-01 01:41:25.500000
ev1,0.0,E213,22561.29,E42,893.23,evehicle,92.51,2026-01-01 01:41:26
ev1,0.0,E213,22561.29,E42,893.23,evehicle,92.51,2026-01-01 01:41:26.500000
ev1,0.0,E213,22561.29,E42,893.23,evehicle,92.51,2026-01-01 01:41:27
ev1,0.0,E213,22561.29,E42,893.23,evehicle,92.51,2026-01-01 01:41:27.500000
ev1,0.0,E213,22561.29,E42,893.23,evehicle,92.51,2026-01-01 01:41:28
ev1,0.0,E213,22561.29,E42,893.23,evehicle,92.51,2026-01-01 01:41:28.500000
ev1,0.0,E213,22561.29,E42,893.23,evehicle,92.51,2026-01-01 01:41:29
ev1,0.0,E213,22561.29,E42,893.23,evehicle,92.51,2026-01-01 01:41:29.500000
ev1,0.0,E213,22561.29,E42,893.23,evehicle,92.51,2026-01-01 01:41:30
ev1,0.0,E213,22561.29,E42,893.23,evehicle,92.51,2026-01-01 01:41:30.500000
ev1,0.0,E213,22561.29,E42,893.23,evehicle,92.51,2026-01-01 01:41:31
ev1,0.0,E213,22561.29,E42,893.23,evehicle,92.51,2026-01-01 01:41:31.500000
ev1,0.0,E213,22561.29,E42,893.23,evehicle,92.51,2026-01-01 01:41:32
ev1,0.0,E213,22561.29,E42,893.23,evehicle,92.51,2026-01-01 01:41:32.500000
ev1,0.0,E213,22561.29,E42,893.23,evehicle,92.51,2026-01-01 01:41:33
ev1,0.0,E213,22561.29,E42,893.23,evehicle,92.51,2026-01-01 01:41:33.500000
ev1,0.0,E213,22561.29,E42,893.23,evehicle,92.51,2026-01-01 01:41:34
ev1,0.0,E213,22561.29,E42,893.23,evehicle,92.51,2026-01-01 01:41:34.500000
ev1,0.0,E213,22561.29,E42,893.23,evehicle,92.51,2026-01-01 01:41:35
ev1,0.0,E213,22561.29,E42,893.23,evehicle,92.51,2026-01-01 01:41:35.500000
ev1,0.0,E213,22561.29,E42,893.23,evehicle,92.51,2026-01-01 01:41:36
ev1,0.0,E213,22561.29,E42,893.23,evehicle,92.51,2026-01-01 01:41:36.500000
ev1,0.0,E213,22561.29,E42,893.23,evehicle,92.51,2026-01-01 01:41:37
ev1,0.0,E213,22561.29,E42,893.23,evehicle,92.51,2026-01-01 01:41:37.500000
ev1,0.0,E213,22561.29,E42,893.23,evehicle,92.51,2026-01-01 01:41:38
ev1,0.0,E213,22561.29,E42,893.23,evehicle,92.51,2026-01-01 01:41:38.500000
ev1,0.0,E213,22561.29,E42,893.23,evehicle,92.51,2026-01-01 01:41:39
ev1,4.1,E213,22561.86,E42,892.66,evehicle,92.51,2026-01-01 01:41:39.500000
ev1,8.32,E213,22563.01,E42,891.51,evehicle,92.51,2026-01-01 01:41:40
ev1,12.24,E213,22564.71,E42,889.81,evehicle,92.51,2026-01-01 01:41:40.500000
ev1,14.65,E213,22566.75,E42,887.77,evehicle,92.51,2026-01-01 01:41:41
ev1,19.12,E213,22569.41,E42,885.11,evehicle,92.51,2026-01-01 01:41:41.500000
ev1,19.66,:J145_0,22569.41,E42,885.11,evehicle,92.51,2026-01-01 01:41:42
ev1,19.87,:J145_0,22569.41,E42,885.11,evehicle,92.51,2026-01-01 01:41:42.500000
ev1,18.47,:J145_0,22569.41,E42,885.11,evehicle,92.51,2026-01-01 01:41:43
ev1,18.54,E214,22580.04,E42,874.48,evehicle,92.51,2026-01-01 01:41:43.500000
ev1,20.99,E214,22582.95,E42,871.57,evehicle,92.49,2026-01-01 01:41:44
ev1,23.94,E214,22586.28,E42,868.24,evehicle,92.49,2026-01-01 01:41:44.500000
ev1,28.4,E214,22590.22,E42,864.3,evehicle,92.46,2026-01-01 01:41:45
ev1,32.87,E214,22594.78,E42,859.74,evehicle,92.46,2026-01-01 01:41:45.500000
ev1,36.04,E214,22599.79,E42,854.73,evehicle,92.43,2026-01-01 01:41:46
ev1,39.06,E214,22605.21,E42,849.31,evehicle,92.43,2026-01-01 01:41:46.500000
ev1,37.98,E214,22610.49,E42,844.03,evehicle,92.43,2026-01-01 01:41:47
ev1,30.67,E214,22614.74,E42,839.78,evehicle,92.46,2026-01-01 01:41:47.500000
ev1,22.93,:J136_5,22614.74,E42,839.78,evehicle,92.49,2026-01-01 01:41:48
ev1,27.22,:J136_6,22614.74,E42,839.78,evehicle,92.46,2026-01-01 01:41:48.500000
ev1,25.74,:J136_6,22614.74,E42,839.78,evehicle,92.46,2026-01-01 01:41:49
ev1,27.22,:J136_6,22614.74,E42,839.78,evehicle,92.46,2026-01-01 01:41:49.500000
ev1,26.57,-E197,22632.75,E42,821.77,evehicle,92.46,2026-01-01 01:41:50
ev1,30.06,-E197,22636.93,E42,817.59,evehicle,92.46,2026-01-01 01:41:50.500000
ev1,34.38,-E197,22641.7,E42,812.82,evehicle,92.43,2026-01-01 01:41:51
ev1,36.72,-E197,22646.8,E42,807.72,evehicle,92.43,2026-01-01 01:41:51.500000
ev1,39.24,-E197,22652.25,E42,802.27,evehicle,92.4,2026-01-01 01:41:52
ev1,37.26,-E197,22657.43,E42,797.09,evehicle,92.43,2026-01-01 01:41:52.500000
ev1,29.16,-E197,22661.48,E42,793.04,evehicle,92.46,2026-01-01 01:41:53
ev1,21.06,-E197,22664.41,E42,790.11,evehicle,92.46,2026-01-01 01:41:53.500000
ev1,23.83,:J132_8,22664.41,E42,790.11,evehicle,92.46,2026-01-01 01:41:54
ev1,25.42,:J132_8,22664.41,E42,790.11,evehicle,92.46,2026-01-01 01:41:54.500000
ev1,25.34,:J132_8,22664.41,E42,790.11,evehicle,92.46,2026-01-01 01:41:55
ev1,26.28,:J132_8,22664.41,E42,790.11,evehicle,92.46,2026-01-01 01:41:55.500000
ev1,26.17,-E192,22682.05,E42,772.47,evehicle,92.46,2026-01-01 01:41:56
ev1,28.62,-E192,22686.02,E42,768.5,evehicle,92.43,2026-01-01 01:41:56.500000
ev1,32.04,-E192,22690.47,E42,764.05,evehicle,92.43,2026-01-01 01:41:57
ev1,36.4,-E192,22695.53,E42,758.99,evehicle,92.4,2026-01-01 01:41:57.500000
ev1,40.9,-E192,22701.21,E42,753.31,evehicle,92.37,2026-01-01 01:41:58
ev1,43.31,-E192,22707.22,E42,747.3,evehicle,92.37,2026-01-01 01:41:58.500000
ev1,35.21,-E192,22712.11,E42,742.41,evehicle,92.4,2026-01-01 01:41:59
ev1,27.36,-E192,22715.91,E42,738.61,evehicle,92.43,2026-01-01 01:41:59.500000
ev1,19.26,:J66_6,22715.91,E42,738.61,evehicle,92.46,2026-01-01 01:42:00
ev1,23.18,:J66_20,22715.91,E42,738.61,evehicle,92.43,2026-01-01 01:42:00.500000
ev1,25.88,:J66_20,22715.91,E42,738.61,evehicle,92.43,2026-01-01 01:42:01
ev1,29.38,:J66_20,22715.91,E42,738.61,evehicle,92.43,2026-01-01 01:42:01.500000
ev1,33.41,:J66_20,22715.91,E42,738.61,evehicle,92.4,2026-01-01 01:42:02
ev1,38.05,:J66_20,22715.91,E42,738.61,evehicle,92.37,2026-01-01 01:42:02.500000
ev1,41.62,:J66_20,22715.91,E42,738.61,evehicle,92.37,2026-01-01 01:42:03
ev1,44.5,-E97,22751.36,E42,703.16,evehicle,92.34,2026-01-01 01:42:03.500000
ev1,46.51,-E97,22757.82,E42,696.7,evehicle,92.34,2026-01-01 01:42:04
ev1,47.34,-E97,22764.4,E42,690.12,evehicle,92.34,2026-01-01 01:42:04.500000
ev1,45.54,-E97,22770.72,E42,683.8,evehicle,92.34,2026-01-01 01:42:05
ev1,45.54,-E97,22777.05,E42,677.47,evehicle,92.34,2026-01-01 01:42:05.500000
ev1,46.73,-E97,22783.54,E42,670.98,evehicle,92.34,2026-01-01 01:42:06
ev1,47.09,-E97,22790.08,E42,664.44,evehicle,92.31,2026-01-01 01:42:06.500000
ev1,46.33,-E97,22796.52,E42,658.0,evehicle,92.34,2026-01-01 01:42:07
ev1,47.23,-E97,22803.07,E42,651.45,evehicle,92.31,2026-01-01 01:42:07.500000
ev1,46.33,-E97,22809.51,E42,645.01,evehicle,92.31,2026-01-01 01:42:08
ev1,45.5,-E97,22815.83,E42,638.69,evehicle,92.34,2026-01-01 01:42:08.500000
ev1,45.61,-E97,22822.16,E42,632.36,evehicle,92.31,2026-01-01 01:42:09
ev1,45.18,:J21_7,22822.16,E42,632.36,evehicle,92.31,2026-01-01 01:42:09.500000
ev1,46.84,:J21_7,22822.16,E42,632.36,evehicle,92.31,2026-01-01 01:42:10
ev1,46.69,:J21_7,22822.16,E42,632.36,evehicle,92.31,2026-01-01 01:42:10.500000
ev1,45.61,:J21_7,22822.16,E42,632.36,evehicle,92.31,2026-01-01 01:42:11
ev1,45.47,-E10,22854.07,E42,600.45,evehicle,92.31,2026-01-01 01:42:11.500000
ev1,43.42,-E10,22860.1,E42,594.42,evehicle,92.31,2026-01-01 01:42:12
ev1,35.6,-E10,22865.05,E42,589.47,evehicle,92.37,2026-01-01 01:42:12.500000
ev1,27.5,-E10,22868.87,E42,585.65,evehicle,92.4,2026-01-01 01:42:13
ev1,19.4,-E10,22871.57,E42,582.95,evehicle,92.4,2026-01-01 01:42:13.500000
ev1,22.54,:J20_1,22871.57,E42,582.95,evehicle,92.4,2026-01-01 01:42:14
ev1,27.22,:J20_1,22871.57,E42,582.95,evehicle,92.4,2026-01-01 01:42:14.500000
ev1,28.04,:J20_1,22871.57,E42,582.95,evehicle,92.37,2026-01-01 01:42:15
ev1,27.32,:J20_1,22871.57,E42,582.95,evehicle,92.37,2026-01-01 01:42:15.500000
ev1,27.86,:J20_1,22871.57,E42,582.95,evehicle,92.37,2026-01-01 01:42:16
ev1,28.08,-E9,22893.94,E42,560.58,evehicle,92.37,2026-01-01 01:42:16.500000
ev1,30.6,-E9,22898.19,E42,556.33,evehicle,92.37,2026-01-01 01:42:17
ev1,31.93,-E9,22902.63,E42,551.89,evehicle,92.37,2026-01-01 01:42:17.500000
ev1,25.56,-E9,22906.18,E42,548.34,evehicle,92.37,2026-01-01 01:42:18
ev1,19.3,-E9,22908.86,E42,545.66,evehicle,92.4,2026-01-01 01:42:18.500000
ev1,16.42,-E9,22911.14,E42,543.38,evehicle,92.4,2026-01-01 01:42:19
ev1,9.5,-E9,22912.46,E42,542.06,evehicle,92.4,2026-01-01 01:42:19.500000
ev1,7.96,-E9,22913.57,E42,540.95,evehicle,92.4,2026-01-01 01:42:20
ev1,4.21,-E9,22914.15,E42,540.37,evehicle,92.43,2026-01-01 01:42:20.500000
ev1,2.3,-E9,22914.47,E42,540.05,evehicle,92.43,2026-01-01 01:42:21
ev1,0.94,-E9,22914.6,E42,539.92,evehicle,92.43,2026-01-01 01:42:21.500000
ev1,0.58,-E9,22914.68,E42,539.84,evehicle,92.43,2026-01-01 01:42:22
ev1,0.29,-E9,22914.72,E42,539.8,evehicle,92.43,2026-01-01 01:42:22.500000
ev1,0.22,-E9,22914.75,E42,539.77,evehicle,92.43,2026-01-01 01:42:23
ev1,0.11,-E9,22914.77,E42,539.75,evehicle,92.43,2026-01-01 01:42:23.500000
ev1,0.07,-E9,22914.78,E42,539.74,evehicle,92.43,2026-01-01 01:42:24
ev1,0.04,-E9,22914.78,E42,539.74,evehicle,92.43,2026-01-01 01:42:24.500000
ev1,0.0,-E9,22914.78,E42,539.74,evehicle,92.43,2026-01-01 01:42:25
ev1,0.0,-E9,22914.79,E42,539.73,evehicle,92.43,2026-01-01 01:42:25.500000
ev1,0.0,-E9,22914.79,E42,539.73,evehicle,92.43,2026-01-01 01:42:26
ev1,0.0,-E9,22914.79,E42,539.73,evehicle,92.43,2026-01-01 01:42:26.500000
ev1,0.0,-E9,22914.79,E42,539.73,evehicle,92.43,2026-01-01 01:42:27
ev1,0.0,-E9,22914.79,E42,539.73,evehicle,92.43,2026-01-01 01:42:27.500000
ev1,0.0,-E9,22914.79,E42,539.73,evehicle,92.43,2026-01-01 01:42:28
ev1,0.0,-E9,22914.79,E42,539.73,evehicle,92.43,2026-01-01 01:42:28.500000
ev1,0.0,-E9,22914.79,E42,539.73,evehicle,92.43,2026-01-01 01:42:29
ev1,0.0,-E9,22914.79,E42,539.73,evehicle,92.43,2026-01-01 01:42:29.500000
ev1,0.0,-E9,22914.79,E42,539.73,evehicle,92.43,2026-01-01 01:42:30
ev1,0.0,-E9,22914.79,E42,539.73,evehicle,92.43,2026-01-01 01:42:30.500000
ev1,1.84,-E9,22915.04,E42,539.48,evehicle,92.43,2026-01-01 01:42:31
ev1,4.54,-E9,22915.67,E42,538.85,evehicle,92.4,2026-01-01 01:42:31.500000
ev1,8.17,-E9,22916.81,E42,537.71,evehicle,92.4,2026-01-01 01:42:32
ev1,8.89,-E9,22918.04,E42,536.48,evehicle,92.4,2026-01-01 01:42:32.500000
ev1,11.38,-E9,22919.62,E42,534.9,evehicle,92.4,2026-01-01 01:42:33
ev1,15.95,-E9,22921.84,E42,532.68,evehicle,92.4,2026-01-01 01:42:33.500000
ev1,19.15,:J7_1,22921.84,E42,532.68,evehicle,92.4,2026-01-01 01:42:34
ev1,22.36,:J7_1,22921.84,E42,532.68,evehicle,92.37,2026-01-01 01:42:34.500000
ev1,26.39,:J7_1,22921.84,E42,532.68,evehicle,92.37,2026-01-01 01:42:35
ev1,30.06,:J7_1,22921.84,E42,532.68,evehicle,92.37,2026-01-01 01:42:35.500000
ev1,33.91,:J7_1,22921.84,E42,532.68,evehicle,92.34,2026-01-01 01:42:36
ev1,37.48,-euler,22945.36,E42,509.16,evehicle,92.31,2026-01-01 01:42:36.500000
ev1,31.86,-euler,22949.78,E42,504.74,evehicle,92.34,2026-01-01 01:42:37
ev1,25.56,-euler,22953.33,E42,501.19,evehicle,92.37,2026-01-01 01:42:37.500000
ev1,26.86,-euler,22957.06,E42,497.46,evehicle,92.37,2026-01-01 01:42:38
ev1,22.82,-euler,22960.23,E42,494.29,evehicle,92.37,2026-01-01 01:42:38.500000
ev1,21.85,-euler,22963.27,E42,491.25,evehicle,92.37,2026-01-01 01:42:39
ev1,19.94,-euler,22966.04,E42,488.48,evehicle,92.37,2026-01-01 01:42:39.500000
ev1,21.6,-euler,22969.04,E42,485.48,evehicle,92.37,2026-01-01 01:42:40
ev1,19.91,:J2_0,22969.04,E42,485.48,evehicle,92.37,2026-01-01 01:42:40.500000
ev1,20.3,:J2_0,22969.04,E42,485.48,evehicle,92.37,2026-01-01 01:42:41
ev1,20.88,:J2_0,22969.04,E42,485.48,evehicle,92.37,2026-01-01 01:42:41.500000
ev1,21.89,joulesB,22980.56,E42,473.96,evehicle,92.37,2026-01-01 01:42:42
ev1,26.24,joulesB,22984.2,E42,470.32,evehicle,92.34,2026-01-01 01:42:42.500000
ev1,28.69,joulesB,22988.18,E42,466.34,evehicle,92.34,2026-01-01 01:42:43
ev1,32.18,joulesB,22992.65,E42,461.87,evehicle,92.34,2026-01-01 01:42:43.500000
ev1,36.07,joulesB,22997.67,E42,456.85,evehicle,92.31,2026-01-01 01:42:44
ev1,35.03,joulesB,23002.53,E42,451.99,evehicle,92.31,2026-01-01 01:42:44.500000
ev1,27.4,joulesB,23006.34,E42,448.18,evehicle,92.34,2026-01-01 01:42:45
ev1,22.0,:J5_3,23006.34,E42,448.18,evehicle,92.37,2026-01-01 01:42:45.500000
ev1,26.42,:J5_11,23006.34,E42,448.18,evehicle,92.34,2026-01-01 01:42:46
ev1,28.76,:J5_11,23006.34,E42,448.18,evehicle,92.34,2026-01-01 01:42:46.500000
ev1,31.68,:J5_11,23006.34,E42,448.18,evehicle,92.31,2026-01-01 01:42:47
ev1,31.32,:J5_11,23006.34,E42,448.18,evehicle,92.31,2026-01-01 01:42:47.500000
ev1,31.68,:J5_11,23006.34,E42,448.18,evehicle,92.31,2026-01-01 01:42:48
ev1,32.18,pitagoras,23034.67,E42,419.85,evehicle,92.31,2026-01-01 01:42:48.500000
ev1,34.92,pitagoras,23039.53,E42,414.99,evehicle,92.31,2026-01-01 01:42:49
ev1,37.33,pitagoras,23044.71,E42,409.81,evehicle,92.29,2026-01-01 01:42:49.500000
ev1,33.88,pitagoras,23049.41,E42,405.11,evehicle,92.31,2026-01-01 01:42:50
ev1,26.46,pitagoras,23053.09,E42,401.43,evehicle,92.34,2026-01-01 01:42:50.500000
ev1,21.06,pitagoras,23056.01,E42,398.51,evehicle,92.34,2026-01-01 01:42:51
ev1,13.03,pitagoras,23057.82,E42,396.7,evehicle,92.37,2026-01-01 01:42:51.500000
ev1,4.93,pitagoras,23058.51,E42,396.01,evehicle,92.37,2026-01-01 01:42:52
ev1,0.04,pitagoras,23058.51,E42,396.01,evehicle,92.37,2026-01-01 01:42:52.500000
ev1,0.0,pitagoras,23058.51,E42,396.01,evehicle,92.37,2026-01-01 01:42:53
ev1,0.0,pitagoras,23058.51,E42,396.01,evehicle,92.37,2026-01-01 01:42:53.500000
ev1,0.0,pitagoras,23058.51,E42,396.01,evehicle,92.37,2026-01-01 01:42:54
ev1,0.0,pitagoras,23058.51,E42,396.01,evehicle,92.37,2026-01-01 01:42:54.500000
ev1,0.0,pitagoras,23058.51,E42,396.01,evehicle,92.37,2026-01-01 01:42:55
ev1,0.0,pitagoras,23058.51,E42,396.01,evehicle,92.37,2026-01-01 01:42:55.500000
ev1,0.0,pitagoras,23058.51,E42,396.01,evehicle,92.37,2026-01-01 01:42:56
ev1,0.0,pitagoras,23058.51,E42,396.01,evehicle,92.37,2026-01-01 01:42:56.500000
ev1,0.0,pitagoras,23058.51,E42,396.01,evehicle,92.37,2026-01-01 01:42:57
ev1,0.0,pitagoras,23058.51,E42,396.01,evehicle,92.37,2026-01-01 01:42:57.500000
ev1,0.0,pitagoras,23058.51,E42,396.01,evehicle,92.37,2026-01-01 01:42:58
ev1,0.0,pitagoras,23058.51,E42,396.01,evehicle,92.37,2026-01-01 01:42:58.500000
ev1,0.0,pitagoras,23058.51,E42,396.01,evehicle,92.37,2026-01-01 01:42:59
ev1,0.0,pitagoras,23058.51,E42,396.01,evehicle,92.37,2026-01-01 01:42:59.500000
ev1,0.0,pitagoras,23058.51,E42,396.01,evehicle,92.37,2026-01-01 01:43:00
ev1,0.0,pitagoras,23058.51,E42,396.01,evehicle,92.37,2026-01-01 01:43:00.500000
ev1,0.0,pitagoras,23058.51,E42,396.01,evehicle,92.37,2026-01-01 01:43:01
ev1,0.0,pitagoras,23058.51,E42,396.01,evehicle,92.37,2026-01-01 01:43:01.500000
ev1,0.0,pitagoras,23058.51,E42,396.01,evehicle,92.37,2026-01-01 01:43:02
ev1,0.0,pitagoras,23058.51,E42,396.01,evehicle,92.37,2026-01-01 01:43:02.500000
ev1,0.0,pitagoras,23058.51,E42,396.01,evehicle,92.37,2026-01-01 01:43:03
ev1,0.0,pitagoras,23058.51,E42,396.01,evehicle,92.37,2026-01-01 01:43:03.500000
ev1,0.0,pitagoras,23058.51,E42,396.01,evehicle,92.37,2026-01-01 01:43:04
ev1,0.0,pitagoras,23058.51,E42,396.01,evehicle,92.37,2026-01-01 01:43:04.500000
ev1,0.0,pitagoras,23058.51,E42,396.01,evehicle,92.37,2026-01-01 01:43:05
ev1,0.0,pitagoras,23058.51,E42,396.01,evehicle,92.37,2026-01-01 01:43:05.500000
ev1,0.0,pitagoras,23058.51,E42,396.01,evehicle,92.37,2026-01-01 01:43:06
ev1,0.0,pitagoras,23058.51,E42,396.01,evehicle,92.37,2026-01-01 01:43:06.500000
ev1,0.0,pitagoras,23058.51,E42,396.01,evehicle,92.37,2026-01-01 01:43:07
ev1,0.0,pitagoras,23058.51,E42,396.01,evehicle,92.37,2026-01-01 01:43:07.500000
ev1,0.0,pitagoras,23058.51,E42,396.01,evehicle,92.37,2026-01-01 01:43:08
ev1,0.0,pitagoras,23058.51,E42,396.01,evehicle,92.37,2026-01-01 01:43:08.500000
ev1,0.0,pitagoras,23058.51,E42,396.01,evehicle,92.37,2026-01-01 01:43:09
ev1,0.0,pitagoras,23058.51,E42,396.01,evehicle,92.37,2026-01-01 01:43:09.500000
ev1,0.0,pitagoras,23058.51,E42,396.01,evehicle,92.37,2026-01-01 01:43:10
ev1,0.0,pitagoras,23058.51,E42,396.01,evehicle,92.37,2026-01-01 01:43:10.500000
ev1,0.0,pitagoras,23058.51,E42,396.01,evehicle,92.37,2026-01-01 01:43:11
ev1,0.0,pitagoras,23058.51,E42,396.01,evehicle,92.37,2026-01-01 01:43:11.500000
ev1,0.0,pitagoras,23058.51,E42,396.01,evehicle,92.37,2026-01-01 01:43:12
ev1,0.0,pitagoras,23058.51,E42,396.01,evehicle,92.37,2026-01-01 01:43:12.500000
ev1,0.0,pitagoras,23058.51,E42,396.01,evehicle,92.37,2026-01-01 01:43:13
ev1,0.0,pitagoras,23058.51,E42,396.01,evehicle,92.37,2026-01-01 01:43:13.500000
ev1,0.0,pitagoras,23058.51,E42,396.01,evehicle,92.37,2026-01-01 01:43:14
ev1,0.0,pitagoras,23058.51,E42,396.01,evehicle,92.37,2026-01-01 01:43:14.500000
ev1,0.0,pitagoras,23058.51,E42,396.01,evehicle,92.37,2026-01-01 01:43:15
ev1,0.0,pitagoras,23058.51,E42,396.01,evehicle,92.37,2026-01-01 01:43:15.500000
ev1,0.0,pitagoras,23058.51,E42,396.01,evehicle,92.37,2026-01-01 01:43:16
ev1,0.0,pitagoras,23058.51,E42,396.01,evehicle,92.37,2026-01-01 01:43:16.500000
ev1,0.0,pitagoras,23058.51,E42,396.01,evehicle,92.37,2026-01-01 01:43:17
ev1,0.0,pitagoras,23058.51,E42,396.01,evehicle,92.37,2026-01-01 01:43:17.500000
ev1,0.0,pitagoras,23058.51,E42,396.01,evehicle,92.37,2026-01-01 01:43:18
ev1,0.0,pitagoras,23058.51,E42,396.01,evehicle,92.37,2026-01-01 01:43:18.500000
ev1,0.0,pitagoras,23058.51,E42,396.01,evehicle,92.37,2026-01-01 01:43:19
ev1,0.0,pitagoras,23058.51,E42,396.01,evehicle,92.37,2026-01-01 01:43:19.500000
ev1,0.0,pitagoras,23058.51,E42,396.01,evehicle,92.37,2026-01-01 01:43:20
ev1,0.0,pitagoras,23058.51,E42,396.01,evehicle,92.37,2026-01-01 01:43:20.500000
ev1,0.0,pitagoras,23058.51,E42,396.01,evehicle,92.37,2026-01-01 01:43:21
ev1,0.0,pitagoras,23058.51,E42,396.01,evehicle,92.37,2026-01-01 01:43:21.500000
ev1,0.0,pitagoras,23058.51,E42,396.01,evehicle,92.37,2026-01-01 01:43:22
ev1,0.0,pitagoras,23058.51,E42,396.01,evehicle,92.37,2026-01-01 01:43:22.500000
ev1,0.0,pitagoras,23058.51,E42,396.01,evehicle,92.37,2026-01-01 01:43:23
ev1,0.0,pitagoras,23058.51,E42,396.01,evehicle,92.37,2026-01-01 01:43:23.500000
ev1,0.0,pitagoras,23058.51,E42,396.01,evehicle,92.37,2026-01-01 01:43:24
ev1,0.0,pitagoras,23058.51,E42,396.01,evehicle,92.37,2026-01-01 01:43:24.500000
ev1,0.0,pitagoras,23058.51,E42,396.01,evehicle,92.37,2026-01-01 01:43:25
ev1,0.0,pitagoras,23058.51,E42,396.01,evehicle,92.37,2026-01-01 01:43:25.500000
ev1,0.0,pitagoras,23058.51,E42,396.01,evehicle,92.37,2026-01-01 01:43:26
ev1,0.0,pitagoras,23058.51,E42,396.01,evehicle,92.37,2026-01-01 01:43:26.500000
ev1,0.0,pitagoras,23058.51,E42,396.01,evehicle,92.37,2026-01-01 01:43:27
ev1,0.0,pitagoras,23058.51,E42,396.01,evehicle,92.37,2026-01-01 01:43:27.500000
ev1,0.0,pitagoras,23058.51,E42,396.01,evehicle,92.37,2026-01-01 01:43:28
ev1,0.0,pitagoras,23058.51,E42,396.01,evehicle,92.37,2026-01-01 01:43:28.500000
ev1,0.0,pitagoras,23058.51,E42,396.01,evehicle,92.37,2026-01-01 01:43:29
ev1,0.0,pitagoras,23058.51,E42,396.01,evehicle,92.37,2026-01-01 01:43:29.500000
ev1,0.0,pitagoras,23058.51,E42,396.01,evehicle,92.37,2026-01-01 01:43:30
ev1,3.92,pitagoras,23059.06,E42,395.46,evehicle,92.37,2026-01-01 01:43:30.500000
ev1,8.6,:J0_3,23059.06,E42,395.46,evehicle,92.37,2026-01-01 01:43:31
ev1,13.28,:J0_3,23059.06,E42,395.46,evehicle,92.34,2026-01-01 01:43:31.500000
ev1,17.03,:J0_14,23059.06,E42,395.46,evehicle,92.34,2026-01-01 01:43:32
ev1,20.59,:J0_14,23059.06,E42,395.46,evehicle,92.34,2026-01-01 01:43:32.500000
ev1,24.48,:J0_14,23059.06,E42,395.46,evehicle,92.31,2026-01-01 01:43:33
ev1,26.82,:J0_14,23059.06,E42,395.46,evehicle,92.31,2026-01-01 01:43:33.500000
ev1,27.4,E3,23078.26,E42,376.26,evehicle,92.31,2026-01-01 01:43:34
ev1,30.02,E3,23082.43,E42,372.09,evehicle,92.31,2026-01-01 01:43:34.500000
ev1,33.48,E3,23087.08,E42,367.44,evehicle,92.29,2026-01-01 01:43:35
ev1,37.51,E3,23092.29,E42,362.23,evehicle,92.29,2026-01-01 01:43:35.500000
ev1,41.69,E3,23098.08,E42,356.44,evehicle,92.26,2026-01-01 01:43:36
ev1,45.04,E3,23104.34,E42,350.18,evehicle,92.23,2026-01-01 01:43:36.500000
ev1,46.8,:J13_5,23104.34,E42,350.18,evehicle,92.23,2026-01-01 01:43:37
ev1,47.3,:J13_5,23104.34,E42,350.18,evehicle,92.23,2026-01-01 01:43:37.500000
ev1,45.58,E4,23123.73,E42,330.79,evehicle,92.23,2026-01-01 01:43:38
ev1,46.04,E4,23130.13,E42,324.39,evehicle,92.23,2026-01-01 01:43:38.500000
ev1,45.43,E4,23136.44,E42,318.08,evehicle,92.23,2026-01-01 01:43:39
ev1,47.23,E4,23143.0,E42,311.52,evehicle,92.2,2026-01-01 01:43:39.500000
ev1,46.22,E4,23149.42,E42,305.1,evehicle,92.23,2026-01-01 01:43:40
ev1,46.3,E4,23155.85,E42,298.67,evehicle,92.23,2026-01-01 01:43:40.500000
ev1,46.15,:J14_5,23155.85,E42,298.67,evehicle,92.23,2026-01-01 01:43:41
ev1,46.94,:J14_5,23155.85,E42,298.67,evehicle,92.2,2026-01-01 01:43:41.500000
ev1,45.65,E29,23175.12,E42,279.4,evehicle,92.23,2026-01-01 01:43:42
ev1,45.18,E29,23181.39,E42,273.13,evehicle,92.23,2026-01-01 01:43:42.500000
ev1,45.86,E29,23187.76,E42,266.76,evehicle,92.2,2026-01-01 01:43:43
ev1,45.14,E29,23194.03,E42,260.49,evehicle,92.2,2026-01-01 01:43:43.500000
ev1,46.19,E29,23200.45,E42,254.07,evehicle,92.2,2026-01-01 01:43:44
ev1,46.4,E29,23206.9,E42,247.62,evehicle,92.2,2026-01-01 01:43:44.500000
ev1,47.02,E29,23213.43,E42,241.09,evehicle,92.2,2026-01-01 01:43:45
ev1,46.26,E32,23219.85,E42,234.67,evehicle,92.2,2026-01-01 01:43:45.500000
ev1,46.73,E32,23226.34,E42,228.18,evehicle,92.2,2026-01-01 01:43:46
ev1,46.87,E32,23232.85,E42,221.67,evehicle,92.2,2026-01-01 01:43:46.500000
ev1,45.83,E32,23239.21,E42,215.31,evehicle,92.2,2026-01-01 01:43:47
ev1,45.86,E32,23245.58,E42,208.94,evehicle,92.2,2026-01-01 01:43:47.500000
ev1,45.5,E32,23251.9,E42,202.62,evehicle,92.2,2026-01-01 01:43:48
ev1,46.33,:J42_19,23251.9,E42,202.62,evehicle,92.2,2026-01-01 01:43:48.500000
ev1,46.15,:J42_19,23251.9,E42,202.62,evehicle,92.2,2026-01-01 01:43:49
ev1,46.01,:J42_19,23251.9,E42,202.62,evehicle,92.2,2026-01-01 01:43:49.500000
ev1,45.83,:J42_19,23251.9,E42,202.62,evehicle,92.2,2026-01-01 01:43:50
ev1,45.32,E35,23283.8,E42,170.72,evehicle,92.2,2026-01-01 01:43:50.500000
ev1,45.5,E35,23290.12,E42,164.4,evehicle,92.2,2026-01-01 01:43:51
ev1,47.09,E35,23296.66,E42,157.86,evehicle,92.17,2026-01-01 01:43:51.500000
ev1,46.37,E35,23303.1,E42,151.42,evehicle,92.17,2026-01-01 01:43:52
ev1,47.38,E35,23309.68,E42,144.84,evehicle,92.17,2026-01-01 01:43:52.500000
ev1,46.3,:J45_1,23309.68,E42,144.84,evehicle,92.17,2026-01-01 01:43:53
ev1,45.25,E38,23322.4,E42,132.12,evehicle,92.17,2026-01-01 01:43:53.500000
ev1,44.21,E38,23328.53,E42,125.99,evehicle,92.2,2026-01-01 01:43:54
ev1,43.13,E38,23334.52,E42,120.0,evehicle,92.2,2026-01-01 01:43:54.500000
ev1,42.05,E38,23340.36,E42,114.16,evehicle,92.2,2026-01-01 01:43:55
ev1,40.97,E38,23346.05,E42,108.47,evehicle,92.2,2026-01-01 01:43:55.500000
ev1,39.89,E38,23351.59,E42,102.93,evehicle,92.2,2026-01-01 01:43:56
ev1,38.81,E38,23356.98,E42,97.54,evehicle,92.2,2026-01-01 01:43:56.500000
ev1,37.73,:J48_5,23356.98,E42,97.54,evehicle,92.2,2026-01-01 01:43:57
ev1,36.72,:J48_5,23356.98,E42,97.54,evehicle,92.2,2026-01-01 01:43:57.500000
ev1,35.78,:J48_5,23356.98,E42,97.54,evehicle,92.23,2026-01-01 01:43:58
ev1,34.85,E41,23377.13,E42,77.39,evehicle,92.23,2026-01-01 01:43:58.500000
ev1,33.77,E41,23381.82,E42,72.7,evehicle,92.23,2026-01-01 01:43:59
ev1,32.69,E41,23386.36,E42,68.16,evehicle,92.23,2026-01-01 01:43:59.500000
ev1,31.57,E41,23390.75,E42,63.77,evehicle,92.23,2026-01-01 01:44:00
ev1,30.49,E41,23394.99,E42,59.53,evehicle,92.23,2026-01-01 01:44:00.500000
ev1,29.41,E41,23399.07,E42,55.45,evehicle,92.23,2026-01-01 01:44:01
ev1,28.33,E41,23403.01,E42,51.51,evehicle,92.23,2026-01-01 01:44:01.500000
ev1,27.25,E41,23406.79,E42,47.73,evehicle,92.23,2026-01-01 01:44:02
ev1,26.17,E41,23410.43,E42,44.09,evehicle,92.23,2026-01-01 01:44:02.500000
ev1,25.09,E41,23413.91,E42,40.61,evehicle,92.26,2026-01-01 01:44:03
ev1,24.01,E42,23417.25,E42,37.27,evehicle,92.26,2026-01-01 01:44:03.500000
ev1,22.93,E42,23420.44,E42,34.08,evehicle,92.26,2026-01-01 01:44:04
ev1,21.89,E42,23423.47,E42,31.05,evehicle,92.26,2026-01-01 01:44:04.500000
ev1,20.81,E42,23426.36,E42,28.16,evehicle,92.26,2026-01-01 01:44:05
ev1,19.73,E42,23429.1,E42,25.42,evehicle,92.26,2026-01-01 01:44:05.500000
ev1,18.68,E42,23431.7,E42,22.82,evehicle,92.26,2026-01-01 01:44:06
ev1,17.6,E42,23434.14,E42,20.38,evehicle,92.26,2026-01-01 01:44:06.500000
ev1,16.56,E42,23436.44,E42,18.08,evehicle,92.26,2026-01-01 01:44:07
ev1,15.48,E42,23438.59,E42,15.93,evehicle,92.26,2026-01-01 01:44:07.500000
ev1,14.44,E42,23440.6,E42,13.92,evehicle,92.26,2026-01-01 01:44:08
ev1,13.43,E42,23442.46,E42,12.06,evehicle,92.26,2026-01-01 01:44:08.500000
ev1,12.38,E42,23444.18,E42,10.34,evehicle,92.26,2026-01-01 01:44:09
ev1,11.34,E42,23445.76,E42,8.76,evehicle,92.26,2026-01-01 01:44:09.500000
ev1,3.24,E42,23446.21,E42,8.31,evehicle,92.29,2026-01-01 01:44:10
ev1,0.0,E42,23446.21,E156,867.13,evehicle,92.29,2026-01-01 01:44:10.500000
ev1,0.0,E42,23446.21,E156,867.13,evehicle,92.29,2026-01-01 01:44:11
ev1,0.0,E42,23446.21,E156,867.13,evehicle,92.29,2026-01-01 01:44:11.500000
ev1,0.0,E42,23446.21,E156,867.13,evehicle,92.29,2026-01-01 01:44:12
ev1,0.0,E42,23446.21,E156,867.13,evehicle,92.29,2026-01-01 01:44:12.500000
ev1,0.0,E42,23446.21,E156,867.13,evehicle,92.29,2026-01-01 01:44:13
ev1,0.0,E42,23446.21,E156,867.13,evehicle,92.29,2026-01-01 01:44:13.500000
ev1,0.0,E42,23446.21,E156,867.13,evehicle,92.29,2026-01-01 01:44:14
ev1,0.0,E42,23446.21,E156,867.13,evehicle,92.29,2026-01-01 01:44:14.500000
ev1,0.0,E42,23446.21,E156,867.13,evehicle,92.29,2026-01-01 01:44:15
ev1,0.0,E42,23446.21,E156,867.13,evehicle,92.29,2026-01-01 01:44:15.500000
ev1,0.0,E42,23446.21,E156,867.13,evehicle,92.29,2026-01-01 01:44:16
ev1,0.0,E42,23446.21,E156,867.13,evehicle,92.29,2026-01-01 01:44:16.500000
ev1,0.0,E42,23446.21,E156,867.13,evehicle,92.29,2026-01-01 01:44:17
ev1,0.0,E42,23446.21,E156,867.13,evehicle,92.29,2026-01-01 01:44:17.500000
ev1,0.0,E42,23446.21,E156,867.13,evehicle,92.29,2026-01-01 01:44:18
ev1,0.0,E42,23446.21,E156,867.13,evehicle,92.29,2026-01-01 01:44:18.500000
ev1,0.0,E42,23446.21,E156,867.13,evehicle,92.29,2026-01-01 01:44:19
ev1,0.0,E42,23446.21,E156,867.13,evehicle,92.29,2026-01-01 01:44:19.500000
ev1,0.0,E42,23446.21,E156,867.13,evehicle,92.29,2026-01-01 01:44:20
ev1,0.0,E42,23446.21,E156,867.13,evehicle,92.29,2026-01-01 01:44:20.500000
ev1,0.0,E42,23446.21,E156,867.13,evehicle,92.29,2026-01-01 01:44:21
ev1,0.0,E42,23446.21,E156,867.13,evehicle,92.29,2026-01-01 01:44:21.500000
ev1,0.0,E42,23446.21,E156,867.13,evehicle,92.29,2026-01-01 01:44:22
ev1,0.0,E42,23446.21,E156,867.13,evehicle,92.29,2026-01-01 01:44:22.500000
ev1,0.0,E42,23446.21,E156,867.13,evehicle,92.29,2026-01-01 01:44:23
ev1,0.0,E42,23446.21,E156,867.13,evehicle,92.29,2026-01-01 01:44:23.500000
ev1,0.0,E42,23446.21,E156,867.13,evehicle,92.29,2026-01-01 01:44:24
ev1,0.0,E42,23446.21,E156,867.13,evehicle,92.29,2026-01-01 01:44:24.500000
ev1,0.0,E42,23446.21,E156,867.13,evehicle,92.29,2026-01-01 01:44:25
ev1,0.0,E42,23446.21,E156,867.13,evehicle,92.29,2026-01-01 01:44:25.500000
ev1,0.0,E42,23446.21,E156,867.13,evehicle,92.29,2026-01-01 01:44:26
ev1,0.0,E42,23446.21,E156,867.13,evehicle,92.29,2026-01-01 01:44:26.500000
ev1,0.0,E42,23446.21,E156,867.13,evehicle,92.29,2026-01-01 01:44:27
ev1,0.0,E42,23446.21,E156,867.13,evehicle,92.29,2026-01-01 01:44:27.500000
ev1,0.0,E42,23446.21,E156,867.13,evehicle,92.29,2026-01-01 01:44:28
ev1,0.0,E42,23446.21,E156,867.13,evehicle,92.29,2026-01-01 01:44:28.500000
ev1,0.0,E42,23446.21,E156,867.13,evehicle,92.26,2026-01-01 01:44:29
ev1,0.0,E42,23446.21,E156,867.13,evehicle,92.26,2026-01-01 01:44:29.500000
ev1,0.0,E42,23446.21,E156,867.13,evehicle,92.26,2026-01-01 01:44:30
ev1,0.0,E42,23446.21,E156,867.13,evehicle,92.26,2026-01-01 01:44:30.500000
ev1,0.0,E42,23446.21,E156,867.13,evehicle,92.26,2026-01-01 01:44:31
ev1,0.0,E42,23446.21,E156,867.13,evehicle,92.26,2026-01-01 01:44:31.500000
ev1,0.0,E42,23446.21,E156,867.13,evehicle,92.26,2026-01-01 01:44:32
ev1,0.0,E42,23446.21,E156,867.13,evehicle,92.26,2026-01-01 01:44:32.500000
ev1,0.0,E42,23446.21,E156,867.13,evehicle,92.26,2026-01-01 01:44:33
ev1,0.0,E42,23446.21,E156,867.13,evehicle,92.26,2026-01-01 01:44:33.500000
ev1,0.0,E42,23446.21,E156,867.13,evehicle,92.26,2026-01-01 01:44:34
ev1,0.0,E42,23446.21,E156,867.13,evehicle,92.26,2026-01-01 01:44:34.500000
ev1,0.0,E42,23446.21,E156,867.13,evehicle,92.26,2026-01-01 01:44:35
ev1,0.0,E42,23446.21,E156,867.13,evehicle,92.26,2026-01-01 01:44:35.500000
ev1,0.0,E42,23446.21,E156,867.13,evehicle,92.26,2026-01-01 01:44:36
ev1,0.0,E42,23446.21,E156,867.13,evehicle,92.26,2026-01-01 01:44:36.500000
ev1,0.0,E42,23446.21,E156,867.13,evehicle,92.26,2026-01-01 01:44:37
ev1,0.0,E42,23446.21,E156,867.13,evehicle,92.26,2026-01-01 01:44:37.500000
ev1,0.0,E42,23446.21,E156,867.13,evehicle,92.26,2026-01-01 01:44:38
ev1,0.0,E42,23446.21,E156,867.13,evehicle,92.26,2026-01-01 01:44:38.500000
ev1,0.0,E42,23446.21,E156,867.13,evehicle,92.26,2026-01-01 01:44:39
ev1,0.0,E42,23446.21,E156,867.13,evehicle,92.26,2026-01-01 01:44:39.500000
ev1,0.0,E42,23446.21,E156,867.13,evehicle,92.26,2026-01-01 01:44:40
ev1,0.0,E42,23446.21,E156,867.13,evehicle,92.26,2026-01-01 01:44:40.500000
ev1,0.0,E42,23446.21,E156,867.13,evehicle,92.26,2026-01-01 01:44:41
ev1,0.0,E42,23446.21,E156,867.13,evehicle,92.26,2026-01-01 01:44:41.500000
ev1,0.0,E42,23446.21,E156,867.13,evehicle,92.26,2026-01-01 01:44:42
ev1,0.0,E42,23446.21,E156,867.13,evehicle,92.26,2026-01-01 01:44:42.500000
ev1,0.0,E42,23446.21,E156,867.13,evehicle,92.26,2026-01-01 01:44:43
ev1,0.0,E42,23446.21,E156,867.13,evehicle,92.26,2026-01-01 01:44:43.500000
ev1,0.0,E42,23446.21,E156,867.13,evehicle,92.26,2026-01-01 01:44:44
ev1,0.0,E42,23446.21,E156,867.13,evehicle,92.26,2026-01-01 01:44:44.500000
ev1,0.0,E42,23446.21,E156,867.13,evehicle,92.26,2026-01-01 01:44:45
ev1,0.0,E42,23446.21,E156,867.13,evehicle,92.26,2026-01-01 01:44:45.500000
ev1,0.0,E42,23446.21,E156,867.13,evehicle,92.26,2026-01-01 01:44:46
ev1,0.0,E42,23446.21,E156,867.13,evehicle,92.26,2026-01-01 01:44:46.500000
ev1,0.0,E42,23446.21,E156,867.13,evehicle,92.26,2026-01-01 01:44:47
ev1,0.0,E42,23446.21,E156,867.13,evehicle,92.26,2026-01-01 01:44:47.500000
ev1,0.0,E42,23446.21,E156,867.13,evehicle,92.26,2026-01-01 01:44:48
ev1,0.0,E42,23446.21,E156,867.13,evehicle,92.26,2026-01-01 01:44:48.500000
ev1,0.0,E42,23446.21,E156,867.13,evehicle,92.26,2026-01-01 01:44:49
ev1,0.0,E42,23446.21,E156,867.13,evehicle,92.26,2026-01-01 01:44:49.500000
ev1,0.0,E42,23446.21,E156,867.13,evehicle,92.26,2026-01-01 01:44:50
ev1,0.0,E42,23446.21,E156,867.13,evehicle,92.26,2026-01-01 01:44:50.500000
ev1,0.0,E42,23446.21,E156,867.13,evehicle,92.26,2026-01-01 01:44:51
ev1,0.0,E42,23446.21,E156,867.13,evehicle,92.26,2026-01-01 01:44:51.500000
ev1,0.0,E42,23446.21,E156,867.13,evehicle,92.26,2026-01-01 01:44:52
ev1,0.0,E42,23446.21,E156,867.13,evehicle,92.26,2026-01-01 01:44:52.500000
ev1,0.0,E42,23446.21,E156,867.13,evehicle,92.26,2026-01-01 01:44:53
ev1,0.0,E42,23446.21,E156,867.13,evehicle,92.26,2026-01-01 01:44:53.500000
ev1,0.0,E42,23446.21,E156,867.13,evehicle,92.26,2026-01-01 01:44:54
ev1,0.0,E42,23446.21,E156,867.13,evehicle,92.26,2026-01-01 01:44:54.500000
ev1,0.0,E42,23446.21,E156,867.13,evehicle,92.26,2026-01-01 01:44:55
ev1,0.0,E42,23446.21,E156,867.13,evehicle,92.26,2026-01-01 01:44:55.500000
ev1,0.0,E42,23446.21,E156,867.13,evehicle,92.26,2026-01-01 01:44:56
ev1,0.0,E42,23446.21,E156,867.13,evehicle,92.26,2026-01-01 01:44:56.500000
ev1,0.0,E42,23446.21,E156,867.13,evehicle,92.26,2026-01-01 01:44:57
ev1,0.0,E42,23446.21,E156,867.13,evehicle,92.26,2026-01-01 01:44:57.500000
ev1,0.0,E42,23446.21,E156,867.13,evehicle,92.26,2026-01-01 01:44:58
ev1,0.0,E42,23446.21,E156,867.13,evehicle,92.26,2026-01-01 01:44:58.500000
ev1,0.0,E42,23446.21,E156,867.13,evehicle,92.26,2026-01-01 01:44:59
ev1,0.0,E42,23446.21,E156,867.13,evehicle,92.26,2026-01-01 01:44:59.500000
ev1,0.0,E42,23446.21,E156,867.13,evehicle,92.26,2026-01-01 01:45:00
ev1,0.0,E42,23446.21,E156,867.13,evehicle,92.26,2026-01-01 01:45:00.500000
ev1,0.0,E42,23446.21,E156,867.13,evehicle,92.26,2026-01-01 01:45:01
ev1,0.0,E42,23446.21,E156,867.13,evehicle,92.26,2026-01-01 01:45:01.500000
ev1,0.0,E42,23446.21,E156,867.13,evehicle,92.26,2026-01-01 01:45:02
ev1,0.0,E42,23446.21,E156,867.13,evehicle,92.26,2026-01-01 01:45:02.500000
ev1,0.0,E42,23446.21,E156,867.13,evehicle,92.26,2026-01-01 01:45:03
ev1,0.0,E42,23446.21,E156,867.13,evehicle,92.26,2026-01-01 01:45:03.500000
ev1,0.0,E42,23446.21,E156,867.13,evehicle,92.26,2026-01-01 01:45:04
ev1,0.0,E42,23446.21,E156,867.13,evehicle,92.26,2026-01-01 01:45:04.500000
ev1,0.0,E42,23446.21,E156,867.13,evehicle,92.26,2026-01-01 01:45:05
ev1,0.0,E42,23446.21,E156,867.13,evehicle,92.26,2026-01-01 01:45:05.500000
ev1,0.0,E42,23446.21,E156,867.13,evehicle,92.26,2026-01-01 01:45:06
ev1,0.0,E42,23446.21,E156,867.13,evehicle,92.26,2026-01-01 01:45:06.500000
ev1,0.0,E42,23446.21,E156,867.13,evehicle,92.26,2026-01-01 01:45:07
ev1,0.0,E42,23446.21,E156,867.13,evehicle,92.26,2026-01-01 01:45:07.500000
ev1,0.0,E42,23446.21,E156,867.13,evehicle,92.26,2026-01-01 01:45:08
ev1,0.0,E42,23446.21,E156,867.13,evehicle,92.26,2026-01-01 01:45:08.500000
ev1,0.0,E42,23446.21,E156,867.13,evehicle,92.26,2026-01-01 01:45:09
ev1,0.0,E42,23446.21,E156,867.13,evehicle,92.26,2026-01-01 01:45:09.500000
ev1,0.0,E42,23446.21,E156,867.13,evehicle,92.26,2026-01-01 01:45:10
ev1,0.0,E42,23446.21,E156,867.13,evehicle,92.26,2026-01-01 01:45:10.500000
ev1,4.07,E42,23446.77,E156,866.57,evehicle,92.26,2026-01-01 01:45:11
ev1,8.03,E42,23447.89,E156,865.45,evehicle,92.26,2026-01-01 01:45:11.500000
ev1,11.81,E42,23449.53,E156,863.81,evehicle,92.26,2026-01-01 01:45:12
ev1,14.9,E42,23451.6,E156,861.74,evehicle,92.26,2026-01-01 01:45:12.500000
ev1,18.61,E42,23454.19,E156,859.15,evehicle,92.26,2026-01-01 01:45:13
ev1,23.0,:J52_18,23454.19,E156,859.15,evehicle,92.23,2026-01-01 01:45:13.500000
ev1,26.14,:J52_18,23454.19,E156,859.15,evehicle,92.23,2026-01-01 01:45:14
ev1,29.81,:J52_18,23454.19,E156,859.15,evehicle,92.2,2026-01-01 01:45:14.500000
ev1,33.52,:J52_18,23454.19,E156,859.15,evehicle,92.2,2026-01-01 01:45:15
ev1,37.73,:J52_18,23454.19,E156,859.15,evehicle,92.17,2026-01-01 01:45:15.500000
ev1,41.26,E83,23480.78,E156,832.56,evehicle,92.17,2026-01-01 01:45:16
ev1,43.63,E83,23486.84,E156,826.5,evehicle,92.14,2026-01-01 01:45:16.500000
ev1,46.66,E83,23493.32,E156,820.02,evehicle,92.11,2026-01-01 01:45:17
ev1,45.32,E83,23499.62,E156,813.72,evehicle,92.14,2026-01-01 01:45:17.500000
ev1,42.41,E83,23505.51,E156,807.83,evehicle,92.14,2026-01-01 01:45:18
ev1,34.31,E83,23510.27,E156,803.07,evehicle,92.17,2026-01-01 01:45:18.500000
ev1,26.21,E83,23513.91,E156,799.43,evehicle,92.2,2026-01-01 01:45:19
ev1,30.89,E83,23518.19,E156,795.15,evehicle,92.2,2026-01-01 01:45:19.500000
ev1,34.38,:J57_12,23518.19,E156,795.15,evehicle,92.17,2026-01-01 01:45:20
ev1,38.05,:J57_12,23518.19,E156,795.15,evehicle,92.17,2026-01-01 01:45:20.500000
ev1,42.44,:J57_12,23518.19,E156,795.15,evehicle,92.14,2026-01-01 01:45:21
ev1,46.66,:J57_12,23518.19,E156,795.15,evehicle,92.11,2026-01-01 01:45:21.500000
ev1,45.4,-E82,23546.94,E156,766.4,evehicle,92.11,2026-01-01 01:45:22
ev1,47.2,-E82,23553.49,E156,759.85,evehicle,92.11,2026-01-01 01:45:22.500000
ev1,46.22,-E82,23559.91,E156,753.43,evehicle,92.11,2026-01-01 01:45:23
ev1,45.72,-E82,23566.26,E156,747.08,evehicle,92.11,2026-01-01 01:45:23.500000
ev1,46.84,:J61_2,23566.26,E156,747.08,evehicle,92.11,2026-01-01 01:45:24
ev1,46.01,:J61_2,23566.26,E156,747.08,evehicle,92.11,2026-01-01 01:45:24.500000
ev1,46.62,:J61_2,23566.26,E156,747.08,evehicle,92.09,2026-01-01 01:45:25
ev1,45.68,E109,23591.98,E156,721.36,evehicle,92.11,2026-01-01 01:45:25.500000
ev1,46.15,E109,23598.39,E156,714.95,evehicle,92.09,2026-01-01 01:45:26
ev1,45.54,E109,23604.71,E156,708.63,evehicle,92.11,2026-01-01 01:45:26.500000
ev1,46.87,E109,23611.22,E156,702.12,evehicle,92.09,2026-01-01 01:45:27
ev1,45.83,E109,23617.59,E156,695.75,evehicle,92.09,2026-01-01 01:45:27.500000
ev1,37.73,E109,23622.83,E156,690.51,evehicle,92.14,2026-01-01 01:45:28
ev1,30.13,E109,23627.02,E156,686.32,evehicle,92.17,2026-01-01 01:45:28.500000
ev1,22.03,E109,23630.08,E156,683.26,evehicle,92.17,2026-01-01 01:45:29
ev1,26.32,:J74_2,23630.08,E156,683.26,evehicle,92.17,2026-01-01 01:45:29.500000
ev1,29.77,:J74_2,23630.08,E156,683.26,evehicle,92.17,2026-01-01 01:45:30
ev1,31.72,:J74_2,23630.08,E156,683.26,evehicle,92.14,2026-01-01 01:45:30.500000
ev1,33.08,:J74_2,23630.08,E156,683.26,evehicle,92.14,2026-01-01 01:45:31
ev1,32.26,:J74_2,23630.08,E156,683.26,evehicle,92.14,2026-01-01 01:45:31.500000
ev1,33.44,ohm,23655.99,E156,657.35,evehicle,92.14,2026-01-01 01:45:32
ev1,36.04,ohm,23661.0,E156,652.34,evehicle,92.11,2026-01-01 01:45:32.500000
ev1,40.46,ohm,23666.62,E156,646.72,evehicle,92.11,2026-01-01 01:45:33
ev1,43.13,ohm,23672.61,E156,640.73,evehicle,92.09,2026-01-01 01:45:33.500000
ev1,47.12,ohm,23679.15,E156,634.19,evehicle,92.06,2026-01-01 01:45:34
ev1,49.54,ohm,23686.03,E156,627.31,evehicle,92.06,2026-01-01 01:45:34.500000
ev1,53.82,ohm,23693.51,E156,619.83,evehicle,92.03,2026-01-01 01:45:35
ev1,57.49,ohm,23701.49,E156,611.85,evehicle,92.0,2026-01-01 01:45:35.500000
ev1,60.95,ohm,23709.96,E156,603.38,evehicle,91.97,2026-01-01 01:45:36
ev1,63.76,ohm,23718.81,E156,594.53,evehicle,91.94,2026-01-01 01:45:36.500000
ev1,66.71,ohm,23728.08,E156,585.26,evehicle,91.91,2026-01-01 01:45:37
ev1,69.37,ohm,23737.71,E156,575.63,evehicle,91.89,2026-01-01 01:45:37.500000
ev1,72.04,ohm,23747.72,E156,565.62,evehicle,91.86,2026-01-01 01:45:38
ev1,75.38,ohm,23758.19,E156,555.15,evehicle,91.83,2026-01-01 01:45:38.500000
ev1,77.87,ohm,23769.0,E156,544.34,evehicle,91.8,2026-01-01 01:45:39
ev1,80.6,ohm,23780.2,E156,533.14,evehicle,91.77,2026-01-01 01:45:39.500000
ev1,84.64,ohm,23791.96,E156,521.38,evehicle,91.74,2026-01-01 01:45:40
ev1,88.7,ohm,23804.27,E156,509.07,evehicle,91.69,2026-01-01 01:45:40.500000
ev1,91.44,ohm,23816.97,E156,496.37,evehicle,91.66,2026-01-01 01:45:41
ev1,96.05,ohm,23830.31,E156,483.03,evehicle,91.6,2026-01-01 01:45:41.500000
ev1,98.89,:J75_10,23830.31,E156,483.03,evehicle,91.57,2026-01-01 01:45:42
ev1,102.96,einstein,23858.35,E156,454.99,evehicle,91.51,2026-01-01 01:45:42.500000
ev1,107.35,einstein,23873.26,E156,440.08,evehicle,91.43,2026-01-01 01:45:43
ev1,111.49,einstein,23888.74,E156,424.6,evehicle,91.37,2026-01-01 01:45:43.500000
ev1,103.39,einstein,23903.1,E156,410.24,evehicle,91.46,2026-01-01 01:45:44
ev1,95.29,einstein,23916.34,E156,397.0,evehicle,91.54,2026-01-01 01:45:44.500000
ev1,87.19,einstein,23928.45,E156,384.89,evehicle,91.63,2026-01-01 01:45:45
ev1,79.09,einstein,23939.44,E156,373.9,evehicle,91.71,2026-01-01 01:45:45.500000
ev1,70.99,einstein,23949.3,E156,364.04,evehicle,91.77,2026-01-01 01:45:46
ev1,62.89,einstein,23958.04,E156,355.3,evehicle,91.83,2026-01-01 01:45:46.500000
ev1,54.79,einstein,23965.65,E156,347.69,evehicle,91.89,2026-01-01 01:45:47
ev1,46.76,einstein,23972.15,E156,341.19,evehicle,91.91,2026-01-01 01:45:47.500000
ev1,38.92,einstein,23977.55,E156,335.79,evehicle,91.94,2026-01-01 01:45:48
ev1,31.0,einstein,23981.86,E156,331.48,evehicle,91.97,2026-01-01 01:45:48.500000
ev1,22.9,:J78_10,23981.86,E156,331.48,evehicle,92.0,2026-01-01 01:45:49
ev1,27.07,:J78_11,23981.86,E156,331.48,evehicle,92.0,2026-01-01 01:45:49.500000
ev1,30.35,:J78_11,23981.86,E156,331.48,evehicle,91.97,2026-01-01 01:45:50
ev1,31.79,:J78_11,23981.86,E156,331.48,evehicle,91.97,2026-01-01 01:45:50.500000
ev1,31.61,:J78_11,23981.86,E156,331.48,evehicle,91.97,2026-01-01 01:45:51
ev1,31.97,:J78_11,23981.86,E156,331.48,evehicle,91.97,2026-01-01 01:45:51.500000
ev1,32.76,-E124,24010.81,E156,302.53,evehicle,91.97,2026-01-01 01:45:52
ev1,36.04,-E124,24015.81,E156,297.53,evehicle,91.94,2026-01-01 01:45:52.500000
ev1,40.28,-E124,24021.41,E156,291.93,evehicle,91.94,2026-01-01 01:45:53
ev1,44.93,-E124,24027.65,E156,285.69,evehicle,91.91,2026-01-01 01:45:53.500000
ev1,45.54,-E124,24033.97,E156,279.37,evehicle,91.91,2026-01-01 01:45:54
ev1,45.61,-E124,24040.31,E156,273.03,evehicle,91.91,2026-01-01 01:45:54.500000
ev1,46.37,-E124,24046.75,E156,266.59,evehicle,91.89,2026-01-01 01:45:55
ev1,45.86,-E124,24053.12,E156,260.22,evehicle,91.89,2026-01-01 01:45:55.500000
ev1,47.12,-E124,24059.66,E156,253.68,evehicle,91.89,2026-01-01 01:45:56
ev1,46.48,-E124,24066.12,E156,247.22,evehicle,91.89,2026-01-01 01:45:56.500000
ev1,47.23,-E124,24072.68,E156,240.66,evehicle,91.89,2026-01-01 01:45:57
ev1,45.11,-E124,24078.95,E156,234.39,evehicle,91.89,2026-01-01 01:45:57.500000
ev1,45.65,-E124,24085.29,E156,228.05,evehicle,91.89,2026-01-01 01:45:58
ev1,46.98,-E124,24091.81,E156,221.53,evehicle,91.89,2026-01-01 01:45:58.500000
ev1,40.68,-E124,24097.46,E156,215.88,evehicle,91.91,2026-01-01 01:45:59
ev1,33.37,-E124,24102.1,E156,211.24,evehicle,91.94,2026-01-01 01:45:59.500000
ev1,25.27,-E124,24105.61,E156,207.73,evehicle,91.97,2026-01-01 01:46:00
ev1,29.95,-E124,24109.78,E156,203.56,evehicle,91.94,2026-01-01 01:46:00.500000
ev1,30.1,:J89_17,24109.78,E156,203.56,evehicle,91.94,2026-01-01 01:46:01
ev1,30.1,:J89_17,24109.78,E156,203.56,evehicle,91.94,2026-01-01 01:46:01.500000
ev1,29.84,:J89_17,24109.78,E156,203.56,evehicle,91.94,2026-01-01 01:46:02
ev1,30.78,:J89_17,24109.78,E156,203.56,evehicle,91.94,2026-01-01 01:46:02.500000
ev1,30.56,E135,24130.8,E156,182.54,evehicle,91.94,2026-01-01 01:46:03
ev1,34.85,E135,24135.64,E156,177.7,evehicle,91.91,2026-01-01 01:46:03.500000
ev1,39.35,E135,24141.1,E156,172.24,evehicle,91.91,2026-01-01 01:46:04
ev1,43.38,E135,24147.13,E156,166.21,evehicle,91.89,2026-01-01 01:46:04.500000
ev1,40.93,E135,24152.81,E156,160.53,evehicle,91.89,2026-01-01 01:46:05
ev1,32.83,E135,24157.37,E156,155.97,evehicle,91.91,2026-01-01 01:46:05.500000
ev1,24.8,E135,24160.81,E156,152.53,evehicle,91.94,2026-01-01 01:46:06
ev1,17.64,:J95_5,24160.81,E156,152.53,evehicle,91.97,2026-01-01 01:46:06.500000
ev1,20.95,:J95_12,24160.81,E156,152.53,evehicle,91.94,2026-01-01 01:46:07
ev1,25.13,:J95_12,24160.81,E156,152.53,evehicle,91.94,2026-01-01 01:46:07.500000
ev1,28.01,:J95_12,24160.81,E156,152.53,evehicle,91.94,2026-01-01 01:46:08
ev1,29.02,:J95_12,24160.81,E156,152.53,evehicle,91.91,2026-01-01 01:46:08.500000
ev1,28.15,-E158,24181.49,E156,131.85,evehicle,91.94,2026-01-01 01:46:09
ev1,27.72,-E158,24185.34,E156,128.0,evehicle,91.94,2026-01-01 01:46:09.500000
ev1,27.32,-E158,24189.14,E156,124.2,evehicle,91.94,2026-01-01 01:46:10
ev1,26.89,-E158,24192.88,E156,120.46,evehicle,91.94,2026-01-01 01:46:10.500000
ev1,26.5,-E158,24196.55,E156,116.79,evehicle,91.94,2026-01-01 01:46:11
ev1,26.06,-E158,24200.17,E156,113.17,evehicle,91.94,2026-01-01 01:46:11.500000
ev1,21.42,-E158,24203.15,E156,110.19,evehicle,91.94,2026-01-01 01:46:12
ev1,13.32,:J111_0,24203.15,E156,110.19,evehicle,91.97,2026-01-01 01:46:12.500000
ev1,13.21,:J111_0,24203.15,E156,110.19,evehicle,91.97,2026-01-01 01:46:13
ev1,13.1,-E157,24208.65,E156,104.69,evehicle,91.97,2026-01-01 01:46:13.500000
ev1,13.0,-E157,24210.45,E156,102.89,evehicle,91.97,2026-01-01 01:46:14
ev1,12.85,-E157,24212.24,E156,101.1,evehicle,91.97,2026-01-01 01:46:14.500000
ev1,12.74,-E157,24214.01,E156,99.33,evehicle,91.94,2026-01-01 01:46:15
ev1,12.64,-E157,24215.76,E156,97.58,evehicle,91.94,2026-01-01 01:46:15.500000
ev1,12.53,-E157,24217.5,E156,95.84,evehicle,91.94,2026-01-01 01:46:16
ev1,12.42,-E157,24219.23,E156,94.11,evehicle,91.94,2026-01-01 01:46:16.500000
ev1,12.31,-E157,24220.94,E156,92.4,evehicle,91.94,2026-01-01 01:46:17
ev1,12.17,-E157,24222.63,E156,90.71,evehicle,91.94,2026-01-01 01:46:17.500000
ev1,12.06,-E157,24224.3,E156,89.04,evehicle,91.94,2026-01-01 01:46:18
ev1,11.95,-E157,24225.96,E156,87.38,evehicle,91.94,2026-01-01 01:46:18.500000
ev1,11.84,-E157,24227.61,E156,85.73,evehicle,91.94,2026-01-01 01:46:19
ev1,11.74,-E157,24229.24,E156,84.1,evehicle,91.94,2026-01-01 01:46:19.500000
ev1,11.63,-E157,24230.85,E156,82.49,evehicle,91.94,2026-01-01 01:46:20
ev1,11.48,-E157,24232.45,E156,80.89,evehicle,91.94,2026-01-01 01:46:20.500000
ev1,11.38,-E157,24234.03,E156,79.31,evehicle,91.94,2026-01-01 01:46:21
ev1,11.27,-E157,24235.6,E156,77.74,evehicle,91.94,2026-01-01 01:46:21.500000
ev1,11.16,-E157,24237.15,E156,76.19,evehicle,91.94,2026-01-01 01:46:22
ev1,11.05,:J110_3,24237.15,E156,76.19,evehicle,91.94,2026-01-01 01:46:22.500000
ev1,10.94,:J110_3,24237.15,E156,76.19,evehicle,91.94,2026-01-01 01:46:23
ev1,10.84,:J110_3,24237.15,E156,76.19,evehicle,91.94,2026-01-01 01:46:23.500000
ev1,10.73,:J110_3,24237.15,E156,76.19,evehicle,91.94,2026-01-01 01:46:24
ev1,10.62,:J110_3,24237.15,E156,76.19,evehicle,91.94,2026-01-01 01:46:24.500000
ev1,10.51,:J110_3,24237.15,E156,76.19,evehicle,91.94,2026-01-01 01:46:25
ev1,10.4,:J110_3,24237.15,E156,76.19,evehicle,91.94,2026-01-01 01:46:25.500000
ev1,10.3,:J110_3,24237.15,E156,76.19,evehicle,91.94,2026-01-01 01:46:26
ev1,10.22,:J110_3,24237.15,E156,76.19,evehicle,91.94,2026-01-01 01:46:26.500000
ev1,10.12,-E155,24251.83,E156,61.51,evehicle,91.94,2026-01-01 01:46:27
ev1,10.01,-E155,24253.22,E156,60.12,evehicle,91.94,2026-01-01 01:46:27.500000
ev1,9.9,-E155,24254.59,E156,58.75,evehicle,91.94,2026-01-01 01:46:28
ev1,9.76,-E155,24255.95,E156,57.39,evehicle,91.94,2026-01-01 01:46:28.500000
ev1,9.65,-E155,24257.29,E156,56.05,evehicle,91.94,2026-01-01 01:46:29
ev1,9.54,-E155,24258.62,E156,54.72,evehicle,91.94,2026-01-01 01:46:29.500000
ev1,9.43,-E155,24259.93,E156,53.41,evehicle,91.94,2026-01-01 01:46:30
ev1,9.32,-E155,24261.22,E156,52.12,evehicle,91.94,2026-01-01 01:46:30.500000
ev1,9.18,-E155,24262.5,E156,50.84,evehicle,91.94,2026-01-01 01:46:31
ev1,9.07,-E155,24263.76,E156,49.58,evehicle,91.94,2026-01-01 01:46:31.500000
ev1,8.96,-E155,24265.0,E156,48.34,evehicle,91.94,2026-01-01 01:46:32
ev1,8.86,-E155,24266.23,E156,47.11,evehicle,91.94,2026-01-01 01:46:32.500000
ev1,8.75,-E155,24267.45,E156,45.89,evehicle,91.94,2026-01-01 01:46:33
ev1,8.6,-E155,24268.64,E156,44.7,evehicle,91.94,2026-01-01 01:46:33.500000
ev1,8.5,-E155,24269.82,E156,43.52,evehicle,91.94,2026-01-01 01:46:34
ev1,8.39,-E155,24270.99,E156,42.35,evehicle,91.94,2026-01-01 01:46:34.500000
ev1,8.28,-E155,24272.14,E156,41.2,evehicle,91.94,2026-01-01 01:46:35
ev1,8.17,-E155,24273.27,E156,40.07,evehicle,91.94,2026-01-01 01:46:35.500000
ev1,8.03,-E155,24274.39,E156,38.95,evehicle,91.94,2026-01-01 01:46:36
ev1,7.92,-E155,24275.49,E156,37.85,evehicle,91.94,2026-01-01 01:46:36.500000
ev1,7.81,-E155,24276.57,E156,36.77,evehicle,91.94,2026-01-01 01:46:37
ev1,7.7,-E155,24277.64,E156,35.7,evehicle,91.94,2026-01-01 01:46:37.500000
ev1,7.6,-E155,24278.7,E156,34.64,evehicle,91.94,2026-01-01 01:46:38
ev1,7.45,-E155,24279.73,E156,33.61,evehicle,91.94,2026-01-01 01:46:38.500000
ev1,7.34,-E155,24280.75,E156,32.59,evehicle,91.94,2026-01-01 01:46:39
ev1,7.24,:J83_1,24280.75,E156,32.59,evehicle,91.94,2026-01-01 01:46:39.500000
ev1,7.13,:J83_1,24280.75,E156,32.59,evehicle,91.94,2026-01-01 01:46:40
ev1,7.02,:J83_1,24280.75,E156,32.59,evehicle,91.94,2026-01-01 01:46:40.500000
ev1,6.91,E156,24284.68,E156,28.66,evehicle,91.94,2026-01-01 01:46:41
ev1,6.8,E156,24285.63,E156,27.71,evehicle,91.94,2026-01-01 01:46:41.500000
ev1,6.7,E156,24286.55,E156,26.79,evehicle,91.94,2026-01-01 01:46:42
ev1,6.55,E156,24287.47,E156,25.87,evehicle,91.94,2026-01-01 01:46:42.500000
ev1,6.44,E156,24288.36,E156,24.98,evehicle,91.94,2026-01-01 01:46:43
ev1,6.34,E156,24289.24,E156,24.1,evehicle,91.94,2026-01-01 01:46:43.500000
ev1,6.23,E156,24290.1,E156,23.24,evehicle,91.94,2026-01-01 01:46:44
ev1,6.08,E156,24290.95,E156,22.39,evehicle,91.94,2026-01-01 01:46:44.500000
ev1,5.98,E156,24291.78,E156,21.56,evehicle,91.94,2026-01-01 01:46:45
ev1,5.87,E156,24292.6,E156,20.74,evehicle,91.94,2026-01-01 01:46:45.500000
ev1,5.76,E156,24293.4,E156,19.94,evehicle,91.94,2026-01-01 01:46:46
ev1,5.65,E156,24294.18,E156,19.16,evehicle,91.94,2026-01-01 01:46:46.500000
ev1,5.51,E156,24294.95,E156,18.39,evehicle,91.94,2026-01-01 01:46:47
ev1,5.4,E156,24295.7,E156,17.64,evehicle,91.94,2026-01-01 01:46:47.500000
ev1,5.29,E156,24296.44,E156,16.9,evehicle,91.94,2026-01-01 01:46:48
ev1,5.18,E156,24297.15,E156,16.19,evehicle,91.94,2026-01-01 01:46:48.500000
ev1,5.08,E156,24297.86,E156,15.48,evehicle,91.94,2026-01-01 01:46:49
ev1,4.93,E156,24298.55,E156,14.79,evehicle,91.94,2026-01-01 01:46:49.500000
ev1,4.82,E156,24299.22,E156,14.12,evehicle,91.94,2026-01-01 01:46:50
ev1,4.72,E156,24299.87,E156,13.47,evehicle,91.94,2026-01-01 01:46:50.500000
ev1,4.61,E156,24300.51,E156,12.83,evehicle,91.94,2026-01-01 01:46:51
ev1,4.5,E156,24301.14,E156,12.2,evehicle,91.94,2026-01-01 01:46:51.500000
ev1,4.39,E156,24301.74,E156,11.6,evehicle,91.94,2026-01-01 01:46:52
ev1,4.25,E156,24302.34,E156,11.0,evehicle,91.94,2026-01-01 01:46:52.500000
ev1,4.14,E156,24302.91,E156,10.43,evehicle,91.94,2026-01-01 01:46:53
ev1,4.03,E156,24303.47,E156,9.87,evehicle,91.94,2026-01-01 01:46:53.500000
ev1,0.0,E156,24303.47,-watt,882.22,evehicle,91.94,2026-01-01 01:46:54
ev1,0.0,E156,24303.47,-watt,882.22,evehicle,91.94,2026-01-01 01:46:54.500000
ev1,0.0,E156,24303.47,-watt,882.22,evehicle,91.94,2026-01-01 01:46:55
ev1,0.0,E156,24303.47,-watt,882.22,evehicle,91.94,2026-01-01 01:46:55.500000
ev1,0.0,E156,24303.47,-watt,882.22,evehicle,91.94,2026-01-01 01:46:56
ev1,0.0,E156,24303.47,-watt,882.22,evehicle,91.94,2026-01-01 01:46:56.500000
ev1,0.0,E156,24303.47,-watt,882.22,evehicle,91.94,2026-01-01 01:46:57
ev1,0.0,E156,24303.47,-watt,882.22,evehicle,91.94,2026-01-01 01:46:57.500000
ev1,0.0,E156,24303.47,-watt,882.22,evehicle,91.94,2026-01-01 01:46:58
ev1,0.0,E156,24303.47,-watt,882.22,evehicle,91.94,2026-01-01 01:46:58.500000
ev1,0.0,E156,24303.47,-watt,882.22,evehicle,91.94,2026-01-01 01:46:59
ev1,0.0,E156,24303.47,-watt,882.22,evehicle,91.94,2026-01-01 01:46:59.500000
ev1,0.0,E156,24303.47,-watt,882.22,evehicle,91.94,2026-01-01 01:47:00
ev1,0.0,E156,24303.47,-watt,882.22,evehicle,91.94,2026-01-01 01:47:00.500000
ev1,0.0,E156,24303.47,-watt,882.22,evehicle,91.94,2026-01-01 01:47:01
ev1,0.0,E156,24303.47,-watt,882.22,evehicle,91.94,2026-01-01 01:47:01.500000
ev1,0.0,E156,24303.47,-watt,882.22,evehicle,91.94,2026-01-01 01:47:02
ev1,0.0,E156,24303.47,-watt,882.22,evehicle,91.94,2026-01-01 01:47:02.500000
ev1,0.0,E156,24303.47,-watt,882.22,evehicle,91.94,2026-01-01 01:47:03
ev1,0.0,E156,24303.47,-watt,882.22,evehicle,91.94,2026-01-01 01:47:03.500000
ev1,0.0,E156,24303.47,-watt,882.22,evehicle,91.94,2026-01-01 01:47:04
ev1,0.0,E156,24303.47,-watt,882.22,evehicle,91.94,2026-01-01 01:47:04.500000
ev1,0.0,E156,24303.47,-watt,882.22,evehicle,91.94,2026-01-01 01:47:05
ev1,0.0,E156,24303.47,-watt,882.22,evehicle,91.94,2026-01-01 01:47:05.500000
ev1,0.0,E156,24303.47,-watt,882.22,evehicle,91.94,2026-01-01 01:47:06
ev1,0.0,E156,24303.47,-watt,882.22,evehicle,91.94,2026-01-01 01:47:06.500000
ev1,0.0,E156,24303.47,-watt,882.22,evehicle,91.94,2026-01-01 01:47:07
ev1,0.0,E156,24303.47,-watt,882.22,evehicle,91.94,2026-01-01 01:47:07.500000
ev1,0.0,E156,24303.47,-watt,882.22,evehicle,91.94,2026-01-01 01:47:08
ev1,0.0,E156,24303.47,-watt,882.22,evehicle,91.94,2026-01-01 01:47:08.500000
ev1,0.0,E156,24303.47,-watt,882.22,evehicle,91.94,2026-01-01 01:47:09
ev1,0.0,E156,24303.47,-watt,882.22,evehicle,91.94,2026-01-01 01:47:09.500000
ev1,0.0,E156,24303.47,-watt,882.22,evehicle,91.94,2026-01-01 01:47:10
ev1,0.0,E156,24303.47,-watt,882.22,evehicle,91.94,2026-01-01 01:47:10.500000
ev1,0.0,E156,24303.47,-watt,882.22,evehicle,91.94,2026-01-01 01:47:11
ev1,0.0,E156,24303.47,-watt,882.22,evehicle,91.94,2026-01-01 01:47:11.500000
ev1,0.0,E156,24303.47,-watt,882.22,evehicle,91.94,2026-01-01 01:47:12
ev1,0.0,E156,24303.47,-watt,882.22,evehicle,91.94,2026-01-01 01:47:12.500000
ev1,0.0,E156,24303.47,-watt,882.22,evehicle,91.94,2026-01-01 01:47:13
ev1,0.0,E156,24303.47,-watt,882.22,evehicle,91.94,2026-01-01 01:47:13.500000
ev1,0.0,E156,24303.47,-watt,882.22,evehicle,91.94,2026-01-01 01:47:14
ev1,0.0,E156,24303.47,-watt,882.22,evehicle,91.94,2026-01-01 01:47:14.500000
ev1,0.0,E156,24303.47,-watt,882.22,evehicle,91.94,2026-01-01 01:47:15
ev1,0.0,E156,24303.47,-watt,882.22,evehicle,91.94,2026-01-01 01:47:15.500000
ev1,0.0,E156,24303.47,-watt,882.22,evehicle,91.94,2026-01-01 01:47:16
ev1,0.0,E156,24303.47,-watt,882.22,evehicle,91.94,2026-01-01 01:47:16.500000
ev1,0.0,E156,24303.47,-watt,882.22,evehicle,91.94,2026-01-01 01:47:17
ev1,0.0,E156,24303.47,-watt,882.22,evehicle,91.94,2026-01-01 01:47:17.500000
ev1,0.0,E156,24303.47,-watt,882.22,evehicle,91.94,2026-01-01 01:47:18
ev1,0.0,E156,24303.47,-watt,882.22,evehicle,91.94,2026-01-01 01:47:18.500000
ev1,0.0,E156,24303.47,-watt,882.22,evehicle,91.94,2026-01-01 01:47:19
ev1,0.0,E156,24303.47,-watt,882.22,evehicle,91.94,2026-01-01 01:47:19.500000
ev1,0.0,E156,24303.47,-watt,882.22,evehicle,91.94,2026-01-01 01:47:20
ev1,0.0,E156,24303.47,-watt,882.22,evehicle,91.94,2026-01-01 01:47:20.500000
ev1,0.0,E156,24303.47,-watt,882.22,evehicle,91.94,2026-01-01 01:47:21
ev1,0.0,E156,24303.47,-watt,882.22,evehicle,91.94,2026-01-01 01:47:21.500000
ev1,0.0,E156,24303.47,-watt,882.22,evehicle,91.94,2026-01-01 01:47:22
ev1,0.0,E156,24303.47,-watt,882.22,evehicle,91.94,2026-01-01 01:47:22.500000
ev1,0.0,E156,24303.47,-watt,882.22,evehicle,91.94,2026-01-01 01:47:23
ev1,0.0,E156,24303.47,-watt,882.22,evehicle,91.94,2026-01-01 01:47:23.500000
ev1,0.0,E156,24303.47,-watt,882.22,evehicle,91.94,2026-01-01 01:47:24
ev1,0.0,E156,24303.47,-watt,882.22,evehicle,91.94,2026-01-01 01:47:24.500000
ev1,0.0,E156,24303.47,-watt,882.22,evehicle,91.94,2026-01-01 01:47:25
ev1,0.0,E156,24303.47,-watt,882.22,evehicle,91.94,2026-01-01 01:47:25.500000
ev1,0.0,E156,24303.47,-watt,882.22,evehicle,91.94,2026-01-01 01:47:26
ev1,0.0,E156,24303.47,-watt,882.22,evehicle,91.94,2026-01-01 01:47:26.500000
ev1,0.0,E156,24303.47,-watt,882.22,evehicle,91.94,2026-01-01 01:47:27
ev1,0.0,E156,24303.47,-watt,882.22,evehicle,91.94,2026-01-01 01:47:27.500000
ev1,0.0,E156,24303.47,-watt,882.22,evehicle,91.94,2026-01-01 01:47:28
ev1,0.0,E156,24303.47,-watt,882.22,evehicle,91.94,2026-01-01 01:47:28.500000
ev1,0.0,E156,24303.47,-watt,882.22,evehicle,91.94,2026-01-01 01:47:29
ev1,0.0,E156,24303.47,-watt,882.22,evehicle,91.94,2026-01-01 01:47:29.500000
ev1,0.0,E156,24303.47,-watt,882.22,evehicle,91.94,2026-01-01 01:47:30
ev1,0.0,E156,24303.47,-watt,882.22,evehicle,91.94,2026-01-01 01:47:30.500000
ev1,0.0,E156,24303.47,-watt,882.22,evehicle,91.94,2026-01-01 01:47:31
ev1,0.0,E156,24303.47,-watt,882.22,evehicle,91.94,2026-01-01 01:47:31.500000
ev1,0.0,E156,24303.47,-watt,882.22,evehicle,91.94,2026-01-01 01:47:32
ev1,0.0,E156,24303.47,-watt,882.22,evehicle,91.94,2026-01-01 01:47:32.500000
ev1,0.0,E156,24303.47,-watt,882.22,evehicle,91.94,2026-01-01 01:47:33
ev1,0.0,E156,24303.47,-watt,882.22,evehicle,91.94,2026-01-01 01:47:33.500000
ev1,0.0,E156,24303.47,-watt,882.22,evehicle,91.94,2026-01-01 01:47:34
ev1,0.0,E156,24303.47,-watt,882.22,evehicle,91.94,2026-01-01 01:47:34.500000
ev1,0.0,E156,24303.47,-watt,882.22,evehicle,91.94,2026-01-01 01:47:35
ev1,0.0,E156,24303.47,-watt,882.22,evehicle,91.94,2026-01-01 01:47:35.500000
ev1,0.0,E156,24303.47,-watt,882.22,evehicle,91.94,2026-01-01 01:47:36
ev1,0.0,E156,24303.47,-watt,882.22,evehicle,91.94,2026-01-01 01:47:36.500000
ev1,0.0,E156,24303.47,-watt,882.22,evehicle,91.94,2026-01-01 01:47:37
ev1,0.0,E156,24303.47,-watt,882.22,evehicle,91.94,2026-01-01 01:47:37.500000
ev1,0.0,E156,24303.47,-watt,882.22,evehicle,91.94,2026-01-01 01:47:38
ev1,0.0,E156,24303.47,-watt,882.22,evehicle,91.94,2026-01-01 01:47:38.500000
ev1,0.0,E156,24303.47,-watt,882.22,evehicle,91.94,2026-01-01 01:47:39
ev1,0.0,E156,24303.47,-watt,882.22,evehicle,91.94,2026-01-01 01:47:39.500000
ev1,0.0,E156,24303.47,-watt,882.22,evehicle,91.94,2026-01-01 01:47:40
ev1,0.0,E156,24303.47,-watt,882.22,evehicle,91.94,2026-01-01 01:47:40.500000
ev1,0.0,E156,24303.47,-watt,882.22,evehicle,91.94,2026-01-01 01:47:41
ev1,0.0,E156,24303.47,-watt,882.22,evehicle,91.94,2026-01-01 01:47:41.500000
ev1,0.0,E156,24303.47,-watt,882.22,evehicle,91.94,2026-01-01 01:47:42
ev1,0.0,E156,24303.47,-watt,882.22,evehicle,91.94,2026-01-01 01:47:42.500000
ev1,0.0,E156,24303.47,-watt,882.22,evehicle,91.94,2026-01-01 01:47:43
ev1,0.0,E156,24303.47,-watt,882.22,evehicle,91.94,2026-01-01 01:47:43.500000
ev1,0.0,E156,24303.47,-watt,882.22,evehicle,91.94,2026-01-01 01:47:44
ev1,0.0,E156,24303.47,-watt,882.22,evehicle,91.94,2026-01-01 01:47:44.500000
ev1,0.0,E156,24303.47,-watt,882.22,evehicle,91.94,2026-01-01 01:47:45
ev1,0.0,E156,24303.47,-watt,882.22,evehicle,91.94,2026-01-01 01:47:45.500000
ev1,0.0,E156,24303.47,-watt,882.22,evehicle,91.94,2026-01-01 01:47:46
ev1,0.0,E156,24303.47,-watt,882.22,evehicle,91.94,2026-01-01 01:47:46.500000
ev1,0.0,E156,24303.47,-watt,882.22,evehicle,91.94,2026-01-01 01:47:47
ev1,0.0,E156,24303.47,-watt,882.22,evehicle,91.94,2026-01-01 01:47:47.500000
ev1,0.0,E156,24303.47,-watt,882.22,evehicle,91.94,2026-01-01 01:47:48
ev1,0.0,E156,24303.47,-watt,882.22,evehicle,91.94,2026-01-01 01:47:48.500000
ev1,0.0,E156,24303.47,-watt,882.22,evehicle,91.94,2026-01-01 01:47:49
ev1,0.0,E156,24303.47,-watt,882.22,evehicle,91.94,2026-01-01 01:47:49.500000
ev1,0.0,E156,24303.47,-watt,882.22,evehicle,91.94,2026-01-01 01:47:50
ev1,0.0,E156,24303.47,-watt,882.22,evehicle,91.94,2026-01-01 01:47:50.500000
ev1,0.0,E156,24303.47,-watt,882.22,evehicle,91.94,2026-01-01 01:47:51
ev1,0.0,E156,24303.47,-watt,882.22,evehicle,91.94,2026-01-01 01:47:51.500000
ev1,0.0,E156,24303.47,-watt,882.22,evehicle,91.94,2026-01-01 01:47:52
ev1,0.0,E156,24303.47,-watt,882.22,evehicle,91.94,2026-01-01 01:47:52.500000
ev1,0.0,E156,24303.47,-watt,882.22,evehicle,91.94,2026-01-01 01:47:53
ev1,0.0,E156,24303.47,-watt,882.22,evehicle,91.94,2026-01-01 01:47:53.500000
ev1,0.0,E156,24303.47,-watt,882.22,evehicle,91.94,2026-01-01 01:47:54
ev1,4.5,E156,24304.1,-watt,881.59,evehicle,91.94,2026-01-01 01:47:54.500000
ev1,7.2,E156,24305.1,-watt,880.59,evehicle,91.94,2026-01-01 01:47:55
ev1,10.51,E156,24306.56,-watt,879.13,evehicle,91.94,2026-01-01 01:47:55.500000
ev1,14.72,E156,24308.6,-watt,877.09,evehicle,91.94,2026-01-01 01:47:56
ev1,17.78,E156,24311.07,-watt,874.62,evehicle,91.91,2026-01-01 01:47:56.500000
ev1,21.89,:J105_4,24311.07,-watt,874.62,evehicle,91.91,2026-01-01 01:47:57
ev1,20.45,:J105_4,24311.07,-watt,874.62,evehicle,91.91,2026-01-01 01:47:57.500000
ev1,20.23,:J105_4,24311.07,-watt,874.62,evehicle,91.91,2026-01-01 01:47:58
ev1,20.12,-E150,24322.56,-watt,863.13,evehicle,91.91,2026-01-01 01:47:58.500000
ev1,22.68,-E150,24325.7,-watt,859.99,evehicle,91.91,2026-01-01 01:47:59
ev1,25.7,-E150,24329.27,-watt,856.42,evehicle,91.89,2026-01-01 01:47:59.500000
ev1,29.88,-E150,24333.43,-watt,852.26,evehicle,91.89,2026-01-01 01:48:00
ev1,33.66,-E150,24338.1,-watt,847.59,evehicle,91.86,2026-01-01 01:48:00.500000
ev1,36.32,-E150,24343.15,-watt,842.54,evehicle,91.86,2026-01-01 01:48:01
ev1,39.02,:J96_10,24343.15,-watt,842.54,evehicle,91.86,2026-01-01 01:48:01.500000
ev1,41.4,:J96_10,24343.15,-watt,842.54,evehicle,91.83,2026-01-01 01:48:02
ev1,44.68,:J96_10,24343.15,-watt,842.54,evehicle,91.8,2026-01-01 01:48:02.500000
ev1,45.4,-E136,24366.83,-watt,818.86,evehicle,91.8,2026-01-01 01:48:03
ev1,46.94,-E136,24373.35,-watt,812.34,evehicle,91.8,2026-01-01 01:48:03.500000
ev1,45.9,-E136,24379.73,-watt,805.96,evehicle,91.8,2026-01-01 01:48:04
ev1,46.94,-E136,24386.25,-watt,799.44,evehicle,91.8,2026-01-01 01:48:04.500000
ev1,45.5,:J95_10,24386.25,-watt,799.44,evehicle,91.8,2026-01-01 01:48:05
ev1,45.47,:J95_10,24386.25,-watt,799.44,evehicle,91.8,2026-01-01 01:48:05.500000
ev1,46.04,-E135,24405.28,-watt,780.41,evehicle,91.8,2026-01-01 01:48:06
ev1,46.84,-E135,24411.78,-watt,773.91,evehicle,91.8,2026-01-01 01:48:06.500000
ev1,45.65,-E135,24418.12,-watt,767.57,evehicle,91.8,2026-01-01 01:48:07
ev1,44.28,-E135,24424.27,-watt,761.42,evehicle,91.8,2026-01-01 01:48:07.500000
ev1,37.98,-E135,24429.54,-watt,756.15,evehicle,91.83,2026-01-01 01:48:08
ev1,30.24,-E135,24433.74,-watt,751.95,evehicle,91.86,2026-01-01 01:48:08.500000
ev1,22.14,:J89_18,24433.74,-watt,751.95,evehicle,91.89,2026-01-01 01:48:09
ev1,20.63,:J89_18,24433.74,-watt,751.95,evehicle,91.89,2026-01-01 01:48:09.500000
ev1,21.67,:J89_18,24433.74,-watt,751.95,evehicle,91.89,2026-01-01 01:48:10
ev1,20.05,E124,24445.47,-watt,740.22,evehicle,91.89,2026-01-01 01:48:10.500000
ev1,22.5,E124,24448.6,-watt,737.09,evehicle,91.89,2026-01-01 01:48:11
ev1,25.88,E124,24452.2,-watt,733.49,evehicle,91.86,2026-01-01 01:48:11.500000
ev1,28.94,E124,24456.22,-watt,729.47,evehicle,91.86,2026-01-01 01:48:12
ev1,33.52,E124,24460.87,-watt,724.82,evehicle,91.83,2026-01-01 01:48:12.500000
ev1,38.05,E124,24466.15,-watt,719.54,evehicle,91.8,2026-01-01 01:48:13
ev1,41.98,E124,24471.98,-watt,713.71,evehicle,91.8,2026-01-01 01:48:13.500000
ev1,44.71,E124,24478.19,-watt,707.5,evehicle,91.77,2026-01-01 01:48:14
ev1,47.2,E124,24484.75,-watt,700.94,evehicle,91.77,2026-01-01 01:48:14.500000
ev1,45.61,E124,24491.08,-watt,694.61,evehicle,91.77,2026-01-01 01:48:15
ev1,45.43,E124,24497.39,-watt,688.3,evehicle,91.77,2026-01-01 01:48:15.500000
ev1,46.84,E124,24503.9,-watt,681.79,evehicle,91.77,2026-01-01 01:48:16
ev1,47.23,E124,24510.46,-watt,675.23,evehicle,91.74,2026-01-01 01:48:16.500000
ev1,45.22,E124,24516.74,-watt,668.95,evehicle,91.77,2026-01-01 01:48:17
ev1,46.33,E124,24523.17,-watt,662.52,evehicle,91.77,2026-01-01 01:48:17.500000
ev1,47.02,E124,24529.7,-watt,655.99,evehicle,91.74,2026-01-01 01:48:18
ev1,40.25,E124,24535.29,-watt,650.4,evehicle,91.77,2026-01-01 01:48:18.500000
ev1,32.15,E124,24539.76,-watt,645.93,evehicle,91.83,2026-01-01 01:48:19
ev1,24.41,E124,24543.15,-watt,642.54,evehicle,91.83,2026-01-01 01:48:19.500000
ev1,29.09,E124,24547.19,-watt,638.5,evehicle,91.83,2026-01-01 01:48:20
ev1,21.1,:J78_0,24547.19,-watt,638.5,evehicle,91.86,2026-01-01 01:48:20.500000
ev1,20.88,:J78_0,24547.19,-watt,638.5,evehicle,91.86,2026-01-01 01:48:21
ev1,20.95,:J78_0,24547.19,-watt,638.5,evehicle,91.86,2026-01-01 01:48:21.500000
ev1,22.0,-einstein,24558.99,-watt,626.7,evehicle,91.83,2026-01-01 01:48:22
ev1,26.28,-einstein,24562.64,-watt,623.05,evehicle,91.83,2026-01-01 01:48:22.500000
ev1,29.95,-einstein,24566.8,-watt,618.89,evehicle,91.8,2026-01-01 01:48:23
ev1,33.3,-einstein,24571.43,-watt,614.26,evehicle,91.8,2026-01-01 01:48:23.500000
ev1,35.93,-einstein,24576.41,-watt,609.28,evehicle,91.8,2026-01-01 01:48:24
ev1,38.92,-einstein,24581.82,-watt,603.87,evehicle,91.77,2026-01-01 01:48:24.500000
ev1,42.84,-einstein,24587.77,-watt,597.92,evehicle,91.74,2026-01-01 01:48:25
ev1,45.43,-einstein,24594.08,-watt,591.61,evehicle,91.74,2026-01-01 01:48:25.500000
ev1,49.61,-einstein,24600.97,-watt,584.72,evehicle,91.71,2026-01-01 01:48:26
ev1,53.35,-einstein,24608.38,-watt,577.31,evehicle,91.69,2026-01-01 01:48:26.500000
ev1,56.74,-einstein,24616.27,-watt,569.42,evehicle,91.66,2026-01-01 01:48:27
ev1,61.27,-einstein,24624.78,-watt,560.91,evehicle,91.63,2026-01-01 01:48:27.500000
ev1,64.19,-einstein,24633.69,-watt,552.0,evehicle,91.6,2026-01-01 01:48:28
ev1,67.82,-einstein,24643.11,-watt,542.58,evehicle,91.57,2026-01-01 01:48:28.500000
ev1,70.81,-einstein,24652.94,-watt,532.75,evehicle,91.54,2026-01-01 01:48:29
ev1,74.99,-einstein,24663.36,-watt,522.33,evehicle,91.51,2026-01-01 01:48:29.500000
ev1,77.72,-einstein,24674.16,-watt,511.53,evehicle,91.49,2026-01-01 01:48:30
ev1,81.65,-einstein,24685.5,-watt,500.19,evehicle,91.43,2026-01-01 01:48:30.500000
ev1,84.78,:J75_5,24685.5,-watt,500.19,evehicle,91.4,2026-01-01 01:48:31
ev1,88.09,-ohm,24709.51,-watt,476.18,evehicle,91.37,2026-01-01 01:48:31.500000
ev1,92.52,-ohm,24722.36,-watt,463.33,evehicle,91.31,2026-01-01 01:48:32
ev1,96.55,-ohm,24735.77,-watt,449.92,evehicle,91.26,2026-01-01 01:48:32.500000
ev1,99.18,-ohm,24749.54,-watt,436.15,evehicle,91.23,2026-01-01 01:48:33
ev1,102.31,-ohm,24763.75,-watt,421.94,evehicle,91.17,2026-01-01 01:48:33.500000
ev1,105.34,-ohm,24778.38,-watt,407.31,evehicle,91.14,2026-01-01 01:48:34
ev1,108.61,-ohm,24793.47,-watt,392.22,evehicle,91.09,2026-01-01 01:48:34.500000
ev1,111.24,-ohm,24808.91,-watt,376.78,evehicle,91.03,2026-01-01 01:48:35
ev1,113.15,-ohm,24824.63,-watt,361.06,evehicle,91.0,2026-01-01 01:48:35.500000
ev1,111.64,-ohm,24840.13,-watt,345.56,evehicle,91.03,2026-01-01 01:48:36
ev1,113.0,-ohm,24855.83,-watt,329.86,evehicle,91.0,2026-01-01 01:48:36.500000
ev1,113.08,-ohm,24871.54,-watt,314.15,evehicle,90.97,2026-01-01 01:48:37
ev1,112.32,:J74_7,24871.54,-watt,314.15,evehicle,90.97,2026-01-01 01:48:37.500000
ev1,111.92,:J74_7,24871.54,-watt,314.15,evehicle,90.97,2026-01-01 01:48:38
ev1,112.21,-watt,24918.27,-watt,267.26,evehicle,90.97,2026-01-01 01:48:38.500000
ev1,112.79,-watt,24933.93,-watt,251.6,evehicle,90.94,2026-01-01 01:48:39
ev1,113.44,-watt,24949.69,-watt,235.84,evehicle,90.94,2026-01-01 01:48:39.500000
ev1,112.57,-watt,24965.32,-watt,220.21,evehicle,90.94,2026-01-01 01:48:40
ev1,112.07,-watt,24980.89,-watt,204.64,evehicle,90.94,2026-01-01 01:48:40.500000
ev1,113.22,-watt,24996.61,-watt,188.92,evehicle,90.91,2026-01-01 01:48:41
ev1,111.89,-watt,25012.16,-watt,173.37,evehicle,90.91,2026-01-01 01:48:41.500000
ev1,113.15,-watt,25027.87,-watt,157.66,evehicle,90.89,2026-01-01 01:48:42
ev1,112.93,-watt,25043.55,-watt,141.98,evehicle,90.89,2026-01-01 01:48:42.500000
ev1,106.7,-watt,25058.37,-watt,127.16,evehicle,90.94,2026-01-01 01:48:43
ev1,100.48,-watt,25072.33,-watt,113.2,evehicle,91.0,2026-01-01 01:48:43.500000
ev1,94.28,-watt,25085.42,-watt,100.11,evehicle,91.09,2026-01-01 01:48:44
ev1,88.13,-watt,25097.66,-watt,87.87,evehicle,91.14,2026-01-01 01:48:44.500000
ev1,81.97,-watt,25109.04,-watt,76.49,evehicle,91.2,2026-01-01 01:48:45
ev1,75.89,-watt,25119.58,-watt,65.95,evehicle,91.23,2026-01-01 01:48:45.500000
ev1,69.8,-watt,25129.28,-watt,56.25,evehicle,91.29,2026-01-01 01:48:46
ev1,63.79,-watt,25138.14,-watt,47.39,evehicle,91.31,2026-01-01 01:48:46.500000
ev1,57.82,-watt,25146.17,-watt,39.36,evehicle,91.37,2026-01-01 01:48:47
ev1,51.95,-watt,25153.39,-watt,32.14,evehicle,91.4,2026-01-01 01:48:47.500000
ev1,46.12,-watt,25159.79,-watt,25.74,evehicle,91.43,2026-01-01 01:48:48
ev1,40.36,-watt,25165.4,-watt,20.13,evehicle,91.46,2026-01-01 01:48:48.500000
ev1,34.74,-watt,25170.22,-watt,15.31,evehicle,91.49,2026-01-01 01:48:49
ev1,29.27,-watt,25174.29,-watt,11.24,evehicle,91.49,2026-01-01 01:48:49.500000
ev1,23.98,-watt,25177.62,-watt,7.91,evehicle,91.51,2026-01-01 01:48:50
ev1,15.88,-watt,25179.82,-watt,5.71,evehicle,91.54,2026-01-01 01:48:50.500000
ev1,7.78,-watt,25180.9,-watt,4.63,evehicle,91.54,2026-01-01 01:48:51
ev1,0.0,-watt,25180.9,-E212,782.48,evehicle,91.54,2026-01-01 01:48:51.500000
ev1,0.0,-watt,25180.9,-E212,782.48,evehicle,91.54,2026-01-01 01:48:52
ev1,0.0,-watt,25180.9,-E212,782.48,evehicle,91.54,2026-01-01 01:48:52.500000
ev1,0.0,-watt,25180.9,-E212,782.48,evehicle,91.54,2026-01-01 01:48:53
ev1,0.0,-watt,25180.9,-E212,782.48,evehicle,91.54,2026-01-01 01:48:53.500000
ev1,0.0,-watt,25180.9,-E212,782.48,evehicle,91.54,2026-01-01 01:48:54
ev1,0.0,-watt,25180.9,-E212,782.48,evehicle,91.54,2026-01-01 01:48:54.500000
ev1,0.0,-watt,25180.9,-E212,782.48,evehicle,91.54,2026-01-01 01:48:55
ev1,0.0,-watt,25180.9,-E212,782.48,evehicle,91.54,2026-01-01 01:48:55.500000
ev1,0.0,-watt,25180.9,-E212,782.48,evehicle,91.54,2026-01-01 01:48:56
ev1,0.0,-watt,25180.9,-E212,782.48,evehicle,91.54,2026-01-01 01:48:56.500000
ev1,0.0,-watt,25180.9,-E212,782.48,evehicle,91.54,2026-01-01 01:48:57
ev1,0.0,-watt,25180.9,-E212,782.48,evehicle,91.54,2026-01-01 01:48:57.500000
ev1,0.0,-watt,25180.9,-E212,782.48,evehicle,91.54,2026-01-01 01:48:58
ev1,0.0,-watt,25180.9,-E212,782.48,evehicle,91.54,2026-01-01 01:48:58.500000
ev1,0.0,-watt,25180.9,-E212,782.48,evehicle,91.54,2026-01-01 01:48:59
ev1,0.0,-watt,25180.9,-E212,782.48,evehicle,91.54,2026-01-01 01:48:59.500000
ev1,0.0,-watt,25180.9,-E212,782.48,evehicle,91.54,2026-01-01 01:49:00
ev1,0.0,-watt,25180.9,-E212,782.48,evehicle,91.54,2026-01-01 01:49:00.500000
ev1,0.0,-watt,25180.9,-E212,782.48,evehicle,91.54,2026-01-01 01:49:01
ev1,0.0,-watt,25180.9,-E212,782.48,evehicle,91.54,2026-01-01 01:49:01.500000
ev1,0.0,-watt,25180.9,-E212,782.48,evehicle,91.54,2026-01-01 01:49:02
ev1,0.0,-watt,25180.9,-E212,782.48,evehicle,91.54,2026-01-01 01:49:02.500000
ev1,0.0,-watt,25180.9,-E212,782.48,evehicle,91.54,2026-01-01 01:49:03
ev1,0.0,-watt,25180.9,-E212,782.48,evehicle,91.54,2026-01-01 01:49:03.500000
ev1,0.0,-watt,25180.9,-E212,782.48,evehicle,91.54,2026-01-01 01:49:04
ev1,0.0,-watt,25180.9,-E212,782.48,evehicle,91.54,2026-01-01 01:49:04.500000
ev1,0.0,-watt,25180.9,-E212,782.48,evehicle,91.54,2026-01-01 01:49:05
ev1,0.0,-watt,25180.9,-E212,782.48,evehicle,91.54,2026-01-01 01:49:05.500000
ev1,0.0,-watt,25180.9,-E212,782.48,evehicle,91.54,2026-01-01 01:49:06
ev1,0.0,-watt,25180.9,-E212,782.48,evehicle,91.54,2026-01-01 01:49:06.500000
ev1,0.0,-watt,25180.9,-E212,782.48,evehicle,91.54,2026-01-01 01:49:07
ev1,0.0,-watt,25180.9,-E212,782.48,evehicle,91.54,2026-01-01 01:49:07.500000
ev1,0.0,-watt,25180.9,-E212,782.48,evehicle,91.54,2026-01-01 01:49:08
ev1,0.0,-watt,25180.9,-E212,782.48,evehicle,91.54,2026-01-01 01:49:08.500000
ev1,0.0,-watt,25180.9,-E212,782.48,evehicle,91.54,2026-01-01 01:49:09
ev1,0.0,-watt,25180.9,-E212,782.48,evehicle,91.54,2026-01-01 01:49:09.500000
ev1,0.0,-watt,25180.9,-E212,782.48,evehicle,91.54,2026-01-01 01:49:10
ev1,0.0,-watt,25180.9,-E212,782.48,evehicle,91.54,2026-01-01 01:49:10.500000
ev1,0.0,-watt,25180.9,-E212,782.48,evehicle,91.54,2026-01-01 01:49:11
ev1,0.0,-watt,25180.9,-E212,782.48,evehicle,91.54,2026-01-01 01:49:11.500000
ev1,0.0,-watt,25180.9,-E212,782.48,evehicle,91.54,2026-01-01 01:49:12
ev1,0.0,-watt,25180.9,-E212,782.48,evehicle,91.54,2026-01-01 01:49:12.500000
ev1,0.0,-watt,25180.9,-E212,782.48,evehicle,91.54,2026-01-01 01:49:13
ev1,0.0,-watt,25180.9,-E212,782.48,evehicle,91.54,2026-01-01 01:49:13.500000
ev1,0.0,-watt,25180.9,-E212,782.48,evehicle,91.54,2026-01-01 01:49:14
ev1,0.0,-watt,25180.9,-E212,782.48,evehicle,91.54,2026-01-01 01:49:14.500000
ev1,0.0,-watt,25180.9,-E212,782.48,evehicle,91.54,2026-01-01 01:49:15
ev1,0.0,-watt,25180.9,-E212,782.48,evehicle,91.54,2026-01-01 01:49:15.500000
ev1,0.0,-watt,25180.9,-E212,782.48,evehicle,91.54,2026-01-01 01:49:16
ev1,0.0,-watt,25180.9,-E212,782.48,evehicle,91.54,2026-01-01 01:49:16.500000
ev1,0.0,-watt,25180.9,-E212,782.48,evehicle,91.54,2026-01-01 01:49:17
ev1,0.0,-watt,25180.9,-E212,782.48,evehicle,91.54,2026-01-01 01:49:17.500000
ev1,0.0,-watt,25180.9,-E212,782.48,evehicle,91.54,2026-01-01 01:49:18
ev1,0.0,-watt,25180.9,-E212,782.48,evehicle,91.54,2026-01-01 01:49:18.500000
ev1,0.0,-watt,25180.9,-E212,782.48,evehicle,91.54,2026-01-01 01:49:19
ev1,0.0,-watt,25180.9,-E212,782.48,evehicle,91.54,2026-01-01 01:49:19.500000
ev1,0.0,-watt,25180.9,-E212,782.48,evehicle,91.54,2026-01-01 01:49:20
ev1,0.0,-watt,25180.9,-E212,782.48,evehicle,91.54,2026-01-01 01:49:20.500000
ev1,0.0,-watt,25180.9,-E212,782.48,evehicle,91.54,2026-01-01 01:49:21
ev1,0.0,-watt,25180.9,-E212,782.48,evehicle,91.54,2026-01-01 01:49:21.500000
ev1,0.0,-watt,25180.9,-E212,782.48,evehicle,91.54,2026-01-01 01:49:22
ev1,0.0,-watt,25180.9,-E212,782.48,evehicle,91.54,2026-01-01 01:49:22.500000
ev1,0.0,-watt,25180.9,-E212,782.48,evehicle,91.54,2026-01-01 01:49:23
ev1,0.0,-watt,25180.9,-E212,782.48,evehicle,91.54,2026-01-01 01:49:23.500000
ev1,0.0,-watt,25180.9,-E212,782.48,evehicle,91.54,2026-01-01 01:49:24
ev1,0.0,-watt,25180.9,-E212,782.48,evehicle,91.54,2026-01-01 01:49:24.500000
ev1,0.0,-watt,25180.9,-E212,782.48,evehicle,91.54,2026-01-01 01:49:25
ev1,0.0,-watt,25180.9,-E212,782.48,evehicle,91.54,2026-01-01 01:49:25.500000
ev1,0.0,-watt,25180.9,-E212,782.48,evehicle,91.54,2026-01-01 01:49:26
ev1,0.0,-watt,25180.9,-E212,782.48,evehicle,91.54,2026-01-01 01:49:26.500000
ev1,0.0,-watt,25180.9,-E212,782.48,evehicle,91.54,2026-01-01 01:49:27
ev1,0.0,-watt,25180.9,-E212,782.48,evehicle,91.54,2026-01-01 01:49:27.500000
ev1,0.0,-watt,25180.9,-E212,782.48,evehicle,91.54,2026-01-01 01:49:28
ev1,0.0,-watt,25180.9,-E212,782.48,evehicle,91.54,2026-01-01 01:49:28.500000
ev1,0.0,-watt,25180.9,-E212,782.48,evehicle,91.54,2026-01-01 01:49:29
ev1,0.0,-watt,25180.9,-E212,782.48,evehicle,91.54,2026-01-01 01:49:29.500000
ev1,0.0,-watt,25180.9,-E212,782.48,evehicle,91.54,2026-01-01 01:49:30
ev1,0.0,-watt,25180.9,-E212,782.48,evehicle,91.54,2026-01-01 01:49:30.500000
ev1,0.0,-watt,25180.9,-E212,782.48,evehicle,91.54,2026-01-01 01:49:31
ev1,0.0,-watt,25180.9,-E212,782.48,evehicle,91.54,2026-01-01 01:49:31.500000
ev1,0.0,-watt,25180.9,-E212,782.48,evehicle,91.54,2026-01-01 01:49:32
ev1,0.0,-watt,25180.9,-E212,782.48,evehicle,91.54,2026-01-01 01:49:32.500000
ev1,0.0,-watt,25180.9,-E212,782.48,evehicle,91.54,2026-01-01 01:49:33
ev1,0.0,-watt,25180.9,-E212,782.48,evehicle,91.54,2026-01-01 01:49:33.500000
ev1,0.0,-watt,25180.9,-E212,782.48,evehicle,91.54,2026-01-01 01:49:34
ev1,0.0,-watt,25180.9,-E212,782.48,evehicle,91.54,2026-01-01 01:49:34.500000
ev1,0.0,-watt,25180.9,-E212,782.48,evehicle,91.54,2026-01-01 01:49:35
ev1,0.0,-watt,25180.9,-E212,782.48,evehicle,91.54,2026-01-01 01:49:35.500000
ev1,0.0,-watt,25180.9,-E212,782.48,evehicle,91.54,2026-01-01 01:49:36
ev1,0.0,-watt,25180.9,-E212,782.48,evehicle,91.54,2026-01-01 01:49:36.500000
ev1,0.0,-watt,25180.9,-E212,782.48,evehicle,91.54,2026-01-01 01:49:37
ev1,0.0,-watt,25180.9,-E212,782.48,evehicle,91.54,2026-01-01 01:49:37.500000
ev1,0.0,-watt,25180.9,-E212,782.48,evehicle,91.54,2026-01-01 01:49:38
ev1,0.0,-watt,25180.9,-E212,782.48,evehicle,91.54,2026-01-01 01:49:38.500000
ev1,0.0,-watt,25180.9,-E212,782.48,evehicle,91.54,2026-01-01 01:49:39
ev1,0.0,-watt,25180.9,-E212,782.48,evehicle,91.54,2026-01-01 01:49:39.500000
ev1,0.0,-watt,25180.9,-E212,782.48,evehicle,91.54,2026-01-01 01:49:40
ev1,0.0,-watt,25180.9,-E212,782.48,evehicle,91.54,2026-01-01 01:49:40.500000
ev1,0.0,-watt,25180.9,-E212,782.48,evehicle,91.54,2026-01-01 01:49:41
ev1,0.0,-watt,25180.9,-E212,782.48,evehicle,91.54,2026-01-01 01:49:41.500000
ev1,0.0,-watt,25180.9,-E212,782.48,evehicle,91.54,2026-01-01 01:49:42
ev1,0.0,-watt,25180.9,-E212,782.48,evehicle,91.54,2026-01-01 01:49:42.500000
ev1,0.0,-watt,25180.9,-E212,782.48,evehicle,91.54,2026-01-01 01:49:43
ev1,0.0,-watt,25180.9,-E212,782.48,evehicle,91.54,2026-01-01 01:49:43.500000
ev1,0.0,-watt,25180.9,-E212,782.48,evehicle,91.54,2026-01-01 01:49:44
ev1,0.0,-watt,25180.9,-E212,782.48,evehicle,91.54,2026-01-01 01:49:44.500000
ev1,0.0,-watt,25180.9,-E212,782.48,evehicle,91.54,2026-01-01 01:49:45
ev1,0.0,-watt,25180.9,-E212,782.48,evehicle,91.54,2026-01-01 01:49:45.500000
ev1,0.0,-watt,25180.9,-E212,782.48,evehicle,91.54,2026-01-01 01:49:46
ev1,0.0,-watt,25180.9,-E212,782.48,evehicle,91.54,2026-01-01 01:49:46.500000
ev1,0.0,-watt,25180.9,-E212,782.48,evehicle,91.54,2026-01-01 01:49:47
ev1,0.0,-watt,25180.9,-E212,782.48,evehicle,91.54,2026-01-01 01:49:47.500000
ev1,0.0,-watt,25180.9,-E212,782.48,evehicle,91.54,2026-01-01 01:49:48
ev1,0.0,-watt,25180.9,-E212,782.48,evehicle,91.54,2026-01-01 01:49:48.500000
ev1,0.0,-watt,25180.9,-E212,782.48,evehicle,91.54,2026-01-01 01:49:49
ev1,0.0,-watt,25180.9,-E212,782.48,evehicle,91.54,2026-01-01 01:49:49.500000
ev1,0.0,-watt,25180.9,-E212,782.48,evehicle,91.54,2026-01-01 01:49:50
ev1,0.0,-watt,25180.9,-E212,782.48,evehicle,91.54,2026-01-01 01:49:50.500000
ev1,0.0,-watt,25180.9,-E212,782.48,evehicle,91.54,2026-01-01 01:49:51
ev1,0.0,-watt,25180.9,-E212,782.48,evehicle,91.54,2026-01-01 01:49:51.500000
ev1,3.6,-watt,25181.4,-E212,781.98,evehicle,91.54,2026-01-01 01:49:52
ev1,6.37,-watt,25182.29,-E212,781.09,evehicle,91.54,2026-01-01 01:49:52.500000
ev1,9.68,-watt,25183.63,-E212,779.75,evehicle,91.54,2026-01-01 01:49:53
ev1,14.29,:J73_7,25183.63,-E212,779.75,evehicle,91.51,2026-01-01 01:49:53.500000
ev1,18.14,:J73_7,25183.63,-E212,779.75,evehicle,91.51,2026-01-01 01:49:54
ev1,22.36,:J73_7,25183.63,-E212,779.75,evehicle,91.51,2026-01-01 01:49:54.500000
ev1,25.27,:J73_7,25183.63,-E212,779.75,evehicle,91.49,2026-01-01 01:49:55
ev1,28.62,:J73_7,25183.63,-E212,779.75,evehicle,91.49,2026-01-01 01:49:55.500000
ev1,33.23,:J73_7,25183.63,-E212,779.75,evehicle,91.46,2026-01-01 01:49:56
ev1,36.47,-arquimedes,25208.4,-E212,754.82,evehicle,91.46,2026-01-01 01:49:56.500000
ev1,39.64,-arquimedes,25213.91,-E212,749.31,evehicle,91.43,2026-01-01 01:49:57
ev1,43.7,-arquimedes,25219.98,-E212,743.24,evehicle,91.43,2026-01-01 01:49:57.500000
ev1,47.81,-arquimedes,25226.62,-E212,736.6,evehicle,91.4,2026-01-01 01:49:58
ev1,51.91,-arquimedes,25233.83,-E212,729.39,evehicle,91.37,2026-01-01 01:49:58.500000
ev1,55.08,-arquimedes,25241.48,-E212,721.74,evehicle,91.34,2026-01-01 01:49:59
ev1,59.15,-arquimedes,25249.69,-E212,713.53,evehicle,91.31,2026-01-01 01:49:59.500000
ev1,61.6,-arquimedes,25258.24,-E212,704.98,evehicle,91.29,2026-01-01 01:50:00
ev1,65.81,-arquimedes,25267.38,-E212,695.84,evehicle,91.26,2026-01-01 01:50:00.500000
ev1,68.62,-arquimedes,25276.91,-E212,686.31,evehicle,91.23,2026-01-01 01:50:01
ev1,72.36,-arquimedes,25286.96,-E212,676.26,evehicle,91.2,2026-01-01 01:50:01.500000
ev1,74.74,-arquimedes,25297.34,-E212,665.88,evehicle,91.17,2026-01-01 01:50:02
ev1,78.91,-arquimedes,25308.3,-E212,654.92,evehicle,91.14,2026-01-01 01:50:02.500000
ev1,81.72,-arquimedes,25319.65,-E212,643.57,evehicle,91.11,2026-01-01 01:50:03
ev1,84.89,-arquimedes,25331.45,-E212,631.77,evehicle,91.06,2026-01-01 01:50:03.500000
ev1,77.08,-arquimedes,25342.15,-E212,621.07,evehicle,91.14,2026-01-01 01:50:04
ev1,68.98,-arquimedes,25351.73,-E212,611.49,evehicle,91.2,2026-01-01 01:50:04.500000
ev1,61.99,-arquimedes,25360.34,-E212,602.88,evehicle,91.26,2026-01-01 01:50:05
ev1,53.89,-arquimedes,25367.82,-E212,595.4,evehicle,91.29,2026-01-01 01:50:05.500000
ev1,45.79,-arquimedes,25374.19,-E212,589.03,evehicle,91.34,2026-01-01 01:50:06
ev1,38.09,-arquimedes,25379.48,-E212,583.74,evehicle,91.37,2026-01-01 01:50:06.500000
ev1,29.99,-arquimedes,25383.64,-E212,579.58,evehicle,91.4,2026-01-01 01:50:07
ev1,21.89,:J76_5,25383.64,-E212,579.58,evehicle,91.43,2026-01-01 01:50:07.500000
ev1,26.5,:J76_13,25383.64,-E212,579.58,evehicle,91.43,2026-01-01 01:50:08
ev1,25.45,:J76_13,25383.64,-E212,579.58,evehicle,91.43,2026-01-01 01:50:08.500000
ev1,26.6,:J76_13,25383.64,-E212,579.58,evehicle,91.4,2026-01-01 01:50:09
ev1,25.31,-E112,25401.11,-E212,567.28,evehicle,91.4,2026-01-01 01:50:09.500000
ev1,28.51,-E112,25405.07,-E212,563.32,evehicle,91.4,2026-01-01 01:50:10
ev1,30.92,-E112,25409.36,-E212,559.03,evehicle,91.4,2026-01-01 01:50:10.500000
ev1,33.73,-E112,25414.05,-E212,554.34,evehicle,91.37,2026-01-01 01:50:11
ev1,36.79,-E112,25419.16,-E212,549.23,evehicle,91.37,2026-01-01 01:50:11.500000
ev1,40.93,-E112,25424.84,-E212,543.55,evehicle,91.34,2026-01-01 01:50:12
ev1,41.58,-E112,25430.62,-E212,537.77,evehicle,91.34,2026-01-01 01:50:12.500000
ev1,33.59,-E112,25435.28,-E212,533.11,evehicle,91.37,2026-01-01 01:50:13
ev1,25.49,-E112,25438.82,-E212,529.57,evehicle,91.4,2026-01-01 01:50:13.500000
ev1,17.39,-E112,25441.23,-E212,527.16,evehicle,91.43,2026-01-01 01:50:14
ev1,9.29,-E112,25442.52,-E212,525.87,evehicle,91.43,2026-01-01 01:50:14.500000
ev1,2.56,-E112,25442.88,-E212,525.51,evehicle,91.43,2026-01-01 01:50:15
ev1,0.36,-E112,25442.93,-E212,525.46,evehicle,91.43,2026-01-01 01:50:15.500000
ev1,0.04,-E112,25442.93,-E212,525.46,evehicle,91.43,2026-01-01 01:50:16
ev1,0.0,-E112,25442.93,-E212,525.46,evehicle,91.43,2026-01-01 01:50:16.500000
ev1,0.0,-E112,25442.93,-E212,525.46,evehicle,91.43,2026-01-01 01:50:17
ev1,0.0,-E112,25442.93,-E212,525.46,evehicle,91.43,2026-01-01 01:50:17.500000
ev1,0.0,-E112,25442.93,-E212,525.46,evehicle,91.43,2026-01-01 01:50:18
ev1,0.0,-E112,25442.93,-E212,525.46,evehicle,91.43,2026-01-01 01:50:18.500000
ev1,0.0,-E112,25442.93,-E212,525.46,evehicle,91.43,2026-01-01 01:50:19
ev1,0.0,-E112,25442.93,-E212,525.46,evehicle,91.43,2026-01-01 01:50:19.500000
ev1,0.0,-E112,25442.93,-E212,525.46,evehicle,91.43,2026-01-01 01:50:20
ev1,0.0,-E112,25442.93,-E212,525.46,evehicle,91.43,2026-01-01 01:50:20.500000
ev1,0.0,-E112,25442.93,-E212,525.46,evehicle,91.43,2026-01-01 01:50:21
ev1,0.0,-E112,25442.93,-E212,525.46,evehicle,91.43,2026-01-01 01:50:21.500000
ev1,0.0,-E112,25442.93,-E212,525.46,evehicle,91.43,2026-01-01 01:50:22
ev1,0.0,-E112,25442.93,-E212,525.46,evehicle,91.43,2026-01-01 01:50:22.500000
ev1,0.0,-E112,25442.93,-E212,525.46,evehicle,91.43,2026-01-01 01:50:23
ev1,0.0,-E112,25442.93,-E212,525.46,evehicle,91.43,2026-01-01 01:50:23.500000
ev1,0.0,-E112,25442.93,-E212,525.46,evehicle,91.43,2026-01-01 01:50:24
ev1,0.0,-E112,25442.93,-E212,525.46,evehicle,91.43,2026-01-01 01:50:24.500000
ev1,0.0,-E112,25442.93,-E212,525.46,evehicle,91.43,2026-01-01 01:50:25
ev1,0.0,-E112,25442.93,-E212,525.46,evehicle,91.43,2026-01-01 01:50:25.500000
ev1,0.0,-E112,25442.93,-E212,525.46,evehicle,91.43,2026-01-01 01:50:26
ev1,0.0,-E112,25442.93,-E212,525.46,evehicle,91.43,2026-01-01 01:50:26.500000
ev1,0.0,-E112,25442.93,-E212,525.46,evehicle,91.43,2026-01-01 01:50:27
ev1,0.0,-E112,25442.93,-E212,525.46,evehicle,91.43,2026-01-01 01:50:27.500000
ev1,0.0,-E112,25442.93,-E212,525.46,evehicle,91.43,2026-01-01 01:50:28
ev1,0.0,-E112,25442.93,-E212,525.46,evehicle,91.43,2026-01-01 01:50:28.500000
ev1,0.0,-E112,25442.93,-E212,525.46,evehicle,91.43,2026-01-01 01:50:29
ev1,0.0,-E112,25442.93,-E212,525.46,evehicle,91.43,2026-01-01 01:50:29.500000
ev1,0.0,-E112,25442.93,-E212,525.46,evehicle,91.43,2026-01-01 01:50:30
ev1,0.0,-E112,25442.93,-E212,525.46,evehicle,91.43,2026-01-01 01:50:30.500000
ev1,0.0,-E112,25442.93,-E212,525.46,evehicle,91.43,2026-01-01 01:50:31
ev1,0.0,-E112,25442.93,-E212,525.46,evehicle,91.43,2026-01-01 01:50:31.500000
ev1,0.0,-E112,25442.93,-E212,525.46,evehicle,91.43,2026-01-01 01:50:32
ev1,0.0,-E112,25442.93,-E212,525.46,evehicle,91.43,2026-01-01 01:50:32.500000
ev1,0.0,-E112,25442.93,-E212,525.46,evehicle,91.43,2026-01-01 01:50:33
ev1,0.0,-E112,25442.93,-E212,525.46,evehicle,91.43,2026-01-01 01:50:33.500000
ev1,0.0,-E112,25442.93,-E212,525.46,evehicle,91.43,2026-01-01 01:50:34
ev1,0.0,-E112,25442.93,-E212,525.46,evehicle,91.43,2026-01-01 01:50:34.500000
ev1,0.0,-E112,25442.93,-E212,525.46,evehicle,91.43,2026-01-01 01:50:35
ev1,0.0,-E112,25442.93,-E212,525.46,evehicle,91.43,2026-01-01 01:50:35.500000
ev1,0.0,-E112,25442.93,-E212,525.46,evehicle,91.43,2026-01-01 01:50:36
ev1,0.0,-E112,25442.93,-E212,525.46,evehicle,91.43,2026-01-01 01:50:36.500000
ev1,0.0,-E112,25442.93,-E212,525.46,evehicle,91.43,2026-01-01 01:50:37
ev1,0.0,-E112,25442.93,-E212,525.46,evehicle,91.43,2026-01-01 01:50:37.500000
ev1,0.0,-E112,25442.93,-E212,525.46,evehicle,91.43,2026-01-01 01:50:38
ev1,0.0,-E112,25442.93,-E212,525.46,evehicle,91.43,2026-01-01 01:50:38.500000
ev1,0.0,-E112,25442.93,-E212,525.46,evehicle,91.43,2026-01-01 01:50:39
ev1,0.0,-E112,25442.93,-E212,525.46,evehicle,91.43,2026-01-01 01:50:39.500000
ev1,0.0,-E112,25442.93,-E212,525.46,evehicle,91.43,2026-01-01 01:50:40
ev1,0.0,-E112,25442.93,-E212,525.46,evehicle,91.43,2026-01-01 01:50:40.500000
ev1,0.0,-E112,25442.93,-E212,525.46,evehicle,91.43,2026-01-01 01:50:41
ev1,0.0,-E112,25442.93,-E212,525.46,evehicle,91.43,2026-01-01 01:50:41.500000
ev1,0.0,-E112,25442.93,-E212,525.46,evehicle,91.43,2026-01-01 01:50:42
ev1,0.0,-E112,25442.93,-E212,525.46,evehicle,91.43,2026-01-01 01:50:42.500000
ev1,0.0,-E112,25442.93,-E212,525.46,evehicle,91.43,2026-01-01 01:50:43
ev1,0.0,-E112,25442.93,-E212,525.46,evehicle,91.43,2026-01-01 01:50:43.500000
ev1,0.0,-E112,25442.93,-E212,525.46,evehicle,91.43,2026-01-01 01:50:44
ev1,0.0,-E112,25442.93,-E212,525.46,evehicle,91.43,2026-01-01 01:50:44.500000
ev1,0.0,-E112,25442.93,-E212,525.46,evehicle,91.43,2026-01-01 01:50:45
ev1,0.0,-E112,25442.93,-E212,525.46,evehicle,91.43,2026-01-01 01:50:45.500000
ev1,0.0,-E112,25442.93,-E212,525.46,evehicle,91.43,2026-01-01 01:50:46
ev1,0.0,-E112,25442.93,-E212,525.46,evehicle,91.43,2026-01-01 01:50:46.500000
ev1,0.0,-E112,25442.93,-E212,525.46,evehicle,91.43,2026-01-01 01:50:47
ev1,0.0,-E112,25442.93,-E212,525.46,evehicle,91.43,2026-01-01 01:50:47.500000
ev1,0.0,-E112,25442.93,-E212,525.46,evehicle,91.43,2026-01-01 01:50:48
ev1,0.0,-E112,25442.93,-E212,525.46,evehicle,91.43,2026-01-01 01:50:48.500000
ev1,0.0,-E112,25442.93,-E212,525.46,evehicle,91.43,2026-01-01 01:50:49
ev1,0.0,-E112,25442.93,-E212,525.46,evehicle,91.43,2026-01-01 01:50:49.500000
ev1,0.0,-E112,25442.93,-E212,525.46,evehicle,91.43,2026-01-01 01:50:50
